term_id,term_name,pvalue,term_size,overlap,median_stat_in_set,direction,padj
GO:0006412,Translation,3.642763665244338e-33,226,226,5.165052364312589,up,1.2425466862148437e-29
GO:0042254,Ribosome Biogenesis,1.0078518457979453e-31,161,161,5.963305019704072,up,1.7188913230083957e-28
GO:0002181,Cytoplasmic Translation,2.8636854619253006e-31,99,99,6.852408332632049,up,3.2560103702090667e-28
GO:0009059,Macromolecule Biosynthetic Process,6.921303535275247e-30,180,180,5.824351028367966,up,5.902141589705967e-27
GO:0010467,Gene Expression,4.973118891624128e-28,361,361,4.673664711800468,up,3.39266170786598e-25
GO:0022613,Ribonucleoprotein Complex Biogenesis,3.984645699358349e-26,120,120,6.315083512242491,up,2.265271080085221e-23
GO:0006281,DNA Repair,1.8873991058482177e-23,294,294,4.06303756972814,up,9.197026214354673e-21
GO:0000070,Mitotic Sister Chromatid Segregation,5.600505527259616e-22,119,119,6.26185113207032,up,2.3879155441853185e-19
GO:0006396,RNA Processing,9.354474204982062e-22,286,286,4.148929339212982,up,3.5453457236882013e-19
GO:0006259,DNA Metabolic Process,2.3988949644497837e-21,292,292,4.142123584902523,up,8.182630723738213e-19
GO:0006974,DNA Damage Response,6.452974517403931e-21,414,414,3.5304395221710276,up,2.0010087344422554e-18
GO:0000398,"mRNA Splicing, via Spliceosome",1.155982283874225e-19,206,206,4.753960541280508,up,3.2858796419124845e-17
GO:0006397,mRNA Processing,1.5169541285213598e-19,220,220,4.71665275917486,up,3.980254255681814e-17
GO:0042274,Ribosomal Small Subunit Biogenesis,4.635106735945458e-19,84,84,6.425776212211262,up,1.1293106483078541e-16
GO:0000377,"RNA Splicing, via Transesterification Reactions With Bulged Adenosine as Nucleophile",1.911277572414474e-18,167,167,5.036950011296998,up,4.3462451996705133e-16
GO:0006364,rRNA Processing,4.4984223023165505e-18,110,110,5.5137172829634284,up,9.590074045751097e-16
GO:0022618,protein-RNA Complex Assembly,6.613490029089636e-15,134,134,5.352985860225187,up,1.2532563605124861e-12
GO:0016072,rRNA Metabolic Process,6.446309308140354e-15,98,98,5.5137172829634284,up,1.2532563605124861e-12
GO:0007052,Mitotic Spindle Organization,1.927437266659394e-14,89,89,6.393407706958602,up,3.4602571139869436e-12
GO:0006260,DNA Replication,1.1781390257441493e-13,70,70,6.246428771934379,up,2.0093161084066467e-11
GO:0051310,Metaphase Chromosome Alignment,1.368752432381827e-13,53,53,6.559170901622821,up,2.2232450223116247e-11
GO:0006325,Chromatin Organization,3.475639952568737e-13,301,301,3.517406423395641,up,5.388821762823619e-11
GO:0009062,Fatty Acid Catabolic Process,4.074323629544407e-13,57,57,-3.952409231374944,down,5.563392558085732e-11
GO:0019395,Fatty Acid Oxidation,4.077537788101533e-13,49,49,-4.761130339222315,down,5.563392558085732e-11
GO:0090068,Positive Regulation of Cell Cycle Process,4.005977375100936e-13,104,104,5.565097328566763,up,5.563392558085732e-11
GO:0006635,Fatty Acid Beta-Oxidation,5.24000817448592e-13,48,48,-4.802636869105262,down,6.874487647373644e-11
GO:0006886,Intracellular Protein Transport,1.1154887518251684e-12,317,317,3.086010920536832,up,1.4092341231391292e-10
GO:0006302,Double-Strand Break Repair,1.6754344960522064e-12,169,169,3.976274699072953,up,2.0410382378693129e-10
GO:0006631,Fatty Acid Metabolic Process,2.488541882931893e-12,120,120,-2.610579350787089,down,2.927040125062306e-10
GO:0006261,DNA-templated DNA Replication,3.846994151327226e-12,52,52,6.873199218770481,up,4.3740323500590555e-10
GO:0007080,Mitotic Metaphase Chromosome Alignment,5.832797946178333e-12,56,56,6.41051101684657,up,6.41795928852074e-10
GO:0140014,Mitotic Nuclear Division,7.782700402667805e-12,47,47,8.743144074388065,up,8.295872210468714e-10
GO:0000819,Sister Chromatid Segregation,1.181967795550866e-11,36,36,9.55709066557922,up,1.2217248941284862e-09
GO:0010564,Regulation of Cell Cycle Process,1.9655448575441285e-11,140,140,4.336691618619392,up,1.9719039732597123e-09
GO:0032787,Monocarboxylic Acid Metabolic Process,4.843598437348557e-11,122,122,-1.9324698328965,down,4.720432648513122e-09
GO:0071174,Mitotic Spindle Checkpoint Signaling,1.0525788322594917e-10,27,27,13.082266027978752,up,9.448279991676648e-09
GO:0071173,Spindle Assembly Checkpoint Signaling,1.0525788322594917e-10,27,27,13.082266027978752,up,9.448279991676648e-09
GO:0007094,Mitotic Spindle Assembly Checkpoint Signaling,1.0525788322594917e-10,27,27,13.082266027978752,up,9.448279991676648e-09
GO:0006282,Regulation of DNA Repair,1.7660967374185805e-10,128,128,4.127881524984753,up,1.544655377265328e-08
GO:0045841,Negative Regulation of Mitotic Metaphase/Anaphase Transition,2.098107718771303e-10,29,29,12.903967762401368,up,1.789161357182229e-08
GO:0000724,Double-Strand Break Repair via Homologous Recombination,2.6871371057849546e-10,111,111,4.155371953335627,up,2.2355669921542633e-08
GO:1901992,Positive Regulation of Mitotic Cell Cycle Phase Transition,2.8881572504607967e-10,62,62,6.392427272045456,up,2.3455962812670898e-08
GO:1902850,Microtubule Cytoskeleton Organization Involved in Mitosis,3.3386105771479164e-10,58,58,7.041990634915548,up,2.6483722508491962e-08
GO:0042273,Ribosomal Large Subunit Biogenesis,7.384544655125056e-10,46,46,5.63712343975431,up,5.724700413325356e-08
GO:0030490,Maturation of SSU-rRNA,1.6545446162633386e-09,38,38,6.133785355320233,up,1.2541448191276107e-07
GO:0000387,Spliceosomal snRNP Assembly,2.0824610228893856e-09,37,37,6.455844245324588,up,1.5441901193642813e-07
GO:0008380,RNA Splicing,2.9703147975710066e-09,90,90,4.087963092564617,up,2.1556901647903625e-07
GO:0051726,Regulation of Cell Cycle,3.5294579082167602e-09,304,304,3.2568417849712445,up,2.508121026026535e-07
GO:1901990,Regulation of Mitotic Cell Cycle Phase Transition,5.501855587134034e-09,86,86,4.4044402654255,up,3.8299651852477937e-07
GO:0044772,Mitotic Cell Cycle Phase Transition,1.0292404542809312e-08,111,111,3.6120563242360273,up,7.021478379104513e-07
GO:0008202,Steroid Metabolic Process,1.3097888403909658e-08,98,98,-2.8840869095092065,down,8.760175950144283e-07
GO:0034728,Nucleosome Organization,1.4595529427812918e-08,66,66,5.588516556280339,up,9.57410593812882e-07
GO:0006417,Regulation of Translation,1.927906463958083e-08,194,194,3.5923968254102587,up,1.2407714997284946e-06
GO:2000573,Positive Regulation of DNA Biosynthetic Process,2.3307146918126525e-08,40,40,6.963944802408079,up,1.4722347803283255e-06
GO:0000462,Maturation of SSU-rRNA Frm Tricistronic rRNA Trnscpt,2.9383269258685747e-08,27,27,7.187405493567054,up,1.822296935297765e-06
GO:0002183,Cytoplasmic Translational Initiation,3.4794509371797886e-08,34,34,5.7032301430009,up,2.119358419057189e-06
GO:0051225,Spindle Assembly,4.4605816388723236e-08,73,73,4.511852153822703,up,2.62328344313681e-06
GO:0007608,Sensory Perception of Smell,4.449316846007632e-08,51,51,-2.631433578362066,down,2.62328344313681e-06
GO:0006334,Nucleosome Assembly,4.743152027822384e-08,46,46,6.024197201936232,up,2.742185011339348e-06
GO:0045739,Positive Regulation of DNA Repair,5.037675238869389e-08,90,90,3.843010543788084,up,2.8639183732972474e-06
GO:0051052,Regulation of DNA Metabolic Process,5.2740419490131895e-08,116,116,4.048476063738622,up,2.949140506243277e-06
GO:0000086,G2/M Transition of Mitotic Cell Cycle,8.080788106555515e-08,40,40,6.052046621567323,up,4.445736811525945e-06
GO:0090307,Mitotic Spindle Assembly,8.684164413017714e-08,46,46,5.386612074149248,up,4.70185473219102e-06
GO:0140053,Mitochondrial Gene Expression,8.83383578107326e-08,100,100,3.9122235022502228,up,4.708158413943889e-06
GO:0044839,Cell Cycle G2/M Phase Transition,9.780664270777845e-08,43,43,5.90489514888129,up,5.076424630573365e-06
GO:0051054,Positive Regulation of DNA Metabolic Process,9.822457508585227e-08,107,107,3.517406423395641,up,5.076424630573365e-06
GO:0080135,Regulation of Cellular Response to Stress,1.029057289082214e-07,110,110,3.94850866079402,up,5.2389767359096e-06
GO:0036297,Interstrand Cross-Link Repair,1.1236243247915243e-07,38,38,6.209981829438456,up,5.564432421145104e-06
GO:0000470,Maturation of LSU-rRNA,1.1256107800029674e-07,23,23,7.369894368271252,up,5.564432421145104e-06
GO:0001523,Retinoid Metabolic Process,1.2228734200929776e-07,56,56,-2.545729140852048,down,5.9588874799102096e-06
GO:0044818,Mitotic G2/M Transition Checkpoint,1.472267214935502e-07,46,46,5.208518912034017,up,7.073103479077462e-06
GO:0044773,Mitotic DNA Damage Checkpoint Signaling,1.8879138430953594e-07,58,58,4.459044506182047,up,8.943991831664266e-06
GO:0007095,Mitotic G2 DNA Damage Checkpoint Signaling,2.0698399279925681e-07,30,30,5.666902277531048,up,9.671539718332399e-06
GO:0065004,protein-DNA Complex Assembly,2.2257179431702692e-07,52,52,5.588516556280339,up,1.0259356627234848e-05
GO:0006629,Lipid Metabolic Process,2.3088883294373772e-07,239,239,-0.6393866616817356,down,1.050082412228119e-05
GO:0034504,Protein Localization to Nucleus,2.4467348604168686e-07,126,126,3.4135062462464507,up,1.0981332380107814e-05
GO:0007346,Regulation of Mitotic Cell Cycle,2.513029494693461e-07,123,123,3.293855639018925,up,1.1132394294025188e-05
GO:0030071,Regulation of Mitotic Metaphase/Anaphase Transition,2.5532028952193384e-07,51,51,4.874034082492756,up,1.1165352661016875e-05
GO:0072330,Monocarboxylic Acid Biosynthetic Process,3.003133290555814e-07,60,60,-2.9079304007440383,down,1.2868653606383701e-05
GO:0031507,Heterochromatin Formation,3.0181538801251717e-07,61,61,5.188913875710908,up,1.2868653606383701e-05
GO:0051084,'De Novo' Post-Translational Protein Folding,3.1961298217045046e-07,36,36,5.525867889488154,up,1.3459257804733415e-05
GO:0006366,Transcription by RNA Polymerase II,3.418833859228191e-07,185,185,3.5522748388152694,up,1.4221514992472388e-05
GO:1903241,U2-type Prespliceosome Assembly,3.7028173783248744e-07,23,23,7.139316272541036,up,1.5217241057188128e-05
GO:0010971,Positive Regulation of G2/M Transition of Mitotic Cell Cycle,3.9325181545234606e-07,19,19,10.121308222584195,up,1.5968832648904195e-05
GO:0045727,Positive Regulation of Translation,4.6480934847775835e-07,101,101,4.427949178979409,up,1.8652525737148633e-05
GO:0019369,Arachidonate Metabolic Process,4.744802600990258e-07,43,43,-2.546780254499529,down,1.881921124648578e-05
GO:0000727,Double-Strand Break Repair via Break-Induced Replication,5.695763267670459e-07,10,10,12.62963276888527,up,2.2331320121866596e-05
GO:0010569,Regulation of Double-Strand Break Repair via Homologous Recombination,7.2007867788865e-07,79,79,4.409229347673066,up,2.759762213795714e-05
GO:0009083,Branched-Chain Amino Acid Catabolic Process,7.126109289304175e-07,18,18,-6.451041454209967,down,2.759762213795714e-05
GO:0006310,DNA Recombination,7.363178280355102e-07,43,43,5.1493578206247,up,2.7906445682545834e-05
GO:0019373,Epoxygenase P450 Pathway,7.855972829023334e-07,16,16,-7.382668536401896,down,2.9446948703075377e-05
GO:0043648,Dicarboxylic Acid Metabolic Process,8.823642225428393e-07,54,54,-2.089682613498296,down,3.271461264232201e-05
GO:0000281,Mitotic Cytokinesis,9.031398848512443e-07,61,61,4.730591318391028,up,3.312484029276983e-05
GO:0045814,"Negative Regulation of Gene Expression, Epigenetic",9.74096333787689e-07,95,95,3.3557220500588305,up,3.5347261644146885e-05
GO:0051294,Establishment of Spindle Orientation,1.0366612115837901e-06,40,40,4.604126759653328,up,3.683386867408654e-05
GO:0050911,Detection of Chemical Stimulus Involved in Sensory Perception of Smell,1.0292703904489762e-06,30,30,-3.2390315258381754,down,3.683386867408654e-05
GO:0001676,Long-Chain Fatty Acid Metabolic Process,1.1261077743597793e-06,75,75,-2.103082196997794,down,3.959952183856915e-05
GO:0006418,tRNA Aminoacylation for Protein Translation,1.2191256860354993e-06,36,36,4.940315140849854,up,4.243303790884784e-05
GO:0007088,Regulation of Mitotic Nuclear Division,1.2511075847820693e-06,52,52,4.946232988316176,up,4.3106343148400384e-05
GO:0090266,Regulation of Mitotic Cell Cycle Spindle Assembly Checkpoint,1.3987461139112805e-06,20,20,9.921621829912297,up,4.771122994551378e-05
GO:1902751,Positive Regulation of Cell Cycle G2/M Phase Transition,1.417394027605308e-06,22,22,9.036756956586915,up,4.7868624041205005e-05
GO:0008210,Estrogen Metabolic Process,1.4783225687246007e-06,29,29,-3.943445236910128,down,4.943684590117268e-05
GO:0006351,DNA-templated Transcription,1.5551169926277825e-06,193,193,3.1287255879558216,up,5.150003943546957e-05
GO:0006275,Regulation of DNA Replication,1.6626712426286446e-06,72,72,3.8682444093569686,up,5.4532419313522176e-05
GO:0050907,Detection of Chemical Stimulus Involved in Sensory Perception,1.7087121854561964e-06,33,33,-2.9167870642997773,down,5.5508735853248436e-05
GO:0006338,Chromatin Remodeling,1.765428298519864e-06,252,252,2.8834627534586836,up,5.6810150247653355e-05
GO:1901970,Positive Regulation of Mitotic Sister Chromatid Separation,1.8895166400169469e-06,15,15,11.626018037481009,up,6.0234965038297246e-05
GO:0006405,RNA Export From Nucleus,1.9115339075400323e-06,66,66,4.789789543901483,up,6.037261257980602e-05
GO:0170040,Proteinogenic Amino Acid Catabolic Process,1.970366853341861e-06,15,15,-3.7927934383751976,down,6.165982877751457e-05
GO:0051783,Regulation of Nuclear Division,2.1845117423442296e-06,19,19,7.4696452191362015,up,6.773972321032879e-05
GO:0071459,"Protein Localization to Chromosome, Centromeric Region",2.2149403521609846e-06,17,17,9.30243370605721,up,6.806451838937944e-05
GO:0000725,Recombinational Repair,2.2969541124292604e-06,99,99,3.4360360367075384,up,6.995455783478756e-05
GO:0042255,Ribosome Assembly,4.192169621571823e-06,40,40,6.02375962940096,up,0.00012654416441753528
GO:0007167,Enzyme-Linked Receptor Protein Signaling Pathway,4.363623278051999e-06,116,116,-0.8520260246344151,down,0.0001294288608820467
GO:0032543,Mitochondrial Translation,4.363058412057424e-06,94,94,3.7582927917484064,up,0.0001294288608820467
GO:0043161,Proteasome-Mediated Ubiquitin-Dependent Protein Catabolic Process,5.785168442486821e-06,311,311,2.862480704484576,up,0.00016911630932528338
GO:0022616,DNA Strand Elongation,5.80082327500972e-06,12,12,11.375137333025613,up,0.00016911630932528338
GO:0033539,Fatty Acid Beta-Oxidation Using acyl-CoA Dehydrogenase,6.043819367149579e-06,10,10,-7.849552081670602,down,0.00017470735475717982
GO:1903027,Regulation of Opsonization,6.688271019855299e-06,10,10,-6.698629291781973,down,0.00019171170124980191
GO:0051170,Import Into Nucleus,7.145586950861273e-06,74,74,3.755774444142161,up,0.00020311330907823167
GO:0006626,Protein Targeting to Mitochondrion,7.43154086449343e-06,58,58,3.9265169595181497,up,0.0002067821101350443
GO:0031570,DNA Integrity Checkpoint Signaling,7.435917202224252e-06,44,44,4.991340685685695,up,0.0002067821101350443
GO:0051303,Establishment of Chromosome Localization,7.456522880859118e-06,16,16,10.502692574722825,up,0.0002067821101350443
GO:0030174,Regulation of DNA-templated DNA Replication Initiation,8.155828607494145e-06,12,12,13.978238771909403,up,0.00022435105951743972
GO:1904666,Regulation of Ubiquitin Protein Ligase Activity,8.645703431557397e-06,17,17,8.033422132765766,up,0.00022594034172907177
GO:0001510,RNA Methylation,8.677274924218235e-06,49,49,4.693001624950719,up,0.00022594034172907177
GO:0097267,Omega-Hydroxylase P450 Pathway,8.55930599010821e-06,11,11,-7.618770679909613,down,0.00022594034172907177
GO:0016070,RNA Metabolic Process,8.676826907632194e-06,62,62,4.06216842341837,up,0.00022594034172907177
GO:0006270,DNA Replication Initiation,8.558149118583418e-06,19,19,10.934599539233307,up,0.00022594034172907177
GO:0045048,Protein Insertion Into ER Membrane,8.675770985516318e-06,30,30,4.550761153291736,up,0.00022594034172907177
GO:0032774,RNA Biosynthetic Process,8.671008233181446e-06,127,127,3.0146184876731352,up,0.00022594034172907177
GO:0019221,Cytokine-Mediated Signaling Pathway,8.831869074468583e-06,226,226,-0.18739724368013835,down,0.00022822352585615409
GO:0098813,Nuclear Chromosome Segregation,9.356517718773691e-06,16,16,11.249138695328853,up,0.0002399630220957674
GO:0000723,Telomere Maintenance,1.0459446425059125e-05,70,70,3.563515642602054,up,0.0002662475504169901
GO:0010498,Proteasomal Protein Catabolic Process,1.0604789516629508e-05,340,340,2.7993713019919806,up,0.0002679476817868389
GO:0170035,L-amino Acid Catabolic Process,1.0966967208063025e-05,13,13,-5.469768061385508,down,0.00027107481990364476
GO:0051169,Nuclear Transport,1.0949141988776254e-05,37,37,4.807888550864312,up,0.00027107481990364476
GO:0042572,Retinol Metabolic Process,1.094562949682436e-05,20,20,-5.758989457642612,down,0.00027107481990364476
GO:0051988,Regulation of Attachment of Spindle Microtubules to Kinetochore,1.1354409582246047e-05,13,13,10.233053923579153,up,0.00027863230996432565
GO:0032467,Positive Regulation of Cytokinesis,1.1657399798050608e-05,30,30,5.645728095651929,up,0.00028402421936536156
GO:0006367,Transcription Initiation at RNA Polymerase II Promoter,1.1747563336729274e-05,111,111,3.5668970333445733,up,0.00028419105348640816
GO:0009074,Aromatic Amino Acid Family Catabolic Process,1.2106250170204108e-05,17,17,-5.849706335972992,down,0.00029080576993356487
GO:0032986,protein-DNA Complex Disassembly,1.5038701264297102e-05,20,20,6.925658997783231,up,0.0003569734444304329
GO:0032465,Regulation of Cytokinesis,1.5070119026086877e-05,71,71,3.897980912248261,up,0.0003569734444304329
GO:0071345,Cellular Response to Cytokine Stimulus,1.5660851593476898e-05,266,266,-0.025906295223761096,down,0.0003684080330024117
GO:0000132,Establishment of Mitotic Spindle Orientation,1.6016092178338666e-05,31,31,4.208241381330277,up,0.00037418418096104927
GO:0040001,Establishment of Mitotic Spindle Localization,1.6233082798619105e-05,36,36,4.172496543354235,up,0.00037472404772703977
GO:1901606,Alpha-Amino Acid Catabolic Process,1.6258914999590116e-05,22,22,-4.589404683921025,down,0.00037472404772703977
GO:0010389,Regulation of G2/M Transition of Mitotic Cell Cycle,1.7041594670890216e-05,35,35,6.639795185235614,up,0.0003901267075329297
GO:0006337,Nucleosome Disassembly,1.7281709488442798e-05,18,18,6.925658997783231,up,0.0003929860737671892
GO:0045911,Positive Regulation of DNA Recombination,1.8375820366280054e-05,55,55,4.417761439356808,up,0.0004150988295985514
GO:1904872,Regulation of Telomerase RNA Localization to Cajal Body,1.898663416517842e-05,11,11,8.070217917008154,up,0.00042607506011462887
GO:0006913,Nucleocytoplasmic Transport,2.0472430617151444e-05,49,49,4.378672537370972,up,0.00045641477670002335
GO:0006271,DNA Strand Elongation Involved in DNA Replication,2.0672932450725714e-05,12,12,10.73153179517794,up,0.0004578920298014637
GO:0006520,Amino Acid Metabolic Process,2.0901099740028894e-05,24,24,-2.881604837546896,down,0.00045995904008541005
GO:0009063,Amino Acid Catabolic Process,2.195286484280474e-05,17,17,-5.641514196347109,down,0.0004800078331974806
GO:0032200,Telomere Organization,2.3288897304368708e-05,58,58,3.345614034708528,up,0.0005059772528993737
GO:1901605,Alpha-Amino Acid Metabolic Process,2.3482060019059804e-05,25,25,-4.32174842995658,down,0.0005069449792722341
GO:0034501,Protein Localization to Kinetochore,2.4035034797008946e-05,11,11,9.916815973714415,up,0.0005156195200792297
GO:0060236,Regulation of Mitotic Spindle Organization,2.50171959925506e-05,41,41,5.513575292161563,up,0.0005333353470661881
GO:0090169,Regulation of Spindle Assembly,2.8614429450736803e-05,31,31,6.016456021134746,up,0.0006024927089905138
GO:0010965,Regulation of Mitotic Sister Chromatid Separation,2.860135326881964e-05,12,12,9.921621829912297,up,0.0006024927089905138
GO:0045842,Positive Regulation of Mitotic Metaphase/Anaphase Transition,2.9952944898346274e-05,13,13,9.09659692442932,up,0.0006268067180874794
GO:2000059,Negative Regulation of Ubiquitin-Dependent Protein Catabolic Process,3.0183274357867153e-05,41,41,4.251064631960665,up,0.0006277752977724686
GO:2000781,Positive Regulation of Double-Strand Break Repair,3.072118407914232e-05,93,93,3.873305043372274,up,0.0006350906599633604
GO:0043410,Positive Regulation of MAPK Cascade,3.304655896188793e-05,332,332,0.0515025607494146,down,0.0006790470639698779
GO:0042573,Retinoic Acid Metabolic Process,3.400661401116595e-05,23,23,-5.157683490897376,down,0.0006943852713670672
GO:0072594,Establishment of Protein Localization to Organelle,3.420015408668053e-05,89,89,3.446729857882962,up,0.0006943852713670672
GO:0010212,Response to Ionizing Radiation,3.451525984742324e-05,70,70,3.598139744408151,up,0.0006966363984589388
GO:0006511,Ubiquitin-Dependent Protein Catabolic Process,3.476556803578827e-05,421,421,2.460316970035532,up,0.0006975608974710223
GO:0090329,Regulation of DNA-templated DNA Replication,3.5032655917470606e-05,17,17,11.516775899848458,up,0.0006988092943537558
GO:0046686,Response to Cadmium Ion,3.5989345407606675e-05,13,13,-9.948732486196672,down,0.0007137189371241068
GO:0000245,Spliceosomal Complex Assembly,3.69294235464815e-05,63,63,4.86223669390254,up,0.0007281286920060602
GO:0007008,Outer Mitochondrial Membrane Organization,4.553628180567286e-05,13,13,7.961179017546201,up,0.0008825241888588076
GO:0045040,Protein Insertion Into Mitochondrial Outer Membrane,4.553628180567286e-05,13,13,7.961179017546201,up,0.0008825241888588076
GO:0040029,Epigenetic Regulation of Gene Expression,4.511071033860407e-05,58,58,4.5756152193591415,up,0.0008825241888588076
GO:0006637,acyl-CoA Metabolic Process,4.809932849287284e-05,31,31,-3.586386966656518,down,0.0009269311270575664
GO:0140694,Membraneless Organelle Assembly,5.079550655150544e-05,135,135,2.884177938142703,up,0.000973390296894298
GO:0042178,Xenobiotic Catabolic Process,5.3961041056679704e-05,21,21,-4.704643040246944,down,0.0010282743633761701
GO:0070374,Positive Regulation of ERK1 and ERK2 Cascade,5.44347428938318e-05,146,146,-0.35329137717833603,down,0.0010315383778381126
GO:0010948,Negative Regulation of Cell Cycle Process,5.490536792811549e-05,34,34,3.947333415100436,up,0.0010347083425569167
GO:0010506,Regulation of Autophagy,5.5956547032896e-05,226,226,2.7119797757606507,up,0.001042993343875455
GO:0006446,Regulation of Translational Initiation,5.586151481545807e-05,63,63,3.841973440400469,up,0.001042993343875455
GO:0016071,mRNA Metabolic Process,5.683126307602066e-05,97,97,3.874573971756176,up,0.0010535404258277526
GO:0070372,Regulation of ERK1 and ERK2 Cascade,6.0525512810306366e-05,211,211,-0.2310793715976954,down,0.0011159595902484054
GO:0061640,Cytoskeleton-Dependent Cytokinesis,6.233377055564859e-05,83,83,3.5400476319226546,up,0.0011431209213189103
GO:1901836,Regulation of Transcription of Nucleolar Large rRNA by RNA Polymerase I,6.679382190622733e-05,13,13,6.88492625010768,up,0.0012169915407155266
GO:2000779,Regulation of Double-Strand Break Repair,6.7075464571832e-05,89,89,3.554094459646421,up,0.0012169915407155266
GO:0031297,Replication Fork Processing,6.745599020902755e-05,46,46,4.282300650504347,up,0.0012174200137724496
GO:0043039,tRNA Aminoacylation,7.17851789477793e-05,22,22,4.940315140849854,up,0.0012887328704782907
GO:0002699,Positive Regulation of Immune Effector Process,7.254571824757152e-05,33,33,-2.304776229004293,down,0.0012955677745678871
GO:0090151,Establishment of Protein Localization to Mitochondrial Membrane,7.796431185874646e-05,28,28,5.456959940295624,up,0.0013850847278655425
GO:1903490,Positive Regulation of Mitotic Cytokinesis,8.660250893339767e-05,11,11,11.626018037481009,up,0.0015279600059420926
GO:1903083,Protein Localization to Condensed Chromosome,8.690244536873819e-05,10,10,9.548726328235134,up,0.0015279600059420926
GO:0070934,CRD-mediated mRNA Stabilization,8.775673064967233e-05,10,10,8.34485953093986,up,0.0015350677345950376
GO:0071168,Protein Localization to Chromatin,8.928185337547361e-05,31,31,5.775550560502404,up,0.0015537775605292882
GO:0170044,Non-Proteinogenic Amino Acid Catabolic Process,9.105041551475305e-05,13,13,-5.195029575790805,down,0.0015765125244711809
GO:0000463,Maturation of LSU-rRNA Frm Tricistronic rRNA Trnscpt,9.176170327743339e-05,15,15,7.369894368271252,up,0.0015808038882794207
GO:1901796,Regulation of Signal Transduction by P53 Class Mediator,9.50003086653189e-05,54,54,4.724987879556955,up,0.0016283721249115716
GO:0000076,DNA Replication Checkpoint Signaling,0.00011415910219062131,18,18,5.778336876233176,up,0.0019469834878610465
GO:1903321,Negative Regulation of Protein Modification by Small Protein Conjugation or Removal,0.0001221099357910058,55,55,4.072584677992324,up,0.002072223835736919
GO:0044089,Positive Regulation of Cellular Component Biogenesis,0.00012401407372991064,90,90,3.142511977404144,up,0.002094118839072897
GO:0045833,Negative Regulation of Lipid Metabolic Process,0.0001278611334844349,29,29,-2.710546982214332,down,0.002148444957218756
GO:0002220,Innate Immune Response Activating Cell Surface Receptor Signaling Pathway,0.00013152648153951752,28,28,-2.901939451016575,down,0.0021992001398592857
GO:0051276,Chromosome Organization,0.00013739286289396116,38,38,6.56394520230835,up,0.002286083196738056
GO:1902806,Regulation of Cell Cycle G1/S Phase Transition,0.00014046360977931514,75,75,3.709428531800943,up,0.0023258319075594364
GO:0007042,Lysosomal Lumen Acidification,0.0001450462592686908,20,20,5.73355947204317,up,0.0023901100983840786
GO:0006699,Bile Acid Biosynthetic Process,0.0001659253108981656,25,25,-2.964671065897739,down,0.0027210155551617445
GO:0030195,Negative Regulation of Blood Coagulation,0.00016767662210812468,27,27,-3.879581090336493,down,0.002723547419099111
GO:0051315,Attachment of Mitotic Spindle Microtubules to Kinetochore,0.0001674416778038672,16,16,9.515790484759208,up,0.002723547419099111
GO:0009081,Branched-Chain Amino Acid Metabolic Process,0.00017337096063082367,16,16,-5.361042780206448,down,0.0028026935863115616
GO:0032446,Protein Modification by Small Protein Conjugation,0.0001821072350254872,304,304,2.4085394430729066,up,0.002930036691848759
GO:0010968,Regulation of Microtubule Nucleation,0.00018710831034438394,18,18,5.35077352793463,up,0.0029963682938248526
GO:0008104,Protein Localization,0.00019216832638759067,354,354,2.2574700122357516,up,0.003063019445364821
GO:0015850,Organic Hydroxy Compound Transport,0.0002085337097975232,48,48,-2.6462410149838282,down,0.003308411554043496
GO:0007096,Regulation of Exit From Mitosis,0.00022761240025374486,14,14,6.235061225636878,up,0.003563336076994486
GO:0050821,Protein Stabilization,0.0002257461219181783,204,204,2.7260602701430052,up,0.003563336076994486
GO:0007035,Vacuolar Acidification,0.00022773593221483377,30,30,4.11680986443727,up,0.003563336076994486
GO:0051984,Positive Regulation of Chromosome Segregation,0.00023131395433673512,18,18,9.2301514330948,up,0.003602794055902299
GO:0000466,Maturation of 5.8S rRNA Frm Tricistronic rRNA Trnscpt,0.0002397020324526003,19,19,5.599748987770585,up,0.0037164710577082707
GO:1904358,Positive Regulation of Telomere Maintenance via Telomere Lengthening,0.0002443717546822243,24,24,5.895656978297879,up,0.003771728756656412
GO:0006839,Mitochondrial Transport,0.00025952038348987745,42,42,4.018438440549655,up,0.003987495621999874
GO:0090435,Protein Localization to Nuclear Envelope,0.0002726698484282512,10,10,11.62077130935831,up,0.00417074821968056
GO:0006997,Nucleus Organization,0.00027430901351484385,52,52,3.6048032603901343,up,0.004177089487049698
GO:0007093,Mitotic Cell Cycle Checkpoint Signaling,0.000281341908516983,25,25,4.615391475606975,up,0.004265143333117462
GO:0000154,rRNA Modification,0.00029294883408168926,18,18,6.352135675004035,up,0.004421453420586911
GO:0042176,Regulation of Protein Catabolic Process,0.0003103588684109232,118,118,2.7456305315836187,up,0.004643132018200259
GO:0006103,2-Oxoglutarate Metabolic Process,0.00031027784455473943,15,15,-3.287997308602808,down,0.004643132018200259
GO:0071294,Cellular Response to Zinc Ion,0.0003136391745288534,12,12,-10.321998646612435,down,0.0046717171367594715
GO:0042770,Signal Transduction in Response to DNA Damage,0.00032340729898658343,76,76,3.3829200339314762,up,0.0047962708558401575
GO:0034308,Primary Alcohol Metabolic Process,0.0003485721984170923,43,43,-1.2092836549199448,down,0.005127269834615055
GO:0097696,Cell Surface Receptor Signaling Pathway via STAT,0.00034873251293775806,47,47,-1.5144404762985195,down,0.005127269834615055
GO:0051085,Chaperone Cofactor-Dependent Protein Refolding,0.0003507115983959788,25,25,4.726579164437735,up,0.0051342371765179555
GO:0051248,Negative Regulation of Protein Metabolic Process,0.0003542034416163808,135,135,3.559871720366825,up,0.005163196322023398
GO:0006301,Postreplication Repair,0.0003622938006541385,22,22,5.4462956302822665,up,0.005258655974601134
GO:0032210,Regulation of Telomere Maintenance via Telomerase,0.0003783489793586379,43,43,4.188152451320596,up,0.005468425290645398
GO:0032388,Positive Regulation of Intracellular Transport,0.0003820268508759298,49,49,4.0204009274849,up,0.005498285182859902
GO:0072384,Organelle Transport Along Microtubule,0.00041906405053389643,41,41,4.179059875740425,up,0.006005997799878659
GO:0000244,Spliceosomal tri-snRNP Complex Assembly,0.00043749701137135467,14,14,6.29276392050159,up,0.006243942702040548
GO:0006352,DNA-templated Transcription Initiation,0.00045414740668903945,62,62,2.9903456405497817,up,0.006429294886928772
GO:0141188,Nucleic Acid Catabolic Process,0.0004542539043535134,39,39,4.356106779549393,up,0.006429294886928772
GO:0072655,Establishment of Protein Localization to Mitochondrion,0.00046598082753587913,43,43,3.814129747626987,up,0.006540990134670303
GO:1902101,Positive Regulation of Metaphase/Anaphase Transition of Cell Cycle,0.0004650885670130857,11,11,5.839756104079584,up,0.006540990134670303
GO:0035825,Homologous Recombination,0.00047016684739394754,10,10,6.83563027110748,up,0.006545873944737776
GO:0034502,Protein Localization to Chromosome,0.00047012625564463574,48,48,3.4210558711190435,up,0.006545873944737776
GO:0051987,Positive Regulation of Attachment of Spindle Microtubules to Kinetochore,0.00048001432489654816,10,10,10.32477477765536,up,0.006633095809292107
GO:0010043,Response to Zinc Ion,0.0004803209219862652,23,23,-4.145724207667752,down,0.006633095809292107
GO:0000028,Ribosomal Small Subunit Assembly,0.0005028326588037475,15,15,6.724084168338576,up,0.006888201603130854
GO:0032212,Positive Regulation of Telomere Maintenance via Telomerase,0.0005016329138422706,21,21,6.963543093843218,up,0.006888201603130854
GO:1905168,Positive Regulation of Double-Strand Break Repair via Homologous Recombination,0.0005101239310559938,41,41,4.394631654666212,up,0.006960130915327979
GO:2001252,Positive Regulation of Chromosome Organization,0.0005333421415426411,46,46,3.991844850417482,up,0.00724792846534641
GO:0001732,Formation of Cytoplasmic Translation Initiation Complex,0.0005549184348080809,13,13,5.72973923281211,up,0.007511217385437952
GO:0000460,Maturation of 5.8S rRNA,0.0005749419446260089,17,17,6.427732398326388,up,0.007729353190422491
GO:0006406,mRNA Export From Nucleus,0.0005755660247338941,59,59,4.362426239283183,up,0.007729353190422491
GO:0031397,Negative Regulation of Protein Ubiquitination,0.0005932990221857149,50,50,3.259326142846972,up,0.007926447534598419
GO:0031468,Nuclear Membrane Reassembly,0.0005948902283369086,23,23,4.211146688825237,up,0.007926447534598419
GO:0034243,Regulation of Transcription Elongation by RNA Polymerase II,0.0006022080278280552,79,79,3.5668970333445733,up,0.007992729894636173
GO:0002295,T-helper Cell Lineage Commitment,0.000624335788885435,12,12,-2.5854222731193213,down,0.008254299906543484
GO:1902969,Mitotic DNA Replication,0.0006332878895723904,10,10,12.330802556582931,up,0.008308249966659322
GO:0051444,Negative Regulation of Ubiquitin-Protein Transferase Activity,0.0006326922722307482,11,11,8.01415274467457,up,0.008308249966659322
GO:0006986,Response to Unfolded Protein,0.000635902213503738,43,43,4.20395048705868,up,0.008310584100617817
GO:2000780,Negative Regulation of Double-Strand Break Repair,0.0006413478268824814,36,36,5.314882490753735,up,0.008349761211817344
GO:0050995,Negative Regulation of Lipid Catabolic Process,0.0006617202044055058,17,17,-3.8107731530957,down,0.008582234286034907
GO:0042417,Dopamine Metabolic Process,0.0006895787994426134,16,16,-3.919983156835819,down,0.008876050131693413
GO:0090670,RNA Localization to Cajal Body,0.0006893805793756611,10,10,7.517282213990547,up,0.008876050131693413
GO:0072539,T-helper 17 Cell Differentiation,0.0006978404581774536,10,10,-2.5854222731193213,down,0.008948623318959754
GO:0031396,Regulation of Protein Ubiquitination,0.0007199682864777296,111,111,3.223228795368333,up,0.009197797098035716
GO:0070925,Organelle Assembly,0.0007259997545122673,334,334,2.0243987730040915,up,0.009240243144184118
GO:0034508,Centromere Complex Assembly,0.0007289559216065351,15,15,10.133125796268953,up,0.009243377875836026
GO:0006890,"Retrograde Vesicle-Mediated Transport, Golgi to Endoplasmic Reticulum",0.0007586677658413814,46,46,3.548618766980521,up,0.00958450277512945
GO:0015031,Protein Transport,0.0007710460154506876,298,298,2.2325104884351434,up,0.00970493711698264
GO:0090232,Positive Regulation of Spindle Checkpoint,0.0007747241704985063,11,11,9.818537479314752,up,0.009715382888126489
GO:0019752,Carboxylic Acid Metabolic Process,0.000790866412842237,36,36,-1.8655304987618992,down,0.00988148474067718
GO:1902600,Proton Transmembrane Transport,0.0007991232951032627,45,45,2.668476703614494,up,0.009948210071522733
GO:0000209,Protein Polyubiquitination,0.0008124368571995131,223,223,2.5689270609900845,up,0.010077171345118324
GO:1905820,Positive Regulation of Chromosome Separation,0.0008308211209632474,13,13,10.593204020888429,up,0.010230797269334428
GO:0006298,Mismatch Repair,0.000828507676278322,24,24,4.480806500472948,up,0.010230797269334428
GO:0006953,Acute-Phase Response,0.0008358436722291615,12,12,-2.5845093163165904,down,0.010255621460336942
GO:0090181,Regulation of Cholesterol Metabolic Process,0.0008417011838516842,24,24,-2.6921928494691265,down,0.010290475763864139
GO:0006641,Triglyceride Metabolic Process,0.0009346897935387814,41,41,-2.458470602303192,down,0.011305769098442494
GO:0042759,Long-Chain Fatty Acid Biosynthetic Process,0.0009326532153256327,21,21,-3.225105966220856,down,0.011305769098442494
GO:0051131,Chaperone-Mediated Protein Complex Assembly,0.0009322787113714382,20,20,5.147537510679621,up,0.011305769098442494
GO:0006278,RNA-templated DNA Biosynthetic Process,0.0009422660060653901,20,20,4.892780256886315,up,0.01131714558693326
GO:0007004,Telomere Maintenance via Telomerase,0.0009422660060653901,20,20,4.892780256886315,up,0.01131714558693326
GO:2001141,Regulation of RNA Biosynthetic Process,0.0009817825737420478,436,436,2.0152645835573884,up,0.011750387224681141
GO:0000027,Ribosomal Large Subunit Assembly,0.000992971754830234,15,15,5.454023634141489,up,0.011842750544496253
GO:0071897,DNA Biosynthetic Process,0.0010378200431516227,17,17,6.084987914366237,up,0.012334509293345593
GO:0033540,Fatty Acid Beta-Oxidation Using acyl-CoA Oxidase,0.001058582604937973,12,12,-3.3225037855461568,down,0.012537587727234118
GO:0060261,Positive Regulation of Transcription Initiation by RNA Polymerase II,0.0010668993865912216,53,53,3.080798613567125,up,0.01254894416435399
GO:0090267,Positive Regulation of Mitotic Cell Cycle Spindle Assembly Checkpoint,0.0010642451403557209,10,10,10.72227775839788,up,0.01254894416435399
GO:0062197,Cellular Response to Chemical Stress,0.0010767661226805507,97,97,3.23275670130989,up,0.012621475066884394
GO:0031113,Regulation of Microtubule Polymerization,0.0010804924269529135,52,52,4.213586286614579,up,0.012621779686083521
GO:0033108,Mitochondrial Respiratory Chain Complex Assembly,0.001150591814303687,87,87,3.279670919700623,up,0.013311777748735902
GO:0000077,DNA Damage Checkpoint Signaling,0.0011512677912275259,36,36,3.4197531776110246,up,0.013311777748735902
GO:0045910,Negative Regulation of DNA Recombination,0.001145548527266171,36,36,5.314882490753735,up,0.013311777748735902
GO:0090148,Membrane Fission,0.0011660116206337146,42,42,3.5415862723909686,up,0.013436708236424325
GO:2000232,Regulation of rRNA Processing,0.001245904192980892,14,14,5.74336588947144,up,0.01421330836875526
GO:0033047,Regulation of Mitotic Sister Chromatid Segregation,0.0012430573214539506,10,10,5.182958019072874,up,0.01421330836875526
GO:2000105,Positive Regulation of DNA-templated DNA Replication,0.0012393336882481217,11,11,8.841826045304174,up,0.01421330836875526
GO:0006303,Double-Strand Break Repair via Nonhomologous End Joining,0.001257140027524409,45,45,4.129063079674936,up,0.014293682112952531
GO:0035751,Regulation of Lysosomal Lumen pH,0.0012648863628276158,27,27,5.708723662250841,up,0.014333978018621255
GO:0051053,Negative Regulation of DNA Metabolic Process,0.0012892876884776363,34,34,3.8886524001328846,up,0.014489308353875506
GO:1902099,Regulation of Metaphase/Anaphase Transition of Cell Cycle,0.001283238621958325,32,32,4.4044402654255,up,0.014489308353875506
GO:0140861,DNA Repair-Dependent Chromatin Remodeling,0.001291336775015583,21,21,4.059998330568802,up,0.014489308353875506
GO:0033157,Regulation of Intracellular Protein Transport,0.0013313170271403061,38,38,4.407393444883537,up,0.01486477169340594
GO:0035383,Thioester Metabolic Process,0.0013335151387224326,22,22,-3.700309652150098,down,0.01486477169340594
GO:0008206,Bile Acid Metabolic Process,0.0013583926148047674,31,31,-2.8035027531206738,down,0.015092759638759157
GO:0006606,Protein Import Into Nucleus,0.0014087446231551015,78,78,3.4135062462464507,up,0.015380224974593994
GO:2000045,Regulation of G1/S Transition of Mitotic Cell Cycle,0.001411319383479308,109,109,2.955590182861358,up,0.015380224974593994
GO:0045005,DNA-templated DNA Replication Maintenance of Fidelity,0.0014110918660041685,41,41,4.155371953335627,up,0.015380224974593994
GO:0007259,Cell Surface Receptor Signaling Pathway via JAK-STAT,0.001397856250995176,40,40,-1.293164448090021,down,0.015380224974593994
GO:0042632,Cholesterol Homeostasis,0.0014013377675658467,75,75,-1.1241444168459145,down,0.015380224974593994
GO:0006869,Lipid Transport,0.0014057629053272982,106,106,-1.1218064432204697,down,0.015380224974593994
GO:0051897,+ Reg of Phosphatidylinositol 3-Kinase/Prot Kinase B Signal Transduction,0.001462712702985666,155,155,-0.3312080193124189,down,0.015889531942306072
GO:0019933,cAMP-mediated Signaling,0.0014884231119865678,24,24,-1.509621572746886,down,0.01611749598408312
GO:0000380,"Alternative mRNA Splicing, via Spliceosome",0.00151413400726519,19,19,5.425340402417109,up,0.01634402246449862
GO:0006888,Endoplasmic Reticulum to Golgi Vesicle-Mediated Transport,0.0015237763903606057,108,108,3.1225686605282594,up,0.016396218509526897
GO:0010972,Negative Regulation of G2/M Transition of Mitotic Cell Cycle,0.0015358416515356096,32,32,3.48905979510966,up,0.01647407507354706
GO:0032206,Positive Regulation of Telomere Maintenance,0.0015667501425200082,55,55,3.173821646021415,up,0.016752930207322093
GO:0031347,Regulation of Defense Response,0.0016531137400368336,93,93,-0.2824114128956052,down,0.017621159272705123
GO:0042659,Regulation of Cell Fate Specification,0.0017956152545394375,15,15,5.15003666011576,up,0.01908050976085365
GO:0051261,Protein Depolymerization,0.00187333674503001,24,24,4.923221336168991,up,0.01984457030216573
GO:0061024,Membrane Organization,0.0018858750101194452,168,168,2.3043819628830895,up,0.019915540741540026
GO:0051028,mRNA Transport,0.0019241055743915013,59,59,3.931635627009057,up,0.020256555908177196
GO:1903051,Negative Regulation of Proteolysis Involved in Protein Catabolic Process,0.0019448713405402459,25,25,4.251064631960665,up,0.020296295963227632
GO:0009303,rRNA Transcription,0.0019457310993771433,17,17,5.089027451569105,up,0.020296295963227632
GO:0042423,Catecholamine Biosynthetic Process,0.0019361949087522532,10,10,-4.696826864233814,down,0.020296295963227632
GO:0050867,Positive Regulation of Cell Activation,0.001969595976083215,17,17,-2.564947281580109,down,0.020482597178109286
GO:0010970,Transport Along Microtubule,0.001993757950739772,20,20,4.831853288600431,up,0.02067084610934153
GO:1902222,Erythrose 4-Phosphate/Phosphoenolpyruvate Family Amino Acid Catabolic Process,0.002060391221818279,10,10,-6.691697017872954,down,0.0212969529018853
GO:2000318,Positive Regulation of T-helper 17 Type Immune Response,0.0020955440951169477,10,10,-2.7490842708892087,down,0.0215948667928819
GO:0071763,Nuclear Membrane Organization,0.0021825843796331327,27,27,3.7532844356480175,up,0.022424082285929563
GO:0071900,Regulation of Protein Serine/Threonine Kinase Activity,0.00221625915828837,65,65,3.446729857882962,up,0.022701681648413304
GO:0002752,Cell Surface Pattern Recognition Receptor Signaling Pathway,0.002223768522454922,10,10,-5.196510943223396,down,0.022710402485310595
GO:0033233,Regulation of Protein Sumoylation,0.0022399791424393073,16,16,4.137687741460221,up,0.02280766822346411
GO:0042832,Defense Response to Protozoan,0.0022552301941365168,13,13,-3.1479661218141186,down,0.02289461366726089
GO:1990166,Protein Localization to Site of Double-Strand Break,0.002271399260429984,14,14,5.56984078010911,up,0.0229903349475569
GO:0051293,Establishment of Spindle Localization,0.00228686238773241,13,13,4.045524288278082,up,0.023050208833534477
GO:0010833,Telomere Maintenance via Telomere Lengthening,0.0022908299016617378,27,27,3.712465464885176,up,0.023050208833534477
GO:0071816,Tail-Anchored Membrane Protein Insertion Into ER Membrane,0.002357953426393995,16,16,4.201368835552419,up,0.023655820992440933
GO:0070316,Regulation of G0 to G1 Transition,0.002365472621155256,33,33,3.709428531800943,up,0.023661663081409323
GO:0009451,RNA Modification,0.0023956712741189166,52,52,4.070872852371496,up,0.023824007918424563
GO:0000082,G1/S Transition of Mitotic Cell Cycle,0.0023899157285672996,62,62,2.290330881582206,up,0.023824007918424563
GO:0050855,Regulation of B Cell Receptor Signaling Pathway,0.0024031234772652343,16,16,-2.2676172177878664,down,0.023828645874859635
GO:0009437,Carnitine Metabolic Process,0.002473417829478929,11,11,-3.869911275421658,down,0.024394095919902138
GO:0071280,Cellular Response to Copper Ion,0.002474452415211416,14,14,-8.895781819384492,down,0.024394095919902138
GO:0022409,Positive Regulation of Cell-Cell Adhesion,0.002506613253539191,50,50,-1.3318562191806587,down,0.024639936045597062
GO:0044843,Cell Cycle G1/S Phase Transition,0.0025450748091382144,64,64,2.290330881582206,up,0.024946121189570257
GO:0030509,BMP Signaling Pathway,0.0025735012563487016,45,45,-2.04602666895001,down,0.025152472164485448
GO:0019229,Regulation of Vasoconstriction,0.0025954103232754323,29,29,-2.4422979383270005,down,0.025294127464835715
GO:0006605,Protein Targeting,0.0026472923438977465,127,127,2.519937257039011,up,0.025524362539097633
GO:0043436,Oxoacid Metabolic Process,0.002646329169096059,18,18,-2.7699355137467476,down,0.025524362539097633
GO:0048313,Golgi Inheritance,0.002648966384884363,11,11,5.614116581638603,up,0.025524362539097633
GO:0016567,Protein Ubiquitination,0.002642036229842989,357,357,2.126381194546971,up,0.025524362539097633
GO:0060382,Regulation of DNA Strand Elongation,0.002668686258981766,16,16,4.588325617841038,up,0.02564194036446987
GO:0000731,DNA Synthesis Involved in DNA Repair,0.00271505471193399,27,27,4.798005826835112,up,0.025941321071167617
GO:0050727,Regulation of Inflammatory Response,0.0027090375335886135,220,220,-0.04802195663937635,down,0.025941321071167617
GO:0007064,Mitotic Sister Chromatid Cohesion,0.002736085453743595,19,19,3.5218677457839087,up,0.026069238778545816
GO:0032695,Negative Regulation of Interleukin-12 Production,0.002757963566817419,13,13,-1.820515329150776,down,0.026204495059649627
GO:0055092,Sterol Homeostasis,0.00282128012294255,76,76,-0.9823609002717897,down,0.02673162916488066
GO:0006400,tRNA Modification,0.002840599274616615,68,68,3.0164787239566335,up,0.026765978247837774
GO:0034644,Cellular Response to UV,0.0028384686692323894,73,73,2.836509728840668,up,0.026765978247837774
GO:0000375,"RNA Splicing, via Transesterification Reactions",0.0029086049107632825,24,24,4.497606608437772,up,0.027331270938329356
GO:1900182,Positive Regulation of Protein Localization to Nucleus,0.002957669408117894,74,74,3.3521614364255656,up,0.027715962502994882
GO:0006633,Fatty Acid Biosynthetic Process,0.0030219492601525452,64,64,-1.3920275851054689,down,0.028211845270776883
GO:0051247,Positive Regulation of Protein Metabolic Process,0.0030271285163014773,194,194,2.721228476008309,up,0.028211845270776883
GO:0071248,Cellular Response to Metal Ion,0.003046021219519777,98,98,-0.22354217534188495,down,0.028310567792321415
GO:0006399,tRNA Metabolic Process,0.003082325615475773,24,24,3.7177571190449363,up,0.028570143136923538
GO:0032785,"Negative Regulation of DNA-templated Transcription, Elongation",0.00312054983330993,18,18,4.138083072525279,up,0.02877081498615196
GO:0070979,Protein K11-linked Ubiquitination,0.0031208447800868443,37,37,2.838631010822916,up,0.02877081498615196
GO:0006690,Icosanoid Metabolic Process,0.003160870506849915,47,47,-0.8525882484293859,down,0.029061264956509597
GO:1901799,Negative Regulation of Proteasomal Protein Catabolic Process,0.0031794431932519835,42,42,3.5887732160201726,up,0.029153442828447625
GO:0006998,Nuclear Envelope Organization,0.0032394559277196065,19,19,6.561613582883452,up,0.029561582402938574
GO:1901380,Negative Regulation of Potassium Ion Transmembrane Transport,0.003241287545792737,10,10,7.275572489361817,up,0.029561582402938574
GO:1904505,Regulation of Telomere Maintenance in Response to DNA Damage,0.0033449241801228003,15,15,4.409229347673066,up,0.030425430342396993
GO:0051791,Medium-Chain Fatty Acid Metabolic Process,0.0033611684874831926,13,13,-3.012422026199776,down,0.030491876890439282
GO:0031638,Zymogen Activation,0.003451088048637808,26,26,-1.5579529962011534,down,0.031224565872423244
GO:0006996,Organelle Organization,0.0034639081572683476,418,418,1.8966888737970606,up,0.031257647419159616
GO:1900087,Positive Regulation of G1/S Transition of Mitotic Cell Cycle,0.0035121574991484232,32,32,5.459088642282145,up,0.03160941749233581
GO:0042789,mRNA Transcription by RNA Polymerase II,0.003569657060993227,37,37,3.9848550001937095,up,0.032042369039599734
GO:2000641,Regulation of Early Endosome to Late Endosome Transport,0.0035956043663515043,18,18,5.676708876198525,up,0.03219056822473748
GO:0071479,Cellular Response to Ionizing Radiation,0.0036335125820653735,51,51,3.4437326829953565,up,0.03244479428645285
GO:0043691,Reverse Cholesterol Transport,0.003675295491875886,16,16,-2.657577901889052,down,0.032732200842790195
GO:0030198,Extracellular Matrix Organization,0.0037778504000474224,162,162,2.4217529197802765,up,0.03350364372221619
GO:0000491,Small Nucleolar Ribonucleoprotein Complex Assembly,0.0037815604904876086,10,10,4.9496218285019005,up,0.03350364372221619
GO:0007076,Mitotic Chromosome Condensation,0.0038462504091087823,15,15,9.158599524900122,up,0.03390067221051694
GO:0090224,Regulation of Spindle Organization,0.0038408120283266586,20,20,6.029991524346235,up,0.03390067221051694
GO:0007007,Inner Mitochondrial Membrane Organization,0.003875629205806124,38,38,3.7155770843577423,up,0.034071575311867754
GO:0031579,Membrane Raft Organization,0.003890826292234899,15,15,6.045041334517854,up,0.03411724545710344
GO:0035795,Negative Regulation of Mitochondrial Membrane Permeability,0.003964915767999959,11,11,5.970365080784744,up,0.03458907336227074
GO:0016241,Regulation of Macroautophagy,0.0039644047586196935,103,103,3.3315176685096266,up,0.03458907336227074
GO:0008209,Androgen Metabolic Process,0.003993706184602629,22,22,-3.1078460394061533,down,0.03475135662163155
GO:0010800,Positive Regulation of Peptidyl-Threonine Phosphorylation,0.004065272759952667,11,11,4.11038465746269,up,0.03528408494707009
GO:0007606,Sensory Perception of Chemical Stimulus,0.004171210552095159,28,28,-1.8580427896721154,down,0.03602025112201668
GO:0070328,Triglyceride Homeostasis,0.004167025585272708,34,34,-0.717084861671601,down,0.03602025112201668
GO:0061136,Regulation of Proteasomal Protein Catabolic Process,0.0041928177216201705,53,53,3.037425337573551,up,0.03602443639407154
GO:0072329,Monocarboxylic Acid Catabolic Process,0.004187486544204935,21,21,-3.5119701072016,down,0.03602443639407154
GO:1901673,Regulation of Mitotic Spindle Assembly,0.004260157408978288,22,22,3.536493162517422,up,0.03651104754277624
GO:0071276,Cellular Response to Cadmium Ion,0.0043027419122258015,14,14,-8.895781819384492,down,0.036783590633088246
GO:0045943,Positive Regulation of Transcription by RNA Polymerase I,0.004324537360326856,32,32,4.422396733741516,up,0.036877492340187265
GO:1902808,Positive Regulation of Cell Cycle G1/S Phase Transition,0.004385229468110788,40,40,3.993293468344283,up,0.0373017898147778
GO:0071773,Cellular Response to BMP Stimulus,0.004508345159141856,49,49,-1.7575524203739643,down,0.03824042443347024
GO:0009895,Negative Regulation of Catabolic Process,0.0045264597634682435,114,114,2.6986272140219354,up,0.03824042443347024
GO:2000042,Negative Regulation of Double-Strand Break Repair via Homologous Recombination,0.00452920887455936,24,24,5.314882490753735,up,0.03824042443347024
GO:1902117,Positive Regulation of Organelle Assembly,0.004699112493132714,62,62,2.933418516391902,up,0.03957696966438442
GO:0035987,Endodermal Cell Differentiation,0.004741358025384288,31,31,3.1643266136876584,up,0.03983441434627046
GO:1904507,Positive Regulation of Telomere Maintenance in Response to DNA Damage,0.0048438707545663635,14,14,4.588325617841038,up,0.04059568340006355
GO:0032456,Endocytic Recycling,0.004875531517386741,63,63,2.8359041081581946,up,0.04076087746521121
GO:0033235,Positive Regulation of Protein Sumoylation,0.004910725343915705,10,10,5.857341383067501,up,0.040854839385601145
GO:0046822,Regulation of Nucleocytoplasmic Transport,0.004907524973952237,17,17,4.665775345298302,up,0.040854839385601145
GO:0043401,Steroid Hormone Receptor Signaling Pathway,0.004969601355185328,12,12,-2.0151536950828604,down,0.04124406380179356
GO:0060627,Regulation of Vesicle-Mediated Transport,0.005029447768128742,80,80,3.3662157776497095,up,0.04145760726629405
GO:0034114,Regulation of Heterotypic Cell-Cell Adhesion,0.005012063196466361,23,23,-2.8794767117744318,down,0.04145760726629405
GO:0030261,Chromosome Condensation,0.00503179402176656,24,24,6.5547567637857815,up,0.04145760726629405
GO:0031109,Microtubule Polymerization or Depolymerization,0.005047832330897383,24,24,5.465110673396859,up,0.041489532724556556
GO:0000184,"Nuclear-Transcribed mRNA Catabolic Process, Nonsense-Mediated Decay",0.005079916414884842,27,27,4.033837478127503,up,0.04165287233454855
GO:1905332,Positive Regulation of Morphogenesis of an Epithelium,0.005120235075175508,22,22,4.162452078349395,up,0.041782588137377175
GO:0006570,Tyrosine Metabolic Process,0.005113992788291009,11,11,-5.717612777599282,down,0.041782588137377175
GO:0006892,post-Golgi Vesicle-Mediated Transport,0.005155628491714864,60,60,3.143111676482705,up,0.04197099948744487
GO:0034116,Positive Regulation of Heterotypic Cell-Cell Adhesion,0.005196228452744953,13,13,-4.761378881389346,down,0.04220079821979294
GO:0010453,Regulation of Cell Fate Commitment,0.005279075863351238,12,12,5.028256741581629,up,0.04277179992848236
GO:0046321,Positive Regulation of Fatty Acid Oxidation,0.005453961599449863,11,11,-2.2135136266782443,down,0.04408403558228314
GO:0051896,Regulation of Phosphatidylinositol 3-Kinase/Protein Kinase B Signal Transduction,0.005495704158396767,209,209,-0.1163519916215228,down,0.044316422894305846
GO:0010714,Positive Regulation of Collagen Metabolic Process,0.0056120022348837215,17,17,4.928002006433329,up,0.045141174120343665
GO:0050994,Regulation of Lipid Catabolic Process,0.005624450014994446,24,24,-3.5513121798613843,down,0.045141174120343665
GO:0051965,Positive Regulation of Synapse Assembly,0.00566545741615118,29,29,-0.6465752448963933,down,0.04522968053129998
GO:1904407,Positive Regulation of Nitric Oxide Metabolic Process,0.0056752574809136305,31,31,-2.271598888490924,down,0.04522968053129998
GO:0071478,Cellular Response to Radiation,0.0056524779967806315,40,40,2.959906845661993,up,0.04522968053129998
GO:2000767,Positive Regulation of Cytoplasmic Translation,0.0057522859737857155,14,14,5.106816254996991,up,0.04563034292228622
GO:0062012,Regulation of Small Molecule Metabolic Process,0.005739466007569252,33,33,-1.833102928538608,down,0.04563034292228622
GO:0008033,tRNA Processing,0.005775054688185771,43,43,2.768414291904301,up,0.04570466714942382
GO:0043247,Telomere Maintenance in Response to DNA Damage,0.005916696687279163,14,14,5.6360657011821065,up,0.046717250926641724
GO:1901029,- Reg of Mt Outer Membrane Permeabilization Inv in Apoptotic Sgnlng Pway,0.005976588855747863,10,10,6.094273251482038,up,0.047081165327842865
GO:0045055,Regulated Exocytosis,0.005996389510453956,42,42,3.2457932999461567,up,0.04712830557640194
GO:0019674,NAD Metabolic Process,0.006037098900282497,17,17,-2.6783248753780717,down,0.04733918241118069
GO:0046688,Response to Copper Ion,0.006078208069445434,17,17,-5.534756688664663,down,0.04755221955247333
GO:2000144,Positive Regulation of DNA-templated Transcription Initiation,0.006094553833659726,58,58,2.327773179808519,up,0.047570991136414935
GO:0045429,Positive Regulation of Nitric Oxide Biosynthetic Process,0.006154019856579331,30,30,-2.3569947897996535,down,0.04789364765300065
GO:0071539,Protein Localization to Centrosome,0.0061639728289848384,21,21,5.999858259928399,up,0.04789364765300065
GO:1905521,Regulation of Macrophage Migration,0.006246653057083529,10,10,-3.0868219778070047,down,0.04842575813116345
GO:0032967,Positive Regulation of Collagen Biosynthetic Process,0.006338844929100152,16,16,5.140557876972014,up,0.04902902506385628
GO:0051347,Positive Regulation of Transferase Activity,0.006385889401207228,39,39,4.568915972237178,up,0.049169906879272814
GO:0045292,"mRNA Cis Splicing, via Spliceosome",0.006382149620629484,19,19,3.4095396959924456,up,0.049169906879272814
GO:0097435,Supramolecular Fiber Organization,0.006415827297994591,278,278,2.1054928300903764,up,0.04928915971499898
GO:0071482,Cellular Response to Light Stimulus,0.0064523212908777,54,54,2.6927591361895944,up,0.04945813016445806
GO:0045840,Positive Regulation of Mitotic Nuclear Division,0.006520580181093069,29,29,3.8425225639844247,up,0.04966416957782352
GO:0045116,Protein Neddylation,0.006520363480478869,19,19,4.752721491730618,up,0.04966416957782352
GO:0007032,Endosome Organization,0.006535149124898863,52,52,2.99463763105146,up,0.04966416957782352
GO:0031110,Regulation of Microtubule Polymerization or Depolymerization,0.006537441260757185,25,25,3.494037706887487,up,0.04966416957782352
GO:0008089,Anterograde Axonal Transport,0.00655640677756351,35,35,3.092462248938959,up,0.04969756337393141
GO:0051123,RNA Polymerase II Preinitiation Complex Assembly,0.0067258072049387555,48,48,3.323847823455849,up,0.05086857733047915
GO:0070534,Protein K63-linked Ubiquitination,0.006799070319190656,56,56,3.1355693107018707,up,0.05130891340433479
GO:0034605,Cellular Response to Heat,0.0068731969282629915,35,35,3.7825868591245526,up,0.05175380733400676
GO:0034374,Low-Density Lipoprotein Particle Remodeling,0.007020585830643014,11,11,-4.05734928244567,down,0.052747176802474274
GO:0009069,Serine Family Amino Acid Metabolic Process,0.007071533063705109,10,10,-3.561693772263583,down,0.05280100351179915
GO:0002891,Positive Regulation of Immunoglobulin Mediated Immune Response,0.007055831602628787,15,15,5.496509542824221,up,0.05280100351179915
GO:0002221,Pattern Recognition Receptor Signaling Pathway,0.007074188978273882,65,65,-0.1580596695305108,down,0.05280100351179915
GO:0006833,Water Transport,0.00713230858190986,16,16,-2.7300853007756594,down,0.05311856893645095
GO:0042407,Cristae Formation,0.007153450412696498,13,13,5.281760864712133,up,0.05315995502768574
GO:0045787,Positive Regulation of Cell Cycle,0.007173601056286802,59,59,2.960727598672049,up,0.05319381131085714
GO:1901654,Response to Ketone,0.0071985710987350566,23,23,-1.3841162689584248,down,0.05326318008196372
GO:1902904,Negative Regulation of Supramolecular Fiber Organization,0.007264323561112148,74,74,2.6750604059657532,up,0.05341592098812144
GO:0099517,Synaptic Vesicle Transport Along Microtubule,0.0072818537846603545,16,16,4.150504701879831,up,0.05341592098812144
GO:0034620,Cellular Response to Unfolded Protein,0.007257699486025036,57,57,3.849183383943029,up,0.05341592098812144
GO:0048490,Anterograde Synaptic Vesicle Transport,0.0072818537846603545,16,16,4.150504701879831,up,0.05341592098812144
GO:0032434,Regulation of Proteasomal Ubiquitin-Dependent Protein Catabolic Process,0.007343441314062692,107,107,2.9722288216310524,up,0.05375209940400825
GO:0032651,Regulation of Interleukin-1 Beta Production,0.007469605315291322,76,76,-0.13524341546983276,down,0.05455850905879807
GO:0051963,Regulation of Synapse Assembly,0.00753293261119655,54,54,-0.24198137949734394,down,0.054903489608528706
GO:1902459,Positive Regulation of Stem Cell Population Maintenance,0.007653522431343459,40,40,3.622084793246427,up,0.055663464847148264
GO:0031167,rRNA Methylation,0.007927999246023972,19,19,4.870625366623909,up,0.05753703282593142
GO:0030001,Metal Ion Transport,0.00795027740205494,159,159,0.2237460393560976,down,0.05757621277793928
GO:0033365,Protein Localization to Organelle,0.008083049107435384,145,145,2.276075636952243,up,0.05841372988445359
GO:2000036,Regulation of Stem Cell Population Maintenance,0.008114038829889727,56,56,3.4149190523109354,up,0.0585137134223126
GO:0055090,Acylglycerol Homeostasis,0.008177717723807031,26,26,-0.717084861671601,down,0.058848512987143005
GO:0006284,Base-Excision Repair,0.008200117811725562,38,38,3.6797451829105787,up,0.05888547759114924
GO:0032438,Melanosome Organization,0.008220698037852239,36,36,3.806285178206346,up,0.058909245813264684
GO:0034244,Negative Regulation of Transcription Elongation by RNA Polymerase II,0.008275299198924505,14,14,4.9192957825035375,up,0.05917619615834693
GO:0090162,Establishment of Epithelial Cell Polarity,0.008446298627555294,18,18,4.346239336217149,up,0.0602726456455881
GO:0002824,+ Reg of Adaptive Imm Resp Based on Som Recomb of Imm Rcptrs Built Frm IgSF Domains,0.008469300151073137,11,11,-2.304776229004293,down,0.06031061130544984
GO:0006787,Porphyrin-Containing Compound Catabolic Process,0.008571243405785056,12,12,-2.9534365403633793,down,0.06090939845236005
GO:0051445,Regulation of Meiotic Cell Cycle,0.008656867172170488,18,18,4.080551093430048,up,0.06138996657853126
GO:1905508,Protein Localization to Microtubule Organizing Center,0.00868749904467628,19,19,5.999858259928399,up,0.06147937601948296
GO:0051168,Nuclear Export,0.008727336033271237,49,49,2.856604775317661,up,0.06150608101133923
GO:0043267,Negative Regulation of Potassium Ion Transport,0.008717233640706097,10,10,7.275572489361817,up,0.06150608101133923
GO:0030199,Collagen Fibril Organization,0.008763288150872729,43,43,2.9598028313683,up,0.06163211522191109
GO:0009064,Glutamine Family Amino Acid Metabolic Process,0.00900067801440797,23,23,-1.3801161179592702,down,0.06317142532334481
GO:0060155,Platelet Dense Granule Organization,0.00906157461732416,22,22,4.048939715652366,up,0.06346823618006717
GO:0010799,Regulation of Peptidyl-Threonine Phosphorylation,0.009119293733372032,18,18,3.9248078274563536,up,0.0637416207469918
GO:0070897,Transcription Preinitiation Complex Assembly,0.009190390566595914,51,51,3.080798613567125,up,0.06410720290932242
GO:0043567,Regulation of Insulin-Like Growth Factor Receptor Signaling Pathway,0.009311092194424993,16,16,-1.8271107211266693,down,0.06481660301057889
GO:1901976,Regulation of Cell Cycle Checkpoint,0.00934334337817212,11,11,4.590301678432985,up,0.06490864412005114
GO:0019432,Triglyceride Biosynthetic Process,0.00937929251246294,18,18,-3.0040193393271415,down,0.06494608458649305
GO:0006882,Intracellular Zinc Ion Homeostasis,0.00938681316362975,26,26,-1.876402033496214,down,0.06494608458649305
GO:0046337,Phosphatidylethanolamine Metabolic Process,0.00955461945187839,22,22,-1.1384180453560828,down,0.06584001404112563
GO:0050848,Regulation of Calcium-Mediated Signaling,0.009546003576619869,41,41,-0.6179167264493672,down,0.06584001404112563
GO:0034035,Purine Ribonucleoside Bisphosphate Metabolic Process,0.009686153655315942,12,12,-3.3510375901710763,down,0.0664778070790396
GO:0038202,TORC1 Signaling,0.009683068871995916,17,17,5.4479592260296,up,0.0664778070790396
GO:0050850,Positive Regulation of Calcium-Mediated Signaling,0.009740575570287438,25,25,-3.1479661218141186,down,0.06671707483986035
GO:0009411,Response to UV,0.009888242812791452,95,95,2.5076970254577358,up,0.06745759246886329
GO:0006954,Inflammatory Response,0.009871139769008467,230,230,0.0154693839418935,down,0.06745759246886329
GO:1902749,Regulation of Cell Cycle G2/M Phase Transition,0.009970925361521233,18,18,3.7923303626890146,up,0.06788588105418948
GO:0046500,S-adenosylmethionine Metabolic Process,0.009993523046612763,10,10,-2.9882303601856517,down,0.06790419743425524
GO:0141124,Intracellular Signaling Cassette,0.010171009904224537,336,336,0.6900692565058497,down,0.06876899421782562
GO:1905818,Regulation of Chromosome Separation,0.010181278827323934,11,11,9.197365357444026,up,0.06876899421782562
GO:1904263,Positive Regulation of TORC1 Signaling,0.010150534415577665,52,52,2.8387320004515324,up,0.06876899421782562
GO:0002526,Acute Inflammatory Response,0.01022080915080814,21,21,-1.967392472283219,down,0.06889956524388649
GO:0015721,Bile Acid and Bile Salt Transport,0.010296709898207706,23,23,-2.835871174181877,down,0.06927431452226132
GO:1903008,Organelle Disassembly,0.0103390722641911,43,43,3.224337186354301,up,0.06942239270306269
GO:0030162,Regulation of Proteolysis,0.010374932346459677,48,48,3.5794307358166946,up,0.06945659133585214
GO:0050766,Positive Regulation of Phagocytosis,0.010384890525149395,61,61,0.017992001205061,down,0.06945659133585214
GO:0030003,Intracellular Monoatomic Cation Homeostasis,0.01049669259161793,186,186,0.18920041935969134,down,0.06993011412111086
GO:0070936,Protein K48-linked Ubiquitination,0.010491009520141129,90,90,2.793444863614349,up,0.06993011412111086
GO:0010896,Regulation of Triglyceride Catabolic Process,0.010614948081191877,10,10,-2.1898093042032616,down,0.07044277802518578
GO:0045197,Establishment or Maintenance of Epithelial Cell Apical/Basal Polarity,0.010610685780136965,36,36,3.656136670495283,up,0.07044277802518578
GO:2000058,Regulation of Ubiquitin-Dependent Protein Catabolic Process,0.010657806154614997,50,50,3.901592145312309,up,0.07058985785124612
GO:0042542,Response to Hydrogen Peroxide,0.010720729410791116,41,41,-0.7492656361982436,down,0.07086900779110174
GO:0042908,Xenobiotic Transport,0.010771015047310118,20,20,-1.3697648135075493,down,0.07106369889047352
GO:0015718,Monocarboxylic Acid Transport,0.010859909962881446,64,64,-1.0254861553075874,down,0.07151187815325986
GO:0031344,Regulation of Cell Projection Organization,0.010901589421464965,14,14,-3.6809287844103427,down,0.07158177037129966
GO:0031124,mRNA 3'-End Processing,0.010912495043411264,27,27,3.853741605888609,up,0.07158177037129966
GO:0051983,Regulation of Chromosome Segregation,0.01096184739587673,23,23,3.741631565748925,up,0.07176748842098948
GO:0050685,Positive Regulation of mRNA Processing,0.011031151405316833,20,20,3.469076867278731,up,0.0719450429130702
GO:0009299,mRNA Transcription,0.011026983287233137,42,42,3.4226309859585387,up,0.0719450429130702
GO:1904779,Regulation of Protein Localization to Centrosome,0.011232023616454288,11,11,5.419004839656165,up,0.0731153293048198
GO:0050427,3'-Phosphoadenosine 5'-Phosphosulfate Metabolic Process,0.011487769470635177,14,14,-3.3510375901710763,down,0.07463767936064111
GO:0099116,tRNA 5'-End Processing,0.011624196507022263,13,13,6.000463058556211,up,0.07538048343242004
GO:0051094,Positive Regulation of Developmental Process,0.01170368362082408,225,225,2.21155992133897,up,0.07575192567482152
GO:0046599,Regulation of Centriole Replication,0.011972374930194127,16,16,5.708954044540736,up,0.0768412643008401
GO:0043412,Macromolecule Modification,0.011923170376986696,81,81,2.6118758738944794,up,0.0768412643008401
GO:0060260,Regulation of Transcription Initiation by RNA Polymerase II,0.01197228240351535,58,58,2.327773179808519,up,0.0768412643008401
GO:0048388,Endosomal Lumen Acidification,0.011999775157744072,11,11,4.225022567194119,up,0.0768412643008401
GO:0045598,Regulation of Fat Cell Differentiation,0.012007151531031303,72,72,-0.1377319380806091,down,0.0768412643008401
GO:0032731,Positive Regulation of Interleukin-1 Beta Production,0.011904277514419786,53,53,-0.2094806014632063,down,0.0768412643008401
GO:0051452,Intracellular pH Reduction,0.012054885795198067,29,29,3.747949575059992,up,0.07700227611876519
GO:0046825,Regulation of Protein Export From Nucleus,0.012101550603806709,25,25,3.3044046866541925,up,0.07701276797438113
GO:0050891,Multicellular Organismal-Level Water Homeostasis,0.012101683856425766,15,15,-3.5379600904801625,down,0.07701276797438113
GO:0007005,Mitochondrion Organization,0.01216260167441094,130,130,2.7128488141532037,up,0.07725630225589519
GO:0030203,Glycosaminoglycan Metabolic Process,0.012264939490020436,27,27,4.536934011745579,up,0.07758377301409251
GO:0051254,Positive Regulation of RNA Metabolic Process,0.012274133195608068,20,20,4.5219825779562335,up,0.07758377301409251
GO:0051923,Sulfation,0.012305136675644692,11,11,-3.828817440106449,down,0.07758377301409251
GO:0046831,Regulation of RNA Export From Nucleus,0.012301514707446549,14,14,2.6363157937000095,up,0.07758377301409251
GO:0032981,Mitochondrial Respiratory Chain Complex I Assembly,0.012449142860140766,34,34,3.5990261359125406,up,0.07811547035625499
GO:0045954,Positive Regulation of Natural Killer Cell Mediated Cytotoxicity,0.012458169414776522,20,20,-2.4957151499244823,down,0.07811547035625499
GO:0010257,NADH Dehydrogenase Complex Assembly,0.012449142860140766,34,34,3.5990261359125406,up,0.07811547035625499
GO:0045444,Fat Cell Differentiation,0.012489589430773685,61,61,-0.0967534041746454,down,0.07816878816214502
GO:1900153,"+ Reg of Nuclear-Transcribed mRNA Cat Proc, Deadenylation-Dep Decay",0.012567309649642658,11,11,-3.771436748565841,down,0.07851115973430604
GO:0032693,Negative Regulation of Interleukin-10 Production,0.012631273961178567,15,15,-1.934390641140996,down,0.07862276547733593
GO:1901701,Cellular Response to Oxygen-Containing Compound,0.012615263706936289,348,348,0.6015418670150678,down,0.07862276547733593
GO:0086003,Cardiac Muscle Cell Contraction,0.012665121799543006,26,26,-0.2440615236357101,down,0.07868985511519344
GO:0043254,Regulation of Protein-Containing Complex Assembly,0.012803268377064586,119,119,3.00472958541514,up,0.07910739864912547
GO:0032732,Positive Regulation of Interleukin-1 Production,0.012840267231879211,59,59,0.1026019448752161,down,0.07910739864912547
GO:0010572,Positive Regulation of Platelet Activation,0.012828050712659828,10,10,-3.21570953049559,down,0.07910739864912547
GO:0016125,Sterol Metabolic Process,0.012930871847829543,53,53,-0.4489700169410899,down,0.07910739864912547
GO:0001682,tRNA 5'-Leader Removal,0.012925193772689567,11,11,6.162647470343481,up,0.07910739864912547
GO:0009304,tRNA Transcription,0.012872171386966414,11,11,5.089027451569105,up,0.07910739864912547
GO:0007187,"GPCR Sgnlng Pway, Coupled to Cyclic Nucleotide Second Messenger",0.012876552316927758,32,32,-0.8649537387850208,down,0.07910739864912547
GO:0002831,Regulation of Response to Biotic Stimulus,0.012941052021756674,33,33,-1.0981003589672342,down,0.07910739864912547
GO:0097494,Regulation of Vesicle Size,0.012933728141630477,15,15,4.533354615312742,up,0.07910739864912547
GO:0033044,Regulation of Chromosome Organization,0.01309742464313218,41,41,2.5076970254577358,up,0.0798381276673075
GO:0006825,Copper Ion Transport,0.01310740295915925,10,10,-3.2759024260332934,down,0.0798381276673075
GO:0006383,Transcription by RNA Polymerase III,0.013147651152962566,33,33,3.3935656990891387,up,0.07994053134180983
GO:0120036,Plasma Membrane Bounded Cell Projection Organization,0.013228828711194554,129,129,2.3860811145273404,up,0.08014837430530129
GO:0035089,Establishment of Apical/Basal Cell Polarity,0.013225867370190684,14,14,4.346239336217149,up,0.08014837430530129
GO:0009952,Anterior/Posterior Pattern Specification,0.013362980150591655,48,48,3.364847767574103,up,0.08081759803841868
GO:0030097,Hemopoiesis,0.013399781802906954,95,95,0.2762038574877717,down,0.0808967358048064
GO:0046395,Carboxylic Acid Catabolic Process,0.013430301336602534,25,25,-2.961697182389408,down,0.08093773473348277
GO:0030301,Cholesterol Transport,0.013456534973528547,52,52,-1.3437726392866538,down,0.08095280563440188
GO:0071396,Cellular Response to Lipid,0.013508334335472388,204,204,0.5037813492609324,down,0.08112135284911323
GO:1902455,Negative Regulation of Stem Cell Population Maintenance,0.013564435739598316,19,19,4.906476823047496,up,0.08131509720170449
GO:1902679,Negative Regulation of RNA Biosynthetic Process,0.013601389526723476,437,437,1.7063499262803978,up,0.08139357837833996
GO:0010565,Regulation of Ketone Metabolic Process,0.013676368229171346,12,12,-4.749237941872208,down,0.08155610494703402
GO:0042797,tRNA Transcription by RNA Polymerase III,0.013667652927426817,10,10,5.124562522631439,up,0.08155610494703402
GO:0033363,Secretory Granule Organization,0.01380600177565685,25,25,3.844915567965771,up,0.08215139331165643
GO:0051383,Kinetochore Organization,0.013824362286980588,11,11,10.133125796268953,up,0.08215139331165643
GO:0046824,Positive Regulation of Nucleocytoplasmic Transport,0.01394451097170447,46,46,2.5892708914764833,up,0.08272126421649383
GO:1901028,Reg of Mt Outer Membrane Permeabilization Inv in Apoptotic Sgnlng Pway,0.013999902238453743,19,19,4.107434065501382,up,0.08290567106834326
GO:0070873,Regulation of Glycogen Metabolic Process,0.014209961995554665,10,10,-1.2195431251899556,down,0.08400377879867757
GO:0060259,Regulation of Feeding Behavior,0.014261967443253419,10,10,-3.708952821158344,down,0.08401998436776754
GO:0045445,Myoblast Differentiation,0.014260764401630315,19,19,-1.2875214323046125,down,0.08401998436776754
GO:0032418,Lysosome Localization,0.014294484591595042,38,38,4.226252023305387,up,0.08406635679643222
GO:0001819,Positive Regulation of Cytokine Production,0.014340496079740675,296,296,0.5092004206223586,down,0.08419179367985447
GO:2000351,Regulation of Endothelial Cell Apoptotic Process,0.01443878757531663,45,45,-1.5073940658109817,down,0.08462320346976808
GO:0006096,Glycolytic Process,0.014548940386094,24,24,4.578626107116578,up,0.08497677338521685
GO:0046032,ADP Catabolic Process,0.014548940386094,24,24,4.578626107116578,up,0.08497677338521685
GO:0007188,Adenylate Cyclase-Modulating G Protein-Coupled Receptor Signaling Pathway,0.014656847360819772,164,164,0.6073109586937513,down,0.08546069461154913
GO:0051443,Positive Regulation of Ubiquitin-Protein Transferase Activity,0.014713255465565688,18,18,6.364079649079274,up,0.08548320737469133
GO:0032786,"Positive Regulation of DNA-templated Transcription, Elongation",0.014753285537284291,54,54,3.254467455243393,up,0.08548320737469133
GO:0032652,Regulation of Interleukin-1 Production,0.014760952548722719,16,16,-1.8226908030528632,down,0.08548320737469133
GO:0006611,Protein Export From Nucleus,0.014696362297138887,25,25,3.756607710717271,up,0.08548320737469133
GO:1901570,Fatty Acid Derivative Biosynthetic Process,0.014794883347733968,20,20,-1.6042988211684763,down,0.08553448660867893
GO:0019934,cGMP-mediated Signaling,0.014867425451052244,16,16,-0.5061765732886221,down,0.08571491388192794
GO:0007189,Adenylate Cyclase-Activating G Protein-Coupled Receptor Signaling Pathway,0.014876349756112971,124,124,0.33169359959428835,down,0.08571491388192794
GO:0061620,Glycolytic Process Through Glucose-6-Phosphate,0.014972810589242908,14,14,5.300032666417886,up,0.08593831269778536
GO:0170041,Non-Proteinogenic Amino Acid Metabolic Process,0.014990705381173348,16,16,-2.6455678320354523,down,0.08593831269778536
GO:0090316,Positive Regulation of Intracellular Protein Transport,0.01494645994005246,67,67,2.382532109144538,up,0.08593831269778536
GO:0000963,Mitochondrial RNA Processing,0.015110409299140579,11,11,3.7266127835099687,up,0.08647920489826931
GO:0043067,Regulation of Programmed Cell Death,0.01521463481365046,173,173,2.22883642552708,up,0.0868965884176944
GO:0002717,Positive Regulation of Natural Killer Cell Mediated Immunity,0.015234289027786941,23,23,-1.1368930659611856,down,0.0868965884176944
GO:0035519,Protein K29-linked Ubiquitination,0.015480165652663266,11,11,3.529865097139333,up,0.08815166117067513
GO:0032435,Negative Regulation of Proteasomal Ubiquitin-Dependent Protein Catabolic Process,0.015512559052306077,30,30,3.621312337661534,up,0.08818889821236003
GO:0071103,DNA Conformation Change,0.01559685696611046,17,17,3.440177127449218,up,0.08852059752313275
GO:0051493,Regulation of Cytoskeleton Organization,0.01563178459762452,135,135,2.5104006033025468,up,0.08857145724667315
GO:0050853,B Cell Receptor Signaling Pathway,0.015680906507266522,32,32,-0.7139659658036995,down,0.08870244128737331
GO:0043414,Macromolecule Methylation,0.01589592097040378,21,21,3.590878944096442,up,0.08976984508285975
GO:0046149,Pigment Catabolic Process,0.01602206623603182,10,10,-2.9534365403633793,down,0.09018361044736722
GO:0042167,Heme Catabolic Process,0.01602206623603182,10,10,-2.9534365403633793,down,0.09018361044736722
GO:0170039,Proteinogenic Amino Acid Metabolic Process,0.01623203864991277,11,11,-2.5275992638409632,down,0.09121496513155265
GO:0007019,Microtubule Depolymerization,0.01631760728646116,14,14,6.969270023036337,up,0.09139498014677094
GO:0030522,Intracellular Receptor Signaling Pathway,0.01631766136305585,35,35,-0.5487666867835402,down,0.09139498014677094
GO:0051781,Positive Regulation of Cell Division,0.016369592836560636,34,34,2.8482681061960378,up,0.09153554289427594
GO:0071875,Adrenergic Receptor Signaling Pathway,0.016463755514586134,16,16,-2.494567169857743,down,0.09176122558864919
GO:0006368,Transcription Elongation by RNA Polymerase II,0.016459734670663508,29,29,3.743448356095483,up,0.09176122558864919
GO:0010866,Regulation of Triglyceride Biosynthetic Process,0.016518358982176354,16,16,-1.6664463356062502,down,0.09191537110636794
GO:0001325,Formation of Extrachromosomal Circular DNA,0.017070588277652784,10,10,4.113731355339338,up,0.0943724094247547
GO:0090737,Telomere Maintenance via Telomere Trimming,0.017070588277652784,10,10,4.113731355339338,up,0.0943724094247547
GO:0051093,Negative Regulation of Developmental Process,0.01699446401557186,106,106,2.2492497948494994,up,0.0943724094247547
GO:0090656,T-Circle Formation,0.017070588277652784,10,10,4.113731355339338,up,0.0943724094247547
GO:0042730,Fibrinolysis,0.01716743559927357,10,10,-6.171345805905194,down,0.09460116773686938
GO:0032042,Mitochondrial DNA Metabolic Process,0.017147458955132956,12,12,5.119868164286126,up,0.09460116773686938
GO:0046890,Regulation of Lipid Biosynthetic Process,0.01733659978152981,26,26,-2.6381009202281778,down,0.09537926105612611
GO:0010613,Positive Regulation of Cardiac Muscle Hypertrophy,0.017647937683225815,20,20,-1.6883792596432454,down,0.09693577365134179
GO:0006509,Membrane Protein Ectodomain Proteolysis,0.01775374124079265,20,20,4.698119312701656,up,0.09736014690087416
GO:0007178,Cell Surface Receptor Protein Serine/Threonine Kinase Signaling Pathway,0.017792622126648536,24,24,-0.4708555348874287,down,0.09741674811235658
GO:0034976,Response to Endoplasmic Reticulum Stress,0.017854745019345346,193,193,2.370940724700552,up,0.09760021676440221
GO:0042168,Heme Metabolic Process,0.017970766386537884,32,32,-1.042045621431566,down,0.09807725463116915
GO:0010907,Positive Regulation of Glucose Metabolic Process,0.018060526219684004,18,18,-2.385787175644942,down,0.09840967242067435
GO:0002357,Defense Response to Tumor Cell,0.018137102923934594,11,11,-4.660034527325681,down,0.09866931112207479
GO:0006119,Oxidative Phosphorylation,0.01816876556600193,59,59,2.957099954655624,up,0.09868417093253595
GO:0008631,Intrinsic Apoptotic Signaling Pathway in Response to Oxidative Stress,0.01833794171824098,13,13,5.614116581638603,up,0.09944470461195545
GO:0046931,Pore Complex Assembly,0.01853563583134545,19,19,4.4667216329164345,up,0.10035722828685607
GO:0048584,Positive Regulation of Response to Stimulus,0.01858370064430262,87,87,2.5689270609900845,up,0.10045800776183238
GO:0034314,Arp2/3 Complex-Mediated Actin Nucleation,0.018665780503021815,14,14,5.481822377704379,up,0.10074205268323957
GO:1903432,Regulation of TORC1 Signaling,0.01876149878651041,95,95,2.549702559008171,up,0.10109869251309164
GO:1901987,Regulation of Cell Cycle Phase Transition,0.018901558930775865,32,32,3.9603794666679897,up,0.10169277210232883
GO:0033617,Mitochondrial Cytochrome C Oxidase Assembly,0.019057728452600894,24,24,3.4300001419786605,up,0.10237151456979787
GO:0002091,Negative Regulation of Receptor Internalization,0.019205396782440407,13,13,4.7665402773510746,up,0.10300252896997521
GO:0070199,Establishment of Protein Localization to Chromosome,0.019349259416883972,13,13,3.4437326829953565,up,0.10361118347094385
GO:0061756,Leukocyte Adhesion to Vascular Endothelial Cell,0.01959420779426194,19,19,-1.8406943725881872,down,0.10459831195977826
GO:0140105,Interleukin-10-Mediated Signaling Pathway,0.01959493443045978,10,10,-1.8875594419393216,down,0.10459831195977826
GO:0035036,Sperm-Egg Recognition,0.019634863182337627,18,18,4.402684865738827,up,0.10464768486711508
GO:0006536,Glutamate Metabolic Process,0.019773929225025855,19,19,-1.3801161179592702,down,0.10522445021304709
GO:0002827,Positive Regulation of T-helper 1 Type Immune Response,0.01983139168211151,10,10,-2.511685276352651,down,0.10536585206804107
GO:0097212,Lysosomal Membrane Organization,0.01991394558892241,12,12,3.536493162517422,up,0.10563991975709851
GO:0034315,Regulation of Arp2/3 Complex-Mediated Actin Nucleation,0.02014268182554281,26,26,4.045768273576455,up,0.10635710171350857
GO:0180046,GPI Anchored Protein Biosynthesis,0.02010774203116419,30,30,4.206062391420897,up,0.10635710171350857
GO:0006907,Pinocytosis,0.020140745147238112,10,10,4.810546867333056,up,0.10635710171350857
GO:0045922,Negative Regulation of Fatty Acid Metabolic Process,0.020314597739236714,23,23,-1.4467900847361457,down,0.10709906165152462
GO:0043687,Post-Translational Protein Modification,0.020524917526135392,48,48,3.0902825472891724,up,0.10804088531118491
GO:0034310,Primary Alcohol Catabolic Process,0.020612334246761822,11,11,-4.582870280856347,down,0.10833385534006869
GO:0051055,Negative Regulation of Lipid Biosynthetic Process,0.020782145270906716,26,26,-2.386559193387347,down,0.10904365223736312
GO:0060211,Regulation of Nuclear-Transcribed mRNA poly(A) Tail Shortening,0.020811321491211784,14,14,-2.9436541110774472,down,0.10904365223736312
GO:0007169,Cell Surface Receptor Protein Tyrosine Kinase Signaling Pathway,0.02104810599332971,276,276,0.23094107270853625,down,0.11011516801111601
GO:0042775,Mitochondrial ATP Synthesis Coupled Electron Transport,0.021135101387992735,64,64,2.535411216073207,up,0.11040096605580892
GO:0045717,Negative Regulation of Fatty Acid Biosynthetic Process,0.021372329578549967,14,14,-2.7715502383446067,down,0.11146944371931794
GO:2001032,Regulation of Double-Strand Break Repair via Nonhomologous End Joining,0.021486294884555036,27,27,3.173821646021415,up,0.11165805416412683
GO:0032008,Positive Regulation of TOR Signaling,0.02152577556745342,72,72,2.151749662860195,up,0.11165805416412683
GO:0070593,Dendrite Self-Avoidance,0.021499867653264865,13,13,-1.403515010573516,down,0.11165805416412683
GO:0015986,Proton Motive Force-Driven ATP Synthesis,0.02153943114629008,58,58,2.9367855556618627,up,0.11165805416412683
GO:0045606,Positive Regulation of Epidermal Cell Differentiation,0.021765578167495393,19,19,3.194261188369784,up,0.1126591610460194
GO:0006767,Water-Soluble Vitamin Metabolic Process,0.021917715271448944,44,44,-0.788117422283727,down,0.1132747375619884
GO:0050851,Antigen Receptor-Mediated Signaling Pathway,0.022548841670479568,109,109,0.1921687883680399,down,0.11636021019365478
GO:0097576,Vacuole Fusion,0.023070037816877345,10,10,4.390682865543521,up,0.11886993805644806
GO:0038093,Fc Receptor Signaling Pathway,0.02312158376929055,30,30,-0.2646397111550215,down,0.11895584047820523
GO:0032880,Regulation of Protein Localization,0.02323708361009109,90,90,2.267975072665613,up,0.11921842767526523
GO:0031111,Negative Regulation of Microtubule Polymerization or Depolymerization,0.023268300018652373,33,33,3.1859763454906807,up,0.11921842767526523
GO:0042269,Regulation of Natural Killer Cell Mediated Cytotoxicity,0.023277476643719333,33,33,-0.130908398727902,down,0.11921842767526523
GO:0051289,Protein Homotetramerization,0.02332345915952135,54,54,-0.5273574913691362,down,0.11927484136900648
GO:0006753,Nucleoside Phosphate Metabolic Process,0.023541222557697413,31,31,-1.635604557423299,down,0.1194927234290266
GO:0045830,Positive Regulation of Isotype Switching,0.023464324320927384,13,13,4.417761439356808,up,0.1194927234290266
GO:0006123,"Mitochondrial Electron Transport, Cytochrome C to Oxygen",0.023494394000733363,12,12,4.916847919054018,up,0.1194927234290266
GO:0050778,Positive Regulation of Immune Response,0.023533900660564253,86,86,0.2836326577126292,down,0.1194927234290266
GO:0009892,Negative Regulation of Metabolic Process,0.023424481290484748,61,61,-0.3292367919323855,down,0.1194927234290266
GO:2000107,Negative Regulation of Leukocyte Apoptotic Process,0.02362704689354889,11,11,-1.8248662769549504,down,0.11975015892109252
GO:0060396,Growth Hormone Receptor Signaling Pathway,0.023733713373712863,16,16,-1.293164448090021,down,0.11975694721558369
GO:0031123,RNA 3'-End Processing,0.02373317675707394,48,48,2.7662301044675126,up,0.11975694721558369
GO:0000018,Regulation of DNA Recombination,0.02372726402975809,33,33,3.173821646021415,up,0.11975694721558369
GO:0010646,Regulation of Cell Communication,0.023822814823761924,57,57,2.9863278999794405,up,0.11979861053520939
GO:0071880,Adenylate Cyclase-Activating Adrenergic Receptor Signaling Pathway,0.023882455339766163,10,10,-4.64906176163629,down,0.11979861053520939
GO:1900227,Positive Regulation of NLRP3 Inflammasome Complex Assembly,0.023839227566249798,24,24,-1.0812215018693792,down,0.11979861053520939
GO:0006775,Fat-Soluble Vitamin Metabolic Process,0.023866451950110796,23,23,-1.2267718183130372,down,0.11979861053520939
GO:0006094,Gluconeogenesis,0.024247067905304315,25,25,-2.8926349108789777,down,0.1208322156636319
GO:0045916,Negative Regulation of Complement Activation,0.024322624803953894,12,12,-2.211551478370761,down,0.1208322156636319
GO:0046034,ATP Metabolic Process,0.024336479671918827,55,55,2.9465400233192938,up,0.1208322156636319
GO:0051044,Positive Regulation of Membrane Protein Ectodomain Proteolysis,0.02428730013769441,15,15,-0.8678409706156641,down,0.1208322156636319
GO:0019319,Hexose Biosynthetic Process,0.024282513429824366,28,28,-1.8570399027202824,down,0.1208322156636319
GO:0008593,Regulation of Notch Signaling Pathway,0.02428509699794081,70,70,3.062319073725733,up,0.1208322156636319
GO:0030859,Polarized Epithelial Cell Differentiation,0.024171815632665683,14,14,4.346239336217149,up,0.1208322156636319
GO:0006354,DNA-templated Transcription Elongation,0.024564320557218505,29,29,3.3935656990891387,up,0.12178618811144233
GO:0050435,Amyloid-Beta Metabolic Process,0.024731257814898808,15,15,5.298164140432818,up,0.12243587867433937
GO:0051130,Positive Regulation of Cellular Component Organization,0.024777057344234445,105,105,2.69910041078203,up,0.12248484434954159
GO:0010743,Regulation of Macrophage Derived Foam Cell Differentiation,0.02488823979200908,29,29,-1.2320676871926537,down,0.12282761998889419
GO:0036336,Dendritic Cell Migration,0.02491841484383312,18,18,-1.515437348702311,down,0.12282761998889419
GO:0032204,Regulation of Telomere Maintenance,0.02500541026617379,52,52,2.4415156739764114,up,0.12307857780363463
GO:0010232,Vascular Transport,0.025150946755238643,82,82,-0.08210976301858951,down,0.1236165408964251
GO:0085020,Protein K6-linked Ubiquitination,0.025398627224829932,15,15,4.376376749734443,up,0.12429658172725236
GO:0048232,Male Gamete Generation,0.025363552205923342,22,22,3.268745062608457,up,0.12429658172725236
GO:0030101,Natural Killer Cell Activation,0.025369447545249148,29,29,-1.5568421728367583,down,0.12429658172725236
GO:0071354,Cellular Response to Interleukin-6,0.025506748680902504,22,22,-1.0141299636174292,down,0.12464687643346482
GO:0065003,Protein-Containing Complex Assembly,0.025642845758863567,317,317,2.076215916652211,up,0.1251326850979737
GO:0032653,Regulation of Interleukin-10 Production,0.02586130077445833,43,43,-0.2283506048209496,down,0.12601842420239626
GO:0046601,Positive Regulation of Centriole Replication,0.02594222624859141,10,10,6.2635545432371424,up,0.12605261215661726
GO:0032375,Negative Regulation of Cholesterol Transport,0.025931245824494024,10,10,-2.9858004399593363,down,0.12605261215661726
GO:0019218,Regulation of Steroid Metabolic Process,0.02609018492938056,21,21,-1.833102928538608,down,0.1265912102334525
GO:0051604,Protein Maturation,0.026244430248879257,145,145,2.1325324930058254,up,0.1266191677212548
GO:1901137,Carbohydrate Derivative Biosynthetic Process,0.026171094812313833,40,40,3.814747130250149,up,0.1266191677212548
GO:0008535,Respiratory Chain Complex IV Assembly,0.0262397294577907,27,27,3.403683389810318,up,0.1266191677212548
GO:0045039,Protein Insertion Into Mitochondrial Inner Membrane,0.026220087181860537,12,12,3.7155770843577423,up,0.1266191677212548
GO:0002227,Innate Immune Response in Mucosa,0.02637425261404372,15,15,4.380242839031275,up,0.12668247246897552
GO:0006612,Protein Targeting to Membrane,0.026361630074387944,61,61,2.8718991243090564,up,0.12668247246897552
GO:0040019,Positive Regulation of Embryonic Development,0.026406109037068776,13,13,4.045524288278082,up,0.12668247246897552
GO:0045428,Regulation of Nitric Oxide Biosynthetic Process,0.026328704258663533,45,45,-1.7612921051081727,down,0.12668247246897552
GO:0006402,mRNA Catabolic Process,0.026503996452002434,48,48,3.392906233008175,up,0.126795416406424
GO:0032272,Negative Regulation of Protein Polymerization,0.02648292011797252,28,28,3.1641359977452828,up,0.126795416406424
GO:0018126,Protein Hydroxylation,0.026761146440576308,12,12,5.245719928873653,up,0.1278463172392238
GO:0021782,Glial Cell Development,0.027209317444849532,23,23,2.556789841215258,up,0.1298055689571773
GO:0045995,Regulation of Embryonic Development,0.027355634350943504,55,55,2.679284888075473,up,0.13017034863651103
GO:2000001,Regulation of DNA Damage Checkpoint,0.02736210494646098,16,16,3.497538959492591,up,0.13017034863651103
GO:0006999,Nuclear Pore Organization,0.027471840896742393,14,14,4.23891132482926,up,0.13051037506795027
GO:0009311,Oligosaccharide Metabolic Process,0.027634889518807236,41,41,-0.7743580315137858,down,0.13110237572830527
GO:0030150,Protein Import Into Mitochondrial Matrix,0.027969870043353617,17,17,3.814129747626987,up,0.13235474420530471
GO:1900034,Regulation of Cellular Response to Heat,0.02797647920610516,14,14,4.839828985463773,up,0.13235474420530471
GO:0010165,Response to X-ray,0.028051848632170702,10,10,5.507897132088364,up,0.1325275009478314
GO:0006486,Protein Glycosylation,0.02830170113313979,138,138,2.1102275434771705,up,0.13352296343726117
GO:0010608,Post-Transcriptional Regulation of Gene Expression,0.028343391073437398,56,56,2.506779213515287,up,0.1335349543528936
GO:0062013,Positive Regulation of Small Molecule Metabolic Process,0.028394703232661495,19,19,-1.9857475621295613,down,0.13359218307118395
GO:0050776,Regulation of Immune Response,0.028719512454694337,87,87,0.1115403051411355,down,0.13493423826854323
GO:0031116,Positive Regulation of Microtubule Polymerization,0.028886103450585444,29,29,3.146894405192617,up,0.13553025979359967
GO:0000038,Very Long-Chain Fatty Acid Metabolic Process,0.02896642994169888,29,29,-1.6279788005260043,down,0.13572045677353692
GO:0017148,Negative Regulation of Translation,0.029099934686745908,97,97,2.731875305393741,up,0.1358287515102834
GO:0031145,Anaphase-Promoting Complex-Dependent Catabolic Process,0.029052144104754696,21,21,3.371408085049114,up,0.1358287515102834
GO:0050658,RNA Transport,0.029109005380831766,42,42,3.1184437049638003,up,0.1358287515102834
GO:0006465,Signal Peptide Processing,0.029207478168549936,12,12,4.123345442914976,up,0.13610206015426754
GO:0110075,Regulation of Ferroptosis,0.029301569944539703,11,11,7.964565205797287,up,0.136354236126637
GO:0032469,Endoplasmic Reticulum Calcium Ion Homeostasis,0.029353176260527084,19,19,3.7606108887179337,up,0.13640828913441128
GO:0072376,Protein Activation Cascade,0.02954613615645531,13,13,-3.38216922573792,down,0.13674609284894038
GO:0072378,"Blood Coagulation, Fibrin Clot Formation",0.02954613615645531,13,13,-3.38216922573792,down,0.13674609284894038
GO:0071027,Nuclear RNA Surveillance,0.029510233219905396,13,13,5.120229348338286,up,0.13674609284894038
GO:0006487,Protein N-linked Glycosylation,0.0295928378804684,62,62,2.0347376406161217,up,0.13677665313045761
GO:0032680,Regulation of Tumor Necrosis Factor Production,0.029789383114898045,120,120,0.4337518401731522,down,0.13749876292952262
GO:0009893,Positive Regulation of Metabolic Process,0.02997410886712565,137,137,-0.1051953134896377,down,0.13816443965643999
GO:1990858,Cellular Response to Lectin,0.030239144372710285,18,18,-1.6336756047211523,down,0.13845063282592587
GO:0097305,Response to Alcohol,0.030084457266393482,29,29,-0.6418727132551504,down,0.13845063282592587
GO:0002223,Stimulatory C-type Lectin Receptor Signaling Pathway,0.030239144372710285,18,18,-1.6336756047211523,down,0.13845063282592587
GO:0042219,Modified Amino Acid Catabolic Process,0.03023254323727702,17,17,-1.3801161179592702,down,0.13845063282592587
GO:2000819,Regulation of Nucleotide-Excision Repair,0.030155550237226134,26,26,3.522446982804024,up,0.13845063282592587
GO:0042100,B Cell Proliferation,0.0303190152509459,16,16,-1.8316524901499966,down,0.13851651240248974
GO:0001818,Negative Regulation of Cytokine Production,0.030334750737220712,179,179,-0.0471132713402686,down,0.13851651240248974
GO:0120161,Regulation of Cold-Induced Thermogenesis,0.030383368880437474,139,139,-0.0471132713402686,down,0.13855303643204844
GO:0006414,Translational Elongation,0.030578613652012185,49,49,2.670852688239826,up,0.13925181913212428
GO:0045948,Positive Regulation of Translational Initiation,0.030618253986834713,16,16,4.954555026621399,up,0.13925181913212428
GO:0007269,Neurotransmitter Secretion,0.030712920468829022,31,31,3.6689206462973134,up,0.13949636713605298
GO:0046320,Regulation of Fatty Acid Oxidation,0.030866854416073647,15,15,-5.019328740624385,down,0.14000909629418512
GO:0023057,Negative Regulation of Signaling,0.03114607669084258,27,27,-0.4998428063061705,down,0.14090088540114595
GO:0060586,Multicellular Organismal-Level Iron Ion Homeostasis,0.031114238577928638,15,15,-1.7575524203739643,down,0.14090088540114595
GO:0071320,Cellular Response to cAMP,0.031252048316223115,34,34,-0.9701727543546843,down,0.14100626561724477
GO:0044774,Mitotic DNA Integrity Checkpoint Signaling,0.031227037809870784,12,12,4.881376778915705,up,0.14100626561724477
GO:0034144,Negative Regulation of Toll-Like Receptor 4 Signaling Pathway,0.03159472632487555,13,13,4.289187827364167,up,0.1419889479501324
GO:0032006,Regulation of TOR Signaling,0.031567326199032734,76,76,2.1360512528050934,up,0.1419889479501324
GO:0043542,Endothelial Cell Migration,0.03156518037428191,41,41,2.705896347787476,up,0.1419889479501324
GO:0098930,Axonal Transport,0.0317304117312762,37,37,3.0234848461443184,up,0.1424110979149778
GO:0032376,Positive Regulation of Cholesterol Transport,0.031793650971647755,28,28,-1.485804185670661,down,0.14250741585320695
GO:0032103,Positive Regulation of Response to External Stimulus,0.03184821082055295,151,151,0.4499017926987633,down,0.14256462875184528
GO:0044743,Protein Transmembrane Import Into Intracellular Organelle,0.03200108442979875,31,31,3.086010920536832,up,0.14287931627843561
GO:0044782,Cilium Organization,0.032002286026597715,217,217,2.005666377920209,up,0.14287931627843561
GO:0042129,Regulation of T Cell Proliferation,0.032165923586981074,76,76,0.2661087618957491,down,0.14329937523508793
GO:0032956,Regulation of Actin Cytoskeleton Organization,0.03218039326592711,99,99,2.5104006033025468,up,0.14329937523508793
GO:0010762,Regulation of Fibroblast Migration,0.032235362589594904,20,20,3.4650202068605074,up,0.14335700364160134
GO:0010883,Regulation of Lipid Storage,0.03233233542646676,23,23,-2.061715785025369,down,0.14341429927136298
GO:0032101,Regulation of Response to External Stimulus,0.0323073774199061,119,119,-0.0350376838022935,down,0.14341429927136298
GO:0051292,Nuclear Pore Complex Assembly,0.03241938858409681,10,10,6.043249918182414,up,0.14361368111734316
GO:0045740,Positive Regulation of DNA Replication,0.032704818909793335,23,23,3.335465433807105,up,0.14447133206858037
GO:0045198,Establishment of Epithelial Cell Apical/Basal Polarity,0.032740058542659815,10,10,4.346239336217149,up,0.14447133206858037
GO:0030201,Heparan Sulfate Proteoglycan Metabolic Process,0.03272253743575183,21,21,4.536934011745579,up,0.14447133206858037
GO:0031663,Lipopolysaccharide-Mediated Signaling Pathway,0.03280978364946959,15,15,-2.837059602304329,down,0.14459195352498808
GO:0061668,Mitochondrial Ribosome Assembly,0.033136815393162676,15,15,2.8682715682896105,up,0.14584474491106825
GO:0055002,Striated Muscle Cell Development,0.03327509768872339,22,22,-1.0585373320494988,down,0.1462646368765921
GO:0099177,Regulation of Trans-Synaptic Signaling,0.033500037857046736,42,42,-0.3617136108764873,down,0.1468748446405995
GO:0042987,Amyloid Precursor Protein Catabolic Process,0.03349641658444452,15,15,5.298164140432818,up,0.1468748446405995
GO:0010906,Regulation of Glucose Metabolic Process,0.033582470768587266,28,28,-1.2490024818946097,down,0.14704725005346747
GO:0036258,Multivesicular Body Assembly,0.03403050404662507,30,30,2.950811471285574,up,0.14749434473067105
GO:0032663,Regulation of Interleukin-2 Production,0.03402835943612848,47,47,-0.7849834922819957,down,0.14749434473067105
GO:0000079,Regulation of Cyclin-Dependent Protein Serine/Threonine Kinase Activity,0.03396437670938141,45,45,4.555218335354724,up,0.14749434473067105
GO:0061180,Mammary Gland Epithelium Development,0.03397981697620123,15,15,-1.8612920534857444,down,0.14749434473067105
GO:0007200,Phospholipase C-activating G Protein-Coupled Receptor Signaling Pathway,0.03389750796493155,78,78,0.2814056977470318,down,0.14749434473067105
GO:2000272,Negative Regulation of Signaling Receptor Activity,0.03376726551537619,16,16,-1.6197279324010432,down,0.14749434473067105
GO:0046463,Acylglycerol Biosynthetic Process,0.03386466240065713,20,20,-2.1854696255264123,down,0.14749434473067105
GO:0048026,"Positive Regulation of mRNA Splicing, via Spliceosome",0.03382536404425181,17,17,3.4095396959924456,up,0.14749434473067105
GO:0019646,Aerobic Electron Transport Chain,0.034207264164093254,63,63,2.497000855052785,up,0.14769744058699
GO:0036010,Protein Localization to Endosome,0.03416583812742214,10,10,4.333401495031122,up,0.14769744058699
GO:0042461,Photoreceptor Cell Development,0.03415803575549931,14,14,-1.0571729258078864,down,0.14769744058699
GO:0051249,Regulation of Lymphocyte Activation,0.034440430797691546,17,17,-2.836239120697781,down,0.14834899915557162
GO:0032511,Late Endosome to Vacuole Transport via Multivesicular Body Sorting Pathway,0.03444515019971056,25,25,3.5431249128592825,up,0.14834899915557162
GO:0031338,Regulation of Vesicle Fusion,0.03451926632973336,11,11,4.167364528897387,up,0.14848072818501953
GO:1902373,Negative Regulation of mRNA Catabolic Process,0.03469257287943071,40,40,3.4981980109102393,up,0.1487363597193449
GO:0031115,Negative Regulation of Microtubule Polymerization,0.034690232063214095,12,12,4.717248164932075,up,0.1487363597193449
GO:0031573,Mitotic intra-S DNA Damage Checkpoint Signaling,0.03470951109252376,13,13,3.173821646021415,up,0.1487363597193449
GO:0032743,Positive Regulation of Interleukin-2 Production,0.035201011550395234,24,24,-1.8746678564026555,down,0.15027615819574236
GO:0032509,Endosome Transport via Multivesicular Body Sorting Pathway,0.03512099595397258,23,23,2.358498029711865,up,0.15027615819574236
GO:0008334,Histone mRNA Metabolic Process,0.03517114726015686,23,23,4.362426239283183,up,0.15027615819574236
GO:0006749,Glutathione Metabolic Process,0.03540758431475309,34,34,-1.2182661102460877,down,0.15096908762202849
GO:0034379,Very-Low-Density Lipoprotein Particle Assembly,0.035538677600037684,10,10,-5.368894744011132,down,0.15128013784325453
GO:0070509,Calcium Ion Import,0.03560144110660569,30,30,-0.6038000488800661,down,0.15128013784325453
GO:0021952,Central Nervous System Projection Neuron Axonogenesis,0.03561358859224081,11,11,-2.414130117731415,down,0.15128013784325453
GO:0032760,Positive Regulation of Tumor Necrosis Factor Production,0.035712739648968324,76,76,0.0304391261471824,down,0.15151263052566039
GO:1902656,Calcium Ion Import Into Cytosol,0.03608605963056467,24,24,-1.2444757551982477,down,0.15271656253083882
GO:0042982,Amyloid Precursor Protein Metabolic Process,0.03607032635699121,17,17,3.1051369692180164,up,0.15271656253083882
GO:0007616,Long-Term Memory,0.036341947510324164,19,19,-0.3999315455539705,down,0.1536089008150133
GO:0036257,Multivesicular Body Organization,0.03651358840599025,31,31,2.358498029711865,up,0.15385817077949232
GO:0034472,snRNA 3'-End Processing,0.03649068993470502,20,20,4.192539696709789,up,0.15385817077949232
GO:0035542,Regulation of SNARE Complex Assembly,0.03655496025156017,12,12,4.089992539557751,up,0.15385817077949232
GO:0042776,Proton Motive Force-Driven Mitochondrial ATP Synthesis,0.0365813475526732,52,52,2.9367855556618627,up,0.15385817077949232
GO:0010507,Negative Regulation of Autophagy,0.03719655043242578,65,65,2.604073963453116,up,0.15625299695197578
GO:0034616,Response to Laminar Fluid Shear Stress,0.0372869163258284,10,10,-3.241758325637338,down,0.15643994045190734
GO:0000096,Sulfur Amino Acid Metabolic Process,0.03738349958514704,17,17,-2.4793662650283284,down,0.15665247799132256
GO:0061718,Glucose Catabolic Process to Pyruvate,0.03758136967308736,13,13,4.903101068632103,up,0.15709565190551592
GO:0061621,Canonical Glycolysis,0.03758136967308736,13,13,4.903101068632103,up,0.15709565190551592
GO:0048255,mRNA Stabilization,0.0376608295602391,50,50,2.852015267095865,up,0.15723511582616348
GO:0090189,Regulation of Branching Involved in Ureteric Bud Morphogenesis,0.03789121482525768,11,11,5.305811482400613,up,0.15800358651461363
GO:0018108,Peptidyl-Tyrosine Phosphorylation,0.03816601414859095,56,56,0.16061314747172512,down,0.15876131007419966
GO:0038083,Peptidyl-Tyrosine Autophosphorylation,0.03812155662475518,12,12,-1.717774681642046,down,0.15876131007419966
GO:1990869,Cellular Response to Chemokine,0.038311063573689054,44,44,-0.9122525939872099,down,0.15897693169081917
GO:0032722,Positive Regulation of Chemokine Production,0.038306297684290946,50,50,0.8020923799484205,down,0.15897693169081917
GO:0016101,Diterpenoid Metabolic Process,0.03844953822760889,23,23,-0.5790969579087166,down,0.15935768516934862
GO:0043162,Ub-dep Prot Cat Proc via Multivsiclr Bdy Sorting Pway,0.03878185049160801,33,33,3.325319909843551,up,0.16042775129924683
GO:0022904,Respiratory Electron Transport Chain,0.038801786813802,10,10,-3.4034705482230834,down,0.16042775129924683
GO:0006639,Acylglycerol Metabolic Process,0.03891000593515721,34,34,-1.1024697990967112,down,0.16046442300792835
GO:0070098,Chemokine-Mediated Signaling Pathway,0.03895178605997206,43,43,-0.6894724886272738,down,0.16046442300792835
GO:0045050,Protein Insertion Into ER Membrane by Stop-Transfer Membrane-Anchor Sequence,0.03893640242678293,10,10,4.029122217429432,up,0.16046442300792835
GO:0002456,T Cell Mediated Immunity,0.03901929499345027,20,20,-1.8752901728383966,down,0.16054863114916632
GO:0036315,Cellular Response to Sterol,0.03907101865674336,17,17,-1.833102928538608,down,0.16056776462427902
GO:0032740,Positive Regulation of Interleukin-17 Production,0.03967125874694324,21,21,-1.130659260464501,down,0.16283834366525077
GO:0120162,Positive Regulation of Cold-Induced Thermogenesis,0.039743188870755695,91,91,-0.0610062294764592,down,0.1629375207189275
GO:0036465,Synaptic Vesicle Recycling,0.04016989887058551,31,31,3.664345550368316,up,0.16448922574737956
GO:1903557,Positive Regulation of Tumor Necrosis Factor Superfamily Cytokine Production,0.0404168241903494,79,79,0.0454859468347096,down,0.16488955406613393
GO:0050680,Negative Regulation of Epithelial Cell Proliferation,0.040327689540669724,67,67,0.4585007705777021,down,0.16488955406613393
GO:0033043,Regulation of Organelle Organization,0.040461025140238666,95,95,2.5076970254577358,up,0.16488955406613393
GO:1903894,Regulation of IRE1-mediated Unfolded Protein Response,0.04043584509148437,15,15,3.8815628172127057,up,0.16488955406613393
GO:0032649,Regulation of Type II Interferon Production,0.04055838041791195,81,81,0.0454859468347096,down,0.1650890639683743
GO:0055078,Sodium Ion Homeostasis,0.04087044599499514,22,22,-0.6230393784209635,down,0.16616101464711375
GO:0008015,Blood Circulation,0.04093318084593707,38,38,-0.9176378702337349,down,0.16621795222082303
GO:0006287,"Base-Excision Repair, Gap-Filling",0.04122177136441065,11,11,3.039587443698105,up,0.1667105471982399
GO:0050996,Positive Regulation of Lipid Catabolic Process,0.041249985879599674,21,21,-1.268541218678249,down,0.1667105471982399
GO:0031998,Regulation of Fatty Acid Beta-Oxidation,0.04116518862868683,13,13,-2.028224341614109,down,0.1667105471982399
GO:0032755,Positive Regulation of Interleukin-6 Production,0.04116996561019079,71,71,0.1026019448752161,down,0.1667105471982399
GO:0051101,Regulation of DNA Binding,0.042248842994977706,40,40,2.6183216380416807,up,0.17054532953357274
GO:0051607,Defense Response to Virus,0.04272846787552364,182,182,0.42697468532265914,down,0.1722775460087602
GO:0032970,Regulation of Actin Filament-Based Process,0.042989622980135346,94,94,2.469776824506302,up,0.17312586066734553
GO:0009894,Regulation of Catabolic Process,0.04328405608308849,78,78,2.4218229103563074,up,0.17410603219270618
GO:0044319,"Wound Healing, Spreading of Cells",0.043908740492014535,25,25,3.452760555514054,up,0.17583983409464352
GO:0003382,Epithelial Cell Morphogenesis,0.04384920867343217,17,17,-1.008549674020683,down,0.17583983409464352
GO:0032729,Positive Regulation of Type II Interferon Production,0.043921295411502866,52,52,-0.7454266233793361,down,0.17583983409464352
GO:0042471,Ear Morphogenesis,0.0439174285227895,21,21,3.137825078013776,up,0.17583983409464352
GO:0090200,Positive Regulation of Release of Cytochrome C From Mitochondria,0.04475129387667072,20,20,3.73678186151137,up,0.17853410925534952
GO:0014742,Positive Regulation of Muscle Hypertrophy,0.044714059761364194,17,17,-1.8406943725881872,down,0.17853410925534952
GO:2000773,Negative Regulation of Cellular Senescence,0.04467957501696036,16,16,3.4656607347945556,up,0.17853410925534952
GO:0060395,SMAD Protein Signal Transduction,0.04509371976782378,18,18,-0.4708555348874287,down,0.17954077311071617
GO:1902745,Positive Regulation of Lamellipodium Organization,0.04510889550157835,29,29,3.842402312089976,up,0.17954077311071617
GO:0141091,Transforming Growth Factor Beta Receptor Superfamily Signaling Pathway,0.045371663204682784,109,109,0.6157413327400808,down,0.18037615756546968
GO:0051382,Kinetochore Assembly,0.04560756335431391,10,10,6.1296869430258445,up,0.18082427247225066
GO:0051180,Vitamin Transport,0.045610144684551455,38,38,-0.34486765431391603,down,0.18082427247225066
GO:0032872,Regulation of Stress-Activated MAPK Cascade,0.04566173073802788,30,30,2.845556196439646,up,0.18082427247225066
GO:0051246,Regulation of Protein Metabolic Process,0.04569643004136032,85,85,2.0332856782968647,up,0.18082427247225066
GO:0007009,Plasma Membrane Organization,0.04583016513212822,70,70,1.934584856475438,up,0.1811433293924558
GO:0002244,Hematopoietic Progenitor Cell Differentiation,0.045979856121953544,26,26,0.12947242403013756,down,0.18152464031479576
GO:0043491,Phosphatidylinositol 3-Kinase/Protein Kinase B Signal Transduction,0.04616066667328005,38,38,-0.8910380008368313,down,0.18202778499717717
GO:0032211,Negative Regulation of Telomere Maintenance via Telomerase,0.046337901843303,21,21,3.609624861808467,up,0.182515684974026
GO:0051154,Negative Regulation of Striated Muscle Cell Differentiation,0.046444148858114556,15,15,3.9242229719746273,up,0.18272317388123271
GO:0001754,Eye Photoreceptor Cell Differentiation,0.046637130691524066,13,13,-1.9636702343002912,down,0.18327102855851218
GO:0045471,Response to Ethanol,0.04686008610278982,13,13,-0.4998428063061705,down,0.18393527467965026
GO:0010039,Response to Iron Ion,0.04697189969521845,13,13,-2.6166434341544837,down,0.18416224121883923
GO:2000179,Positive Regulation of Neural Precursor Cell Proliferation,0.04755824588261506,20,20,3.4819201938014115,up,0.18624704558622274
GO:0045652,Regulation of Megakaryocyte Differentiation,0.047886379619935575,18,18,3.6035955647989386,up,0.1873154979018391
GO:0009891,Positive Regulation of Biosynthetic Process,0.047940905795457504,85,85,-0.3268895121005192,down,0.1873154979018391
GO:0048704,Embryonic Skeletal System Morphogenesis,0.04823843051434224,28,28,3.4446127528667674,up,0.18826234151535629
GO:0007097,Nuclear Migration,0.04907087640440509,19,19,2.8027329301755324,up,0.19129229647477228
GO:0032790,Ribosome Disassembly,0.049281636092077086,40,40,3.0060104445305935,up,0.1918945898516837
GO:0150104,Transport Across Blood-Brain Barrier,0.04943514458883676,84,84,0.0694450661311324,down,0.1921513901943487
GO:0006730,One-Carbon Metabolic Process,0.04946025229863329,10,10,-2.411955476083161,down,0.1921513901943487
GO:0070741,Response to Interleukin-6,0.050058477041835414,12,12,-0.9714956369061083,down,0.19425422660944322
GO:0001990,Regulation of Systemic Arterial Blood Pressure by Hormone,0.0502451582821633,11,11,-2.9669312530215146,down,0.19475708511415796
GO:0031016,Pancreas Development,0.050316514006833485,12,12,-3.571627599679852,down,0.1948122920287276
GO:0006814,Sodium Ion Transport,0.05037440616805645,84,84,0.0403638335627953,down,0.19481530548666728
GO:0008213,Protein Alkylation,0.05062648740673982,11,11,3.590878944096442,up,0.1955684581476665
GO:0034763,Negative Regulation of Transmembrane Transport,0.05092957307347496,11,11,-2.2135136266782443,down,0.19620275504134987
GO:0006816,Calcium Ion Transport,0.05096324859766519,115,115,0.2868176469008338,down,0.19620275504134987
GO:0019364,Pyridine Nucleotide Catabolic Process,0.05094526718294564,28,28,3.7758577920063523,up,0.19620275504134987
GO:0007006,Mitochondrial Membrane Organization,0.051078597459324214,31,31,3.854433868649381,up,0.19642513634019715
GO:0050901,Leukocyte Tethering or Rolling,0.05123982798254814,17,17,-0.4688632753958081,down,0.19682325816269336
GO:0006356,Regulation of Transcription by RNA Polymerase I,0.051424084344614124,29,29,3.923031307642899,up,0.19686593905665406
GO:0042462,Eye Photoreceptor Cell Development,0.05141686459154085,15,15,-1.1817519438550894,down,0.19686593905665406
GO:0042531,Positive Regulation of Tyrosine Phosphorylation of STAT Protein,0.0514091477111168,20,20,-0.7573521320718948,down,0.19686593905665406
GO:0035967,Cellular Response to Topologically Incorrect Protein,0.05154203384788643,26,26,3.9232224803565843,up,0.19709627517392445
GO:0009057,Macromolecule Catabolic Process,0.051800804683877634,44,44,2.2634678727599873,up,0.19786399191120563
GO:0000959,Mitochondrial RNA Metabolic Process,0.05208556126696722,24,24,3.0890232560173114,up,0.1985070943928773
GO:0051403,Stress-Activated MAPK Cascade,0.052040978844469545,15,15,3.512456965086666,up,0.1985070943928773
GO:0000302,Response to Reactive Oxygen Species,0.05226962771749726,54,54,-0.15700502889409695,down,0.1989862724825705
GO:2000279,Negative Regulation of DNA Biosynthetic Process,0.05237492130214854,26,26,3.205610972302971,up,0.19916483451686587
GO:0051962,Positive Regulation of Nervous System Development,0.052646877946430505,44,44,-0.24198137949734394,down,0.19953166741697162
GO:0032386,Regulation of Intracellular Transport,0.052590419995613105,50,50,2.8155425452921796,up,0.19953166741697162
GO:0043085,Positive Regulation of Catalytic Activity,0.05254737695433793,29,29,2.836509728840668,up,0.19953166741697162
GO:0007158,Neuron Cell-Cell Adhesion,0.052814525644425465,13,13,-1.7556980252070933,down,0.19994489120214792
GO:0007264,Small GTPase-mediated Signal Transduction,0.053080495421568,184,184,2.0369800513513,up,0.200284922436912
GO:0010744,Positive Regulation of Macrophage Derived Foam Cell Differentiation,0.053078858631927885,16,16,-1.9043969492035075,down,0.200284922436912
GO:0035330,Regulation of Hippo Signaling,0.05298825899121854,41,41,2.836509728840668,up,0.200284922436912
GO:0045667,Regulation of Osteoblast Differentiation,0.05317538857249746,88,88,0.31188585178666417,down,0.2004212711831921
GO:0046655,Folic Acid Metabolic Process,0.0533706803930414,11,11,-1.2940673932035904,down,0.20060053019078755
GO:0030100,Regulation of Endocytosis,0.0533222975351862,64,64,2.8468971029717505,up,0.20060053019078755
GO:0150078,Positive Regulation of Neuroinflammatory Response,0.0533993788957007,10,10,-1.9792725709096568,down,0.20060053019078755
GO:0002449,Lymphocyte Mediated Immunity,0.05360583605380117,17,17,-2.039330509441984,down,0.20115457291475886
GO:0035437,Maintenance of Protein Localization in Endoplasmic Reticulum,0.05396343940437464,10,10,4.50367018104771,up,0.2016780451152654
GO:0043149,Stress Fiber Assembly,0.053981839692241955,17,17,3.5229890944905957,up,0.2016780451152654
GO:0141087,Positive Regulation of Inflammasome-Mediated Signaling Pathway,0.05384719480422852,25,25,-0.264536637286732,down,0.2016780451152654
GO:0030038,Contractile Actin Filament Bundle Assembly,0.053981839692241955,17,17,3.5229890944905957,up,0.2016780451152654
GO:0050729,Positive Regulation of Inflammatory Response,0.05407272873297969,105,105,0.341769843272501,down,0.20179658392581368
GO:0050672,Negative Regulation of Lymphocyte Proliferation,0.05452972492030178,42,42,0.19360967472638418,down,0.20327966306355122
GO:0098657,Import Into Cell,0.05468638306408691,18,18,3.8751173086867388,up,0.2036411054930136
GO:2000319,Regulation of T-helper 17 Cell Differentiation,0.05478082210266023,10,10,-1.9978040874739915,down,0.20377032082025523
GO:0002460,Adaptive Imm Resp Based on Som Recomb of Imm Rcptrs Built Frm IgSF Domains,0.05485371865586822,24,24,-1.6303819159878286,down,0.2038192095154319
GO:0042551,Neuron Maturation,0.055062684412852454,16,16,-2.2326075763600555,down,0.20415088753504318
GO:1901655,Cellular Response to Ketone,0.05504070515274824,43,43,-0.3765446265149044,down,0.20415088753504318
GO:1901989,Positive Regulation of Cell Cycle Phase Transition,0.055244056582762456,16,16,3.2104295418920614,up,0.2046009522299704
GO:0030968,Endoplasmic Reticulum Unfolded Protein Response,0.05551399492516679,47,47,3.131340970934388,up,0.2048492520831572
GO:1903232,Melanosome Assembly,0.05555132165843459,18,18,3.77203842970661,up,0.2048492520831572
GO:0099560,Synaptic Membrane Adhesion,0.05544398105993372,14,14,-0.24198137949734394,down,0.2048492520831572
GO:0045936,Negative Regulation of Phosphate Metabolic Process,0.05552262505715526,20,20,5.239618653575522,up,0.2048492520831572
GO:0085029,Extracellular Matrix Assembly,0.055838665045289566,18,18,-0.9432284843452678,down,0.20568648646812387
GO:0071375,Cellular Response to Peptide Hormone Stimulus,0.05606759002213794,86,86,-0.4127573217279972,down,0.20630695746009978
GO:0140719,Constitutive Heterochromatin Formation,0.05613171727802605,34,34,2.3803075805236165,up,0.20632035305533067
GO:0006029,Proteoglycan Metabolic Process,0.05619689988333651,22,22,4.237801422982159,up,0.20633759472772967
GO:0002230,Positive Regulation of Defense Response to Virus by Host,0.0563256334943383,27,27,-0.1595496318440466,down,0.20658788800987948
GO:0016236,Macroautophagy,0.056469790461499705,158,158,1.8173742864947457,up,0.20689415173380826
GO:0035088,Establishment or Maintenance of Apical/Basal Cell Polarity,0.057179399156918616,26,26,2.7696324087298825,up,0.20904494161227158
GO:2000352,Negative Regulation of Endothelial Cell Apoptotic Process,0.05713989952653115,24,24,-1.610661613210203,down,0.20904494161227158
GO:2000736,Regulation of Stem Cell Differentiation,0.05731872105309351,48,48,1.6807073717672634,up,0.2093299330964689
GO:0050795,Regulation of Behavior,0.05758346547199115,18,18,-0.1918146862773982,down,0.21007187243311423
GO:0030488,tRNA Methylation,0.057858045469691415,35,35,3.209381940374039,up,0.21017443354325605
GO:2000402,Negative Regulation of Lymphocyte Migration,0.057832775499603556,11,11,-2.0881069695236034,down,0.21017443354325605
GO:0045736,Negative Regulation of Cyclin-Dependent Protein Serine/Threonine Kinase Activity,0.05778580668811063,13,13,-2.463136603198445,down,0.21017443354325605
GO:0099111,Microtubule-Based Transport,0.05772450006789133,14,14,2.7978125686210773,up,0.21017443354325605
GO:0055013,Cardiac Muscle Cell Development,0.0580414446799426,19,19,-1.0108039311950543,down,0.2106163487268981
GO:2001242,Regulation of Intrinsic Apoptotic Signaling Pathway,0.05824499130875087,46,46,3.5944007341443527,up,0.21113035638060487
GO:0031112,Positive Regulation of Microtubule Polymerization or Depolymerization,0.058384810953098505,27,27,3.146894405192617,up,0.21141251609449999
GO:0032496,Response to Lipopolysaccharide,0.05939942259050329,138,138,0.6015418670150678,down,0.21481809015507958
GO:0002407,Dendritic Cell Chemotaxis,0.05947893260240576,15,15,-1.849114278662354,down,0.21481809015507958
GO:0010648,Negative Regulation of Cell Communication,0.059565278954161874,20,20,-0.38249758355995,down,0.21481809015507958
GO:0034599,Cellular Response to Oxidative Stress,0.059577882394571846,115,115,2.6862153819679224,up,0.21481809015507958
GO:0045010,Actin Nucleation,0.05964020269037243,17,17,3.842402312089976,up,0.21481809015507958
GO:0043488,Regulation of mRNA Stability,0.05986026349256561,76,76,2.655113008557601,up,0.21538328984508578
GO:0060213,Positive Regulation of Nuclear-Transcribed mRNA poly(A) Tail Shortening,0.06008870887415336,12,12,-2.5892522905559017,down,0.21575009049446012
GO:0043065,Positive Regulation of Apoptotic Process,0.060069415545941245,300,300,1.768462441746669,up,0.21575009049446012
GO:0098703,Calcium Ion Import Across Plasma Membrane,0.06041012072030958,23,23,-0.7438366137624389,down,0.21599467691506916
GO:0002673,Regulation of Acute Inflammatory Response,0.06034354891224284,17,17,0.1488952748229449,down,0.21599467691506916
GO:0032924,Activin Receptor Signaling Pathway,0.060393366975997856,21,21,-0.3292367919323855,down,0.21599467691506916
GO:0032784,Regulation of DNA-templated Transcription Elongation,0.060298574897124625,37,37,2.888746889925629,up,0.21599467691506916
GO:0061763,Multivesicular Body-Lysosome Fusion,0.06070577115949676,10,10,3.284822359268551,up,0.21637135363118437
GO:0045907,Positive Regulation of Vasoconstriction,0.06063591587020667,12,12,-1.2146526382402456,down,0.21637135363118437
GO:0051177,Meiotic Sister Chromatid Cohesion,0.06069773426481468,12,12,5.653574817012323,up,0.21637135363118437
GO:0006706,Steroid Catabolic Process,0.060862838675585014,12,12,-4.239469289645383,down,0.21661124642462454
GO:0032660,Regulation of Interleukin-17 Production,0.060963587384239105,30,30,-1.1274018386552078,down,0.21661124642462454
GO:0000479,Endonucleolytic Clvg of Tricistronic rRNA Trnscpt,0.060941786786099156,13,13,4.1061918029700735,up,0.21661124642462454
GO:0007041,Lysosomal Transport,0.06146059451699823,68,68,2.586115556747316,up,0.2181499353771914
GO:1904357,Negative Regulation of Telomere Maintenance via Telomere Lengthening,0.06152643299287164,28,28,3.4164268285884,up,0.2181566142813775
GO:0000002,Mitochondrial Genome Maintenance,0.06183337923432054,12,12,4.92809723229418,up,0.2190172965402569
GO:1903322,Positive Regulation of Protein Modification by Small Protein Conjugation or Removal,0.062272258388581934,78,78,3.0624519468743063,up,0.2201146874232673
GO:0032870,Cellular Response to Hormone Stimulus,0.06221882074491217,75,75,0.6215751254532533,down,0.2201146874232673
GO:0141137,"Positive Regulation of Gene Expression, Epigenetic",0.06267438730495645,43,43,1.8797411277397045,up,0.22130676511097974
GO:0034112,Positive Regulation of Homotypic Cell-Cell Adhesion,0.06288345072528226,18,18,-1.7880781306619444,down,0.22181535721193155
GO:0042509,Regulation of Tyrosine Phosphorylation of STAT Protein,0.06325168857712038,24,24,-0.28623260698593034,down,0.2226537768179129
GO:0008637,Apoptotic Mitochondrial Changes,0.06323327729735102,31,31,3.7294237936510384,up,0.2226537768179129
GO:0010830,Regulation of Myotube Differentiation,0.06371604280407164,20,20,3.3051740826224703,up,0.22395677424449612
GO:0007520,Myoblast Fusion,0.06375315971603802,15,15,-1.2846243203926342,down,0.22395677424449612
GO:1902652,Secondary Alcohol Metabolic Process,0.0638548648461661,43,43,-0.4489700169410899,down,0.22408327571015696
GO:0010575,Positive Regulation of Vascular Endothelial Growth Factor Production,0.06475867081123167,25,25,-0.9514841851621336,down,0.22695277057399685
GO:2000392,Regulation of Lamellipodium Morphogenesis,0.06480562841954644,10,10,3.8685245309328744,up,0.22695277057399685
GO:0043523,Regulation of Neuron Apoptotic Process,0.06498840168140328,115,115,2.3329264908405927,up,0.2273141536267182
GO:0000165,MAPK Cascade,0.06504210317785898,111,111,2.0745835290883554,up,0.2273141536267182
GO:0140374,Antiviral Innate Immune Response,0.06558870726953525,60,60,-0.1588046506872787,down,0.22898984697685235
GO:0010818,T Cell Chemotaxis,0.06577213058690655,11,11,-0.899655875191083,down,0.22939543704697163
GO:0001941,Postsynaptic Membrane Organization,0.06610213119733907,12,12,-1.2011366350517432,down,0.23031089838010582
GO:0034614,Cellular Response to Reactive Oxygen Species,0.06636400512365018,68,68,-0.27844106869805596,down,0.23098736885384769
GO:0032965,Regulation of Collagen Biosynthetic Process,0.06671542878236898,20,20,3.488328149907137,up,0.2319738303533747
GO:0014074,Response to Purine-Containing Compound,0.06682701637050677,23,23,3.259703762176429,up,0.23212520655783972
GO:0031398,Positive Regulation of Protein Ubiquitination,0.06747964862483011,75,75,2.7960096738084284,up,0.23415369426174518
GO:0006563,L-serine Metabolic Process,0.06786713115834143,10,10,-0.792305566704285,down,0.23525892721656771
GO:0018212,Peptidyl-Tyrosine Modification,0.06807838404428608,46,46,0.2729234604732887,down,0.23575164261427392
GO:0019433,Triglyceride Catabolic Process,0.06821691394305975,11,11,-2.8737988727175074,down,0.23575267827738275
GO:0046330,Positive Regulation of JNK Cascade,0.06819252782131986,79,79,0.3234164659472601,down,0.23575267827738275
GO:0048667,Cell Morphogenesis Involved in Neuron Differentiation,0.06882098960593099,79,79,2.276075636952243,up,0.23688031841153437
GO:0099643,Signal Release From Synapse,0.06878093401980626,29,29,3.4106504948181326,up,0.23688031841153437
GO:1905907,Negative Regulation of Amyloid Fibril Formation,0.06876272237563125,12,12,5.1296827944746575,up,0.23688031841153437
GO:0032655,Regulation of Interleukin-12 Production,0.068819810000386,47,47,-0.0471132713402686,down,0.23688031841153437
GO:0019985,Translesion Synthesis,0.06918819169144229,23,23,4.066298166666287,up,0.23790415510031213
GO:0022617,Extracellular Matrix Disassembly,0.06965234109287334,36,36,2.678441794135419,up,0.2392589481045226
GO:0051930,Regulation of Sensory Perception of Pain,0.07002238408541626,11,11,-1.059380610555896,down,0.24028808059894857
GO:0006684,Sphingomyelin Metabolic Process,0.07039312562894232,12,12,-1.6034021404896557,down,0.241075252530444
GO:0006401,RNA Catabolic Process,0.07033237833074904,76,76,2.2729775284516576,up,0.241075252530444
GO:0019220,Regulation of Phosphate Metabolic Process,0.0705483946765856,13,13,2.6111758247950827,up,0.24136466824657318
GO:1902410,Mitotic Cytokinetic Process,0.07158125678313328,24,24,2.4492399919455297,up,0.24426622142643964
GO:0046651,Lymphocyte Proliferation,0.07148108965943768,24,24,-0.9430354443400768,down,0.24426622142643964
GO:0034097,Response to Cytokine,0.07161132261109342,118,118,0.6741103633766459,down,0.24426622142643964
GO:1900017,Positive Regulation of Cytokine Production Involved in Inflammatory Response,0.07170435073430347,17,17,-1.8979063664520264,down,0.24433920115355556
GO:1902930,Regulation of Alcohol Biosynthetic Process,0.07206302427004957,12,12,-2.843677425789888,down,0.2446956279901253
GO:0031929,TOR Signaling,0.07209160612738306,32,32,3.1790384916062626,up,0.2446956279901253
GO:0051302,Regulation of Cell Division,0.07209589742892873,83,83,1.9224642920107688,up,0.2446956279901253
GO:0006901,Vesicle Coating,0.07192168650371447,30,30,3.088079959130939,up,0.2446956279901253
GO:0046653,Tetrahydrofolate Metabolic Process,0.07222869050865723,10,10,-2.411955476083161,down,0.24490264744038748
GO:0050805,Negative Regulation of Synaptic Transmission,0.07283527763995525,13,13,-2.3937222915726646,down,0.24671413309819992
GO:0006656,Phosphatidylcholine Biosynthetic Process,0.0732436980706886,19,19,-0.584150390080421,down,0.2478514425784909
GO:1903320,Regulation of Protein Modification by Small Protein Conjugation or Removal,0.07366465999993453,28,28,3.6137763056214904,up,0.24878233194037297
GO:0048488,Synaptic Vesicle Endocytosis,0.0736382737602669,28,28,3.4726273206205285,up,0.24878233194037297
GO:0042325,Regulation of Phosphorylation,0.07374048731460199,62,62,2.4080328550433308,up,0.24879208924837526
GO:0060485,Mesenchyme Development,0.07399244651522854,17,17,3.1540620361772658,up,0.24939548919312704
GO:0030970,"Retrograde Protein Transport, ER to Cytosol",0.07415078096687475,18,18,3.8001988183734876,up,0.2494362069802858
GO:0010256,Endomembrane System Organization,0.07411812348938034,193,193,1.700142165912236,up,0.2494362069802858
GO:2001034,Positive Regulation of Double-Strand Break Repair via Nonhomologous End Joining,0.07439941616889027,14,14,5.0257860803434555,up,0.2498825485299439
GO:0016226,Iron-Sulfur Cluster Assembly,0.07450324006301758,23,23,2.539293847267909,up,0.2498825485299439
GO:0031163,Metallo-Sulfur Cluster Assembly,0.07450324006301758,23,23,2.539293847267909,up,0.2498825485299439
GO:0046579,Positive Regulation of Ras Protein Signal Transduction,0.07497242846996634,11,11,-1.5059505562695967,down,0.2512091881248086
GO:0032968,Positive Regulation of Transcription Elongation by RNA Polymerase II,0.07507982300643995,46,46,2.2302793036906134,up,0.2513221553238142
GO:0030262,Apoptotic Nuclear Changes,0.07525342530671007,14,14,-2.47497410710527,down,0.25165630756979224
GO:0006027,Glycosaminoglycan Catabolic Process,0.07534034653020077,11,11,4.378893730601661,up,0.25170021744810467
GO:0043200,Response to Amino Acid,0.07566618195534013,29,29,2.9477606443739965,up,0.252294571505049
GO:0050832,Defense Response to Fungus,0.07566399633419138,25,25,-0.5790969579087166,down,0.252294571505049
GO:1903955,Positive Regulation of Protein Targeting to Mitochondrion,0.07588181568523426,28,28,3.529164896342421,up,0.2527664778343106
GO:0002639,Positive Regulation of Immunoglobulin Production,0.07653499710956592,35,35,3.1714587441547133,up,0.2544452974081183
GO:2000008,Regulation of Protein Localization to Cell Surface,0.07651825909016592,29,29,3.390742973765133,up,0.2544452974081183
GO:0033559,Unsaturated Fatty Acid Metabolic Process,0.07716592762294612,46,46,-0.42259656414813396,down,0.256113501382681
GO:0032814,Regulation of Natural Killer Cell Activation,0.07718694793943011,15,15,-0.3003470979248458,down,0.256113501382681
GO:0034375,High-Density Lipoprotein Particle Remodeling,0.0772693623202425,15,15,-1.520409671797586,down,0.25613779871170766
GO:0003091,Renal Water Homeostasis,0.07755360085871035,12,12,-1.8515642876894534,down,0.2567424784124195
GO:0090208,Positive Regulation of Triglyceride Metabolic Process,0.07760231464180724,18,18,-0.4931722013897965,down,0.2567424784124195
GO:0002237,Response to Molecule of Bacterial Origin,0.0781685357771107,60,60,-0.36152769854024946,down,0.2583651894726014
GO:2000772,Regulation of Cellular Senescence,0.07826402889431117,33,33,2.421005018718024,up,0.25843039937898876
GO:0046329,Negative Regulation of JNK Cascade,0.07851849093704501,32,32,0.2829294626719858,down,0.25901989611824033
GO:0032527,Protein Exit From Endoplasmic Reticulum,0.0786745730925976,25,25,3.61026847581588,up,0.2592840278442999
GO:0042446,Hormone Biosynthetic Process,0.07922849605433219,23,23,-0.6625695294946427,down,0.26085752899742
GO:0045618,Positive Regulation of Keratinocyte Differentiation,0.07940602002125442,14,14,3.6006730742371733,up,0.26118990770732775
GO:0042574,Retinal Metabolic Process,0.08017823158910221,13,13,0.3891631913929212,down,0.2632222790668216
GO:0048660,Regulation of Smooth Muscle Cell Proliferation,0.08014645650469421,53,53,-0.4642702245289216,down,0.2632222790668216
GO:0033077,T Cell Differentiation in Thymus,0.0803692421788983,13,13,-0.6061070265847063,down,0.26325238448249527
GO:0051592,Response to Calcium Ion,0.08035043535665677,90,90,0.46532648377431596,down,0.26325238448249527
GO:0001558,Regulation of Cell Growth,0.08041893422185872,211,211,2.3919454653741505,up,0.26325238448249527
GO:0045595,Regulation of Cell Differentiation,0.08088562643447827,184,184,1.849086592802386,up,0.2644716139256611
GO:0007020,Microtubule Nucleation,0.08100137861226075,26,26,2.4481832953770777,up,0.2644716139256611
GO:0080171,Lytic Vacuole Organization,0.08112656956308102,36,36,3.7964325715128817,up,0.2644716139256611
GO:1903077,Negative Regulation of Protein Localization to Plasma Membrane,0.08117906179424426,26,26,2.986295999266577,up,0.2644716139256611
GO:0043489,RNA Stabilization,0.08110607739828309,39,39,2.7654347608634016,up,0.2644716139256611
GO:0061045,Negative Regulation of Wound Healing,0.08153448159241698,28,28,-0.8950528782770821,down,0.265376065564632
GO:2001238,Positive Regulation of Extrinsic Apoptotic Signaling Pathway,0.0817419036254836,39,39,-0.2173997112400061,down,0.26579755316160586
GO:0043031,Negative Regulation of Macrophage Activation,0.081978227649696,13,13,-2.9987350930940933,down,0.266058738832648
GO:1902882,Regulation of Response to Oxidative Stress,0.08194505769923292,14,14,3.1039050250729563,up,0.266058738832648
GO:1905517,Macrophage Migration,0.08248588449162546,11,11,-3.33987418050624,down,0.26745185551419626
GO:0051924,Regulation of Calcium Ion Transport,0.08299338352089163,55,55,0.022863531895274,down,0.2684658073292487
GO:0032355,Response to Estradiol,0.08290699569994422,26,26,-1.3050323156774257,down,0.2684658073292487
GO:0070129,Regulation of Mitochondrial Translation,0.08303471906548149,22,22,2.7695621282647185,up,0.2684658073292487
GO:0140888,Interferon-Mediated Signaling Pathway,0.08314756807454546,34,34,-0.113932130591547,down,0.26857609346806305
GO:0032816,Positive Regulation of Natural Killer Cell Activation,0.08468740243323387,11,11,-1.5568421728367583,down,0.27329113500450397
GO:0010629,Negative Regulation of Gene Expression,0.08532174103607791,352,352,1.5639692284025237,up,0.27507793825525684
GO:0006893,Golgi to Plasma Membrane Transport,0.08592765446912946,54,54,3.143111676482705,up,0.2767133623344689
GO:0061013,Regulation of mRNA Catabolic Process,0.08599125302683583,47,47,2.6517039866052623,up,0.2767133623344689
GO:1901890,Positive Regulation of Cell Junction Assembly,0.08625841408254516,57,57,0.2124783994554248,down,0.27731145187140577
GO:0010574,Regulation of Vascular Endothelial Growth Factor Production,0.08679592771860078,27,27,-0.9514841851621336,down,0.278776750892794
GO:0046631,Alpha-Beta T Cell Activation,0.08713272095522054,17,17,-1.468148281906406,down,0.27933243531791097
GO:0034695,Response to Prostaglandin E,0.08708375645283208,14,14,-1.9260095937075425,down,0.27933243531791097
GO:0042102,Positive Regulation of T Cell Proliferation,0.08738571250886737,58,58,0.17962310229733194,down,0.27957775002729185
GO:0051496,Positive Regulation of Stress Fiber Assembly,0.08745513318062749,42,42,2.852381301660321,up,0.27957775002729185
GO:0045824,Negative Regulation of Innate Immune Response,0.08731589767210766,54,54,2.7330218731425093,up,0.27957775002729185
GO:0051961,Negative Regulation of Nervous System Development,0.08754214309063263,16,16,0.17239053979847901,down,0.279593867118116
GO:2001244,Positive Regulation of Intrinsic Apoptotic Signaling Pathway,0.08767385608164631,39,39,3.39365698071026,up,0.27970520252642994
GO:0042093,T-helper Cell Differentiation,0.08798700742036333,22,22,-1.0627678211048908,down,0.27970520252642994
GO:1900152,"- Reg of Nuclear-Transcribed mRNA Cat Proc, Deadenylation-Dep Decay",0.08792296055281816,11,11,5.785683331014573,up,0.27970520252642994
GO:1903052,Positive Regulation of Proteolysis Involved in Protein Catabolic Process,0.08789565866549223,39,39,3.5030353107924284,up,0.27970520252642994
GO:0002675,Positive Regulation of Acute Inflammatory Response,0.08790753005085157,14,14,-0.7876086985291326,down,0.27970520252642994
GO:0018279,Protein N-linked Glycosylation via Asparagine,0.08853362316984394,37,37,3.4801083947280493,up,0.2807835539115799
GO:0090505,Epiboly Involved in Wound Healing,0.08844288247636672,14,14,4.145726017121815,up,0.2807835539115799
GO:0002726,Positive Regulation of T Cell Cytokine Production,0.0885731761972618,22,22,-0.8238989254125313,down,0.2807835539115799
GO:0043062,Extracellular Structure Organization,0.08896172941719876,98,98,2.156672024770895,up,0.2817534438644986
GO:0021879,Forebrain Neuron Differentiation,0.08920348226654179,11,11,-0.7262160839872138,down,0.28225702969496663
GO:0007015,Actin Filament Organization,0.08939509236327779,147,147,1.757677993107973,up,0.28260116779531097
GO:0007157,Heterophilic Cell-Cell Adhesion via Plasma Membrane Cell Adhesion Molecules,0.08959445174512491,33,33,-0.150746909177465,down,0.28296914342835283
GO:0003341,Cilium Movement,0.08989979590954011,53,53,0.3485866675323888,down,0.28367086387367374
GO:1903522,Regulation of Blood Circulation,0.09008447118264468,34,34,-0.16115857100440295,down,0.28399087911645193
GO:0050730,Regulation of Peptidyl-Tyrosine Phosphorylation,0.09036420471208212,36,36,2.8373636084951026,up,0.2844367957682673
GO:0006006,Glucose Metabolic Process,0.09039269616323711,53,53,-0.5126976655847126,down,0.2844367957682673
GO:0032675,Regulation of Interleukin-6 Production,0.09050285629663078,104,104,0.48230233678174295,down,0.2845209611316199
GO:0046605,Regulation of Centrosome Cycle,0.09066593945057527,24,24,2.6101688329607358,up,0.2847711965616135
GO:0048145,Regulation of Fibroblast Proliferation,0.09155522447145448,45,45,2.9783587973917416,up,0.285984313802318
GO:0070168,Negative Regulation of Biomineral Tissue Development,0.09142863138790562,19,19,-1.8248662769549504,down,0.285984313802318
GO:0071028,Nuclear mRNA Surveillance,0.09122300531861084,10,10,5.301023274249616,up,0.285984313802318
GO:0006513,Protein Monoubiquitination,0.09152925081916086,40,40,2.107422369656126,up,0.285984313802318
GO:0007528,Neuromuscular Junction Development,0.0914685510439597,18,18,-0.2811629408430443,down,0.285984313802318
GO:0072523,Purine-Containing Compound Catabolic Process,0.09150933473440806,12,12,-0.8381770814297254,down,0.285984313802318
GO:0045599,Negative Regulation of Fat Cell Differentiation,0.09200977944047796,31,31,-0.2283506048209496,down,0.2871412238531293
GO:0071229,Cellular Response to Acid Chemical,0.09250375357775793,28,28,2.579660282856483,up,0.28841892454637325
GO:0070884,Regulation of calcineurin-NFAT Signaling Cascade,0.09286807986475698,29,29,-0.1163519916215228,down,0.289290429606106
GO:0022411,Cellular Component Disassembly,0.09313694541002573,38,38,2.176833680854796,up,0.28933526483934224
GO:0001890,Placenta Development,0.09303379295759047,21,21,3.154097879765363,up,0.28933526483934224
GO:0016050,Vesicle Organization,0.09312021956458684,61,61,2.024756465833457,up,0.28933526483934224
GO:1902018,Negative Regulation of Cilium Assembly,0.09349855208370741,21,21,2.5642657224160823,up,0.2894656523783884
GO:0001912,Positive Regulation of Leukocyte Mediated Cytotoxicity,0.09338223611688033,44,44,0.3653444365563513,down,0.2894656523783884
GO:0048247,Lymphocyte Chemotaxis,0.09351836673145236,18,18,-0.8845950027590528,down,0.2894656523783884
GO:0120178,Steroid Hormone Biosynthetic Process,0.0935112711483323,20,20,-0.5557697732178662,down,0.2894656523783884
GO:0097193,Intrinsic Apoptotic Signaling Pathway,0.09383632771763917,114,114,2.574485375225862,up,0.29018650393913614
GO:0009226,Nucleotide-Sugar Biosynthetic Process,0.09396354007875342,23,23,1.9190116724935136,up,0.29031669855853975
GO:0038095,Fc-epsilon Receptor Signaling Pathway,0.0944492725536696,22,22,-0.0182418908714699,down,0.291389110133725
GO:0030042,Actin Filament Depolymerization,0.09448148807033123,10,10,3.7258588876179015,up,0.291389110133725
GO:0016556,mRNA Modification,0.09466216241791026,14,14,5.591224973775507,up,0.2916825980194145
GO:0099054,Presynapse Assembly,0.09482354923728967,12,12,-1.1196703769314331,down,0.2919161791050497
GO:0061081,+ Reg of Myeloid Leukocyte Cytokine Production Inv in Imm Resp,0.09506542372032073,16,16,0.2798104165344414,down,0.29203623821543667
GO:0010803,Regulation of Tumor Necrosis Factor-Mediated Signaling Pathway,0.09525734497572556,47,47,2.3329264908405927,up,0.29203623821543667
GO:0009648,Photoperiodism,0.095376244318967,21,21,-0.1902784827057274,down,0.29203623821543667
GO:0044090,Positive Regulation of Vacuole Organization,0.09535557390156443,22,22,2.1612397027296444,up,0.29203623821543667
GO:0043328,Prot Transport to Vacuole Inv in Ub-dep Prot Cat Proc via Multivsiclr Bdy Sorting Pway,0.09497480687943537,15,15,4.376933228034094,up,0.29203623821543667
GO:0002696,Positive Regulation of Leukocyte Activation,0.09536129960264891,18,18,-1.5295113096104789,down,0.29203623821543667
GO:0070301,Cellular Response to Hydrogen Peroxide,0.09576210523594486,35,35,-0.2824114128956052,down,0.2929547452554331
GO:0006760,Folic Acid-Containing Compound Metabolic Process,0.09591720216484868,15,15,-0.0392115106177249,down,0.2931662872619165
GO:0099174,Regulation of Presynapse Organization,0.0960937130470519,11,11,-0.223934908147426,down,0.293180371380585
GO:1905606,Regulation of Presynapse Assembly,0.0960937130470519,11,11,-0.223934908147426,down,0.293180371380585
GO:0098659,Inorganic Cation Import Across Plasma Membrane,0.09666319176442739,84,84,0.15451566722592314,down,0.29465428696019824
GO:0006613,Cotranslational Protein Targeting to Membrane,0.09684871658245121,14,14,4.414199220722441,up,0.29469310638959956
GO:0046519,Sphingoid Metabolic Process,0.09679504938680727,11,11,-1.89807814198342,down,0.29469310638959956
GO:0051128,Regulation of Cellular Component Organization,0.0973044391651344,152,152,2.0710307109976185,up,0.2955849744137916
GO:0002697,Regulation of Immune Effector Process,0.09731513522916682,14,14,-1.1698921122210093,down,0.2955849744137916
GO:0034341,Response to Type II Interferon,0.09740694635418984,57,57,-0.39184737776808,down,0.29560061745030386
GO:0019941,Modification-Dependent Protein Catabolic Process,0.09753995256522113,203,203,2.1909475246140624,up,0.2957411361777505
GO:0006505,GPI Anchor Metabolic Process,0.09808261542610879,26,26,3.674482003539278,up,0.2957446818546123
GO:0034260,Negative Regulation of GTPase Activity,0.09794867852782911,16,16,4.169627534217675,up,0.2957446818546123
GO:0031670,Cellular Response to Nutrient,0.09800837398900682,11,11,3.931286193126747,up,0.2957446818546123
GO:0006506,GPI Anchor Biosynthetic Process,0.09808261542610879,26,26,3.674482003539278,up,0.2957446818546123
GO:0050858,Negative Regulation of Antigen Receptor-Mediated Signaling Pathway,0.09797737923226797,30,30,-0.1863226496671028,down,0.2957446818546123
GO:0031349,Positive Regulation of Defense Response,0.09814804452049872,116,116,0.5228398118598659,down,0.2957446818546123
GO:0042306,Regulation of Protein Import Into Nucleus,0.09780688537473738,41,41,2.346902378038189,up,0.2957446818546123
GO:0032535,Regulation of Cellular Component Size,0.09829637518137865,42,42,2.494111648851022,up,0.2959302168964542
GO:0006754,ATP Biosynthetic Process,0.09881215426486237,23,23,3.0380008046353844,up,0.2969588177951062
GO:0048168,Regulation of Neuronal Synaptic Plasticity,0.0987956935270856,32,32,2.3204151697895243,up,0.2969588177951062
GO:0099504,Synaptic Vesicle Cycle,0.09897160720539104,37,37,2.343829761971774,up,0.2971761902971733
GO:2000810,Regulation of Bicellular Tight Junction Assembly,0.09925992910213714,18,18,0.13259055128344785,down,0.2976967321818595
GO:0034755,Iron Ion Transmembrane Transport,0.09931951956111292,11,11,-1.131362045692044,down,0.2976967321818595
GO:0001706,Endoderm Formation,0.09994996998096163,33,33,2.5125184415602644,up,0.29932339561462695
GO:0045834,Positive Regulation of Lipid Metabolic Process,0.10005192154505983,26,26,-0.3378913403538265,down,0.2993658810440343
GO:0006359,Regulation of Transcription by RNA Polymerase III,0.1002722139894383,27,27,3.842676658365667,up,0.29976207004204564
GO:0050885,Neuromuscular Process Controlling Balance,0.1008646328153756,12,12,-0.6088764493895025,down,0.3007423623542362
GO:0080090,Regulation of Primary Metabolic Process,0.10086075459676823,109,109,1.8671975133034808,up,0.3007423623542362
GO:0007613,Memory,0.10070938581219065,51,51,0.24687731036455,down,0.3007423623542362
GO:1903573,Negative Regulation of Response to Endoplasmic Reticulum Stress,0.10137574855166995,30,30,3.9414179562209855,up,0.3020023391351495
GO:0042177,Negative Regulation of Protein Catabolic Process,0.10151301881711032,47,47,2.156751020474337,up,0.30214738846872885
GO:0043068,Positive Regulation of Programmed Cell Death,0.10180146963134713,240,240,1.6906762423988022,up,0.3027417723736051
GO:2000177,Regulation of Neural Precursor Cell Proliferation,0.10191641566093333,19,19,3.16852156528476,up,0.30281959391937596
GO:0006734,NADH Metabolic Process,0.10210604154010589,24,24,3.582515546101769,up,0.3031189797156668
GO:0030502,Negative Regulation of Bone Mineralization,0.1023903063177141,12,12,-0.9942482994544172,down,0.3036985520432372
GO:0033619,Membrane Protein Proteolysis,0.10259605081502612,32,32,2.643834531837558,up,0.3040444216594736
GO:0045229,External Encapsulating Structure Organization,0.10283693285620633,98,98,2.025487951492076,up,0.30410631900634366
GO:0120035,Regulation of Plasma Membrane Bounded Cell Projection Organization,0.10286033964502135,26,26,2.9650888797618045,up,0.30410631900634366
GO:0015810,Aspartate Transmembrane Transport,0.10288440109449445,11,11,-0.9148665162182484,down,0.30410631900634366
GO:0120031,Plasma Membrane Bounded Cell Projection Assembly,0.10331530934561377,269,269,1.864107146368094,up,0.3051156018856178
GO:0016925,Protein Sumoylation,0.10382503359780543,44,44,2.821268301515043,up,0.3051759409077027
GO:0046427,Positive Regulation of Receptor Signaling Pathway via JAK-STAT,0.10384764320225667,30,30,-0.3157775586186323,down,0.3051759409077027
GO:0051438,Regulation of Ubiquitin-Protein Transferase Activity,0.10367330293860007,17,17,3.4181649167117643,up,0.3051759409077027
GO:0051145,Smooth Muscle Cell Differentiation,0.10387254980763498,10,10,-1.644335072775525,down,0.3051759409077027
GO:2000786,Positive Regulation of Autophagosome Assembly,0.10370899242863807,17,17,1.8457823071697643,up,0.3051759409077027
GO:0006620,Post-Translational Protein Targeting to Endoplasmic Reticulum Membrane,0.1035306579244997,12,12,4.582393552121054,up,0.3051759409077027
GO:1900180,Regulation of Protein Localization to Nucleus,0.10405697647769868,54,54,2.963485796219725,up,0.30545468740570586
GO:0051100,Negative Regulation of Binding,0.10437385545974398,63,63,2.0505848687260912,up,0.3061214281798682
GO:0030323,Respiratory Tube Development,0.10448710977172111,24,24,-0.2846469031630351,down,0.30617975934234054
GO:0060761,Negative Regulation of Response to Cytokine Stimulus,0.10457326872876774,10,10,-2.28643568921844,down,0.30617975934234054
GO:2000765,Regulation of Cytoplasmic Translation,0.10477368753007169,25,25,1.763316105862946,up,0.30650347183968657
GO:0106058,Positive Regulation of Calcineurin-Mediated Signaling,0.1050162433407906,16,16,-0.3526467159066503,down,0.3066869914686958
GO:0070886,Positive Regulation of calcineurin-NFAT Signaling Cascade,0.1050162433407906,16,16,-0.3526467159066503,down,0.3066869914686958
GO:0001953,Negative Regulation of Cell-Matrix Adhesion,0.1055795059771416,27,27,2.630566842639064,up,0.30806817355691185
GO:0015711,Organic Anion Transport,0.10570944617693893,94,94,0.15798025827497014,down,0.3081836930850758
GO:0032510,Endosome to Lysosome Transport via Multivesicular Body Sorting Pathway,0.10648282560333981,16,16,2.1249536963546323,up,0.30990863321927653
GO:0051043,Regulation of Membrane Protein Ectodomain Proteolysis,0.10645377828449348,25,25,-0.5610744412276815,down,0.30990863321927653
GO:0031175,Neuron Projection Development,0.10691366679948798,182,182,1.7355845875661298,up,0.3108972868312476
GO:1905564,Positive Regulation of Vascular Endothelial Cell Proliferation,0.10756876494021043,12,12,3.190464987243341,up,0.31253582385950407
GO:0003281,Ventricular Septum Development,0.10836467768664418,34,34,-0.03707474745451339,down,0.314045807637335
GO:0016233,Telomere Capping,0.10827174647866716,14,14,2.6795160664173236,up,0.314045807637335
GO:0015867,ATP Transport,0.10833280484249747,14,14,-0.4459310515597996,down,0.314045807637335
GO:0006023,Aminoglycan Biosynthetic Process,0.10925926368691172,23,23,3.147391682259867,up,0.3158333461322508
GO:2001212,Regulation of Vasculogenesis,0.10914798850348584,13,13,-2.835871174181877,down,0.3158333461322508
GO:0031053,Primary miRNA Processing,0.10919639590288993,12,12,4.4521868639168,up,0.3158333461322508
GO:0042119,Neutrophil Activation,0.10948097832688436,19,19,0.1026019448752161,down,0.3158756630334077
GO:0030324,Lung Development,0.10955171778613934,31,31,0.3969089958683684,down,0.3158756630334077
GO:0035860,Glial Cell-Derived Neurotrophic Factor Receptor Signaling Pathway,0.1095291486748194,11,11,-1.4204698539723828,down,0.3158756630334077
GO:0170033,L-amino Acid Metabolic Process,0.10974429807963194,13,13,-1.3978126810950309,down,0.31616368306556125
GO:0051348,Negative Regulation of Transferase Activity,0.11008146328833283,19,19,3.4181649167117643,up,0.3166250559937362
GO:2000273,Positive Regulation of Signaling Receptor Activity,0.11009009569292616,16,16,-0.9012616639728576,down,0.3166250559937362
GO:0022900,Electron Transport Chain,0.1102188169958617,17,17,-2.0406243676513176,down,0.3167282095811999
GO:0015804,Neutral Amino Acid Transport,0.11224239255188637,31,31,3.0226592260685945,up,0.3222717180088252
GO:0051262,Protein Tetramerization,0.11253111744604796,77,77,-0.058990973798858,down,0.32267830577519696
GO:0032781,Positive Regulation of ATP-dependent Activity,0.11257319961081336,30,30,2.016948563406502,up,0.32267830577519696
GO:0045124,Regulation of Bone Resorption,0.11309552597665688,28,28,2.793130397553417,up,0.323903307394103
GO:2000328,Regulation of T-helper 17 Cell Lineage Commitment,0.11384148097971396,12,12,-0.9700009986843164,down,0.32561406023036304
GO:0031098,Stress-Activated Protein Kinase Signaling Cascade,0.11390946131118007,17,17,3.335465433807105,up,0.32561406023036304
GO:0016042,Lipid Catabolic Process,0.1139792400806372,40,40,0.20213068470592468,down,0.32561406023036304
GO:0140238,Presynaptic Endocytosis,0.114485753442497,19,19,3.6689206462973134,up,0.3256971684673539
GO:0045945,Positive Regulation of Transcription by RNA Polymerase III,0.11446791700986952,16,16,3.7800407015763833,up,0.3256971684673539
GO:0046903,Secretion,0.11434539341314608,12,12,-1.6656519638173748,down,0.3256971684673539
GO:0046394,Carboxylic Acid Biosynthetic Process,0.11436850274216159,16,16,-0.7674050912167815,down,0.3256971684673539
GO:0042307,Positive Regulation of Protein Import Into Nucleus,0.1143192708157242,29,29,2.346902378038189,up,0.3256971684673539
GO:0046464,Acylglycerol Catabolic Process,0.11472178473345336,23,23,-0.1071791583139396,down,0.32609667310484114
GO:0045071,Negative Regulation of Viral Genome Replication,0.11512767076095663,43,43,-0.1843889663626068,down,0.32697792253590596
GO:0030497,Fatty Acid Elongation,0.11524980754567934,13,13,3.4699738917990426,up,0.3270332572650787
GO:0045947,Negative Regulation of Translational Initiation,0.11533890603632062,17,17,3.754017135167954,up,0.3270332572650787
GO:0006896,Golgi to Vacuole Transport,0.11545579144879393,16,16,3.215973318240648,up,0.3270927779334187
GO:1903513,Endoplasmic Reticulum to Cytosol Transport,0.11628916483192069,16,16,3.8001988183734876,up,0.3286510758457432
GO:0007193,Adenylate Cyclase-Inhibiting G Protein-Coupled Receptor Signaling Pathway,0.11623507056755987,41,41,-0.0212660755799245,down,0.3286510758457432
GO:0046328,Regulation of JNK Cascade,0.11629488377185929,112,112,0.44826316119851944,down,0.3286510758457432
GO:1901317,Regulation of Flagellated Sperm Motility,0.11646000986014321,11,11,-1.059380610555896,down,0.3288452761862156
GO:0015914,Phospholipid Transport,0.11671917866407765,57,57,-0.0923022795219201,down,0.32930448173959376
GO:1901532,Regulation of Hematopoietic Progenitor Cell Differentiation,0.11710621017878592,17,17,1.8797411277397045,up,0.32939278821100326
GO:0071222,Cellular Response to Lipopolysaccharide,0.11713674936967075,108,108,0.6015418670150678,down,0.32939278821100326
GO:0009312,Oligosaccharide Biosynthetic Process,0.11687788108430153,21,21,-1.9615235465261176,down,0.32939278821100326
GO:0010952,Positive Regulation of Peptidase Activity,0.11706906920682009,10,10,4.537813703428002,up,0.32939278821100326
GO:0005977,Glycogen Metabolic Process,0.11738703394047553,20,20,-0.31002919464815665,down,0.3298246892676788
GO:0006346,DNA Methylation-Dependent Constitutive Heterochromatin Formation,0.11825205220626499,18,18,2.537269903281078,up,0.3319816873049958
GO:0048246,Macrophage Chemotaxis,0.11858732071203323,10,10,-3.872248410057913,down,0.33257788912922875
GO:0001508,Action Potential,0.1187569243504546,56,56,0.0175672409545363,down,0.33257788912922875
GO:0043408,Regulation of MAPK Cascade,0.11869248779982666,233,233,0.6923134656811183,down,0.33257788912922875
GO:0045191,Regulation of Isotype Switching,0.11964220476369956,14,14,4.263668463797915,up,0.3347822481123701
GO:0060284,Regulation of Cell Development,0.12017495576559488,48,48,2.408151578753892,up,0.33599735583315093
GO:0031293,Membrane Protein Intracellular Domain Proteolysis,0.1203151209627571,12,12,2.992359985553747,up,0.33611374087138773
GO:1903749,Positive Regulation of Establishment of Protein Localization to Mitochondrion,0.12107535489556948,31,31,3.4934805750488707,up,0.3379607492215937
GO:2000316,Regulation of T-helper 17 Type Immune Response,0.1214064434964575,10,10,-2.2784213352323617,down,0.33860783218840274
GO:0043153,Entrainment of Circadian Clock by Photoperiod,0.12159148784017519,20,20,0.4774485805414559,down,0.3388468668487235
GO:0034250,Positive Regulation of Amide Metabolic Process,0.12187129461729901,23,23,0.012946766678726,down,0.3391765624827102
GO:0001501,Skeletal System Development,0.12190866772319046,140,140,2.208923385452585,up,0.3391765624827102
GO:1902116,Negative Regulation of Organelle Assembly,0.12216373877443899,41,41,2.5642657224160823,up,0.3396092200159832
GO:0031571,Mitotic G1 DNA Damage Checkpoint Signaling,0.12261486244743403,13,13,3.513200881672029,up,0.3405857457721478
GO:0045047,Protein Targeting to ER,0.12284155739719697,23,23,3.679722070056897,up,0.3409377968119112
GO:0043030,Regulation of Macrophage Activation,0.1229653438254357,29,29,-0.2115124561787315,down,0.34100389251102536
GO:0070131,Positive Regulation of Mitochondrial Translation,0.12316002342706749,14,14,3.42108028878539,up,0.3412663199916549
GO:0051125,Regulation of Actin Nucleation,0.12353425210973311,20,20,2.966093739294743,up,0.3420254333979705
GO:0030148,Sphingolipid Biosynthetic Process,0.12376042560790336,81,81,2.7158390541867283,up,0.3420447430702431
GO:0002090,Regulation of Receptor Internalization,0.12384832706479175,35,35,3.105368459130369,up,0.3420447430702431
GO:0048566,Embryonic Digestive Tract Development,0.12394233434031676,19,19,-0.6061070265847063,down,0.3420447430702431
GO:0007034,Vacuolar Transport,0.12374402547407405,38,38,2.5350422706039764,up,0.3420447430702431
GO:0050856,Regulation of T Cell Receptor Signaling Pathway,0.12438097083663877,40,40,-0.5899576137697228,down,0.3429777619432295
GO:0141193,Nuclear Receptor-Mediated Signaling Pathway,0.12448293578576193,30,30,-0.31647215387687877,down,0.3429816590995428
GO:2000026,Regulation of Multicellular Organismal Development,0.12499360612440602,56,56,2.5560394241591116,up,0.34411072678801363
GO:1904376,Negative Regulation of Protein Localization to Cell Periphery,0.12555651092654843,23,23,3.272612307872384,up,0.34510335114460655
GO:0045604,Regulation of Epidermal Cell Differentiation,0.1254930820616091,16,16,-0.5983807063988705,down,0.34510335114460655
GO:0060341,Regulation of Cellular Localization,0.12586257060908715,60,60,2.204233355959457,up,0.3451103121765243
GO:0030163,Protein Catabolic Process,0.12585403190366093,101,101,1.948383039048204,up,0.3451103121765243
GO:0050953,Sensory Perception of Light Stimulus,0.1257227398000612,76,76,0.0378279863111185,down,0.3451103121765243
GO:0048385,Regulation of Retinoic Acid Receptor Signaling Pathway,0.12619117073002456,12,12,4.1216483484565,up,0.34573340028924804
GO:0086001,Cardiac Muscle Cell Action Potential,0.12632169303156596,35,35,0.1321182258451554,down,0.34581323830711996
GO:0002385,Mucosal Immune Response,0.12693427533359503,21,21,3.4187635160844656,up,0.3472115582701625
GO:0030031,Cell Projection Assembly,0.1270779882890125,13,13,3.034415223214673,up,0.34732613626107506
GO:1990090,Cellular Response to Nerve Growth Factor Stimulus,0.1272699415894006,20,20,-0.2903111080752222,down,0.34757227442869937
GO:0002710,Negative Regulation of T Cell Mediated Immunity,0.12745561388490173,17,17,-0.7849834922819957,down,0.34780087916911984
GO:0072091,Regulation of Stem Cell Proliferation,0.12806770546900334,16,16,2.6864743826498345,up,0.34919180124282206
GO:0048666,Neuron Development,0.12843859171553207,147,147,1.8296885889748475,up,0.34992335171060696
GO:0008654,Phospholipid Biosynthetic Process,0.12881118555686374,26,26,2.2567380613219874,up,0.3506583830283019
GO:0045637,Regulation of Myeloid Cell Differentiation,0.12906319585833995,25,25,2.2164649156416507,up,0.35078451081497813
GO:0051149,Positive Regulation of Muscle Cell Differentiation,0.12904798533759104,17,17,1.7579581346982855,up,0.35078451081497813
GO:0040014,Regulation of Multicellular Organism Growth,0.12929577500292608,13,13,-1.0718884198815226,down,0.35085750877882327
GO:0030330,"DNA Damage Response, Signal Transduction by P53 Class Mediator",0.12924419145064525,31,31,2.862480704484576,up,0.35085750877882327
GO:0071709,Membrane Assembly,0.12944854972440661,36,36,2.46203152563551,up,0.3509928482591025
GO:0043270,Positive Regulation of Monoatomic Ion Transport,0.12968573493519744,40,40,-0.1455823511676826,down,0.3513566654995699
GO:0007263,Nitric Oxide Mediated Signal Transduction,0.1300985705702147,13,13,-0.5985271510991331,down,0.3521954160436527
GO:0046785,Microtubule Polymerization,0.13027219103772594,37,37,2.0505848687260912,up,0.3523857602138646
GO:0047496,Vesicle Transport Along Microtubule,0.13055833758429194,24,24,2.8936340386843895,up,0.3528799441363073
GO:0035455,Response to Interferon-Alpha,0.13146723833069995,19,19,-0.9938050772825072,down,0.3550552256104652
GO:0008203,Cholesterol Metabolic Process,0.13165025289556617,64,64,0.29644043691715427,down,0.3552682061920698
GO:0072599,Establishment of Protein Localization to Endoplasmic Reticulum,0.1320453212250143,16,16,3.1382818988349106,up,0.355908893463676
GO:0044788,Modulation by Host of Viral Process,0.1321787031415472,22,22,2.5054472665078,up,0.355908893463676
GO:0072344,Rescue of Stalled Ribosome,0.13238811429449712,33,33,2.974595551487636,up,0.355908893463676
GO:0006968,Cellular Defense Response,0.13223109635247468,39,39,0.6904566411216392,down,0.355908893463676
GO:0048009,Insulin-Like Growth Factor Receptor Signaling Pathway,0.13240937725165783,11,11,-0.9906108979782378,down,0.355908893463676
GO:0042147,"Retrograde Transport, Endosome to Golgi",0.13263395740971143,93,93,1.9664584404942604,up,0.3562318336413588
GO:0051345,Positive Regulation of Hydrolase Activity,0.1330085107993978,92,92,1.406351899107725,up,0.35695675085503215
GO:0006813,Potassium Ion Transport,0.1332604192440766,106,106,0.3324381582066236,down,0.3573516431144224
GO:1905562,Regulation of Vascular Endothelial Cell Proliferation,0.13361679880335367,18,18,2.065347031049374,up,0.358025845026111
GO:0097352,Autophagosome Maturation,0.1339450850734546,48,48,2.152061196825028,up,0.3586237717312038
GO:0045722,Positive Regulation of Gluconeogenesis,0.13430354595766486,10,10,-4.044331026214917,down,0.3590199022426292
GO:1903214,Regulation of Protein Targeting to Mitochondrion,0.13421961223154968,37,37,3.2730725448139597,up,0.3590199022426292
GO:0007601,Visual Perception,0.13457168474671796,76,76,0.0378279863111185,down,0.3594549856468715
GO:2000278,Regulation of DNA Biosynthetic Process,0.13468091170461927,28,28,3.1087401424400825,up,0.35946525025387815
GO:0071772,Response to BMP,0.13496565666996052,18,18,-1.0539528863853813,down,0.359943592573288
GO:1904030,Negative Regulation of Cyclin-Dependent Protein Kinase Activity,0.1360096809877529,15,15,-2.2159694196639497,down,0.3624445483197072
GO:0071312,Cellular Response to Alkaloid,0.13625730230773123,14,14,-0.01135497638975115,down,0.36282096656648805
GO:0045815,Transcription Initiation-Coupled Chromatin Remodeling,0.13660456250312747,49,49,1.6681646010975038,up,0.3634619053807861
GO:0051057,Positive Regulation of Small GTPase Mediated Signal Transduction,0.1373736391256264,51,51,0.3135520017060156,down,0.3650000175269182
GO:0043087,Regulation of GTPase Activity,0.13739666446923568,128,128,1.9249326811177685,up,0.3650000175269182
GO:0002685,Regulation of Leukocyte Migration,0.13794585957229144,14,14,2.299559458831145,up,0.36503749185499307
GO:0038061,Non-Canonical NF-kappaB Signal Transduction,0.13793473496618827,25,25,-0.2824114128956052,down,0.36503749185499307
GO:0042304,Regulation of Fatty Acid Biosynthetic Process,0.13775448541045246,26,26,-1.2111452951633195,down,0.36503749185499307
GO:1905906,Regulation of Amyloid Fibril Formation,0.1379371818624763,16,16,4.756509956302333,up,0.36503749185499307
GO:0035195,miRNA-mediated Post-Transcriptional Gene Silencing,0.13757944962711594,27,27,2.731875305393741,up,0.36503749185499307
GO:0006488,Dolichol-Linked Oligosaccharide Biosynthetic Process,0.13857133253004467,20,20,2.999444191513254,up,0.36640838392246694
GO:0051047,Positive Regulation of Secretion,0.13887907680787118,10,10,-0.6975298597848262,down,0.36691679975872593
GO:0030866,Cortical Actin Cytoskeleton Organization,0.13907468402175419,17,17,2.9065454990094226,up,0.36691679975872593
GO:1902004,Positive Regulation of Amyloid-Beta Formation,0.13908631547582312,18,18,-0.07442737192290105,down,0.36691679975872593
GO:0006801,Superoxide Metabolic Process,0.13926308445667657,32,32,2.6473735968827743,up,0.36709921258247585
GO:0032692,Negative Regulation of Interleukin-1 Production,0.14017551053381785,25,25,-0.2994289078960424,down,0.3692190474369519
GO:0045669,Positive Regulation of Osteoblast Differentiation,0.14042347341960457,47,47,0.0524331397497898,down,0.3695867807363204
GO:0032984,Protein-Containing Complex Disassembly,0.1411381963301812,63,63,2.082762294453807,up,0.3709565620714018
GO:0045190,Isotype Switching,0.14116142408932264,12,12,4.019416123350771,up,0.3709565620714018
GO:0050868,Negative Regulation of T Cell Activation,0.14142103357294927,46,46,0.28728657244886696,down,0.3713526909294303
GO:0007417,Central Nervous System Development,0.1421247142552744,246,246,1.4684021779395804,up,0.3721452686726354
GO:0034121,Regulation of Toll-Like Receptor Signaling Pathway,0.14205785175496521,25,25,2.6111758247950827,up,0.3721452686726354
GO:0050671,Positive Regulation of Lymphocyte Proliferation,0.1422518746581114,69,69,0.4715537252808341,down,0.3721452686726354
GO:0141198,Protein Branched Polyubiquitination,0.14183508770107137,18,18,3.105019547936015,up,0.3721452686726354
GO:0032703,Negative Regulation of Interleukin-2 Production,0.14226837594521155,23,23,-0.7021236514284156,down,0.3721452686726354
GO:0042116,Macrophage Activation,0.14303345028655884,33,33,0.2997100530828832,down,0.3730580949817258
GO:0001837,Epithelial to Mesenchymal Transition,0.143164188311662,48,48,2.1838105333793285,up,0.3730580949817258
GO:0032232,Negative Regulation of Actin Filament Bundle Assembly,0.1428835231012137,26,26,-0.24214629829621462,down,0.3730580949817258
GO:0046856,Phosphatidylinositol Dephosphorylation,0.1430760134354746,20,20,-0.2574189961023488,down,0.3730580949817258
GO:0035872,"Nucleotide-Binding Domain, Leucine Rich Repeat Containing Receptor Signaling Pathway",0.1429932844828181,15,15,2.1936783829470325,up,0.3730580949817258
GO:0000722,Telomere Maintenance via Recombination,0.1433039387383955,10,10,3.39461815617356,up,0.37313720231806646
GO:0036295,Cellular Response to Increased Oxygen Levels,0.14393405958602506,10,10,3.2484778938986794,up,0.3744920497695893
GO:2000353,Positive Regulation of Endothelial Cell Apoptotic Process,0.14428995213988632,19,19,-0.0655555595293776,down,0.37484617421869937
GO:0090330,Regulation of Platelet Aggregation,0.14423275550596074,26,26,-0.9378432080987429,down,0.37484617421869937
GO:0050871,Positive Regulation of B Cell Activation,0.14484146996952676,50,50,1.8955140332099658,up,0.37555673187647254
GO:0006109,Regulation of Carbohydrate Metabolic Process,0.14472291398810475,15,15,-1.5073940658109817,down,0.37555673187647254
GO:0009247,Glycolipid Biosynthetic Process,0.14489377283771265,54,54,2.9287977542075523,up,0.37555673187647254
GO:0080134,Regulation of Response to Stress,0.14563459383127153,12,12,-1.6164982862329293,down,0.3771902806062773
GO:0001836,Release of Cytochrome C From Mitochondria,0.1460615926781805,16,16,3.4706675716901434,up,0.37778087255738213
GO:0034058,Endosomal Vesicle Fusion,0.1460841310182313,13,13,4.013567945713078,up,0.37778087255738213
GO:0070102,Interleukin-6-Mediated Signaling Pathway,0.146564368028913,12,12,-1.0141299636174292,down,0.3787356510201684
GO:0002064,Epithelial Cell Development,0.14730661536246273,22,22,0.30858700736863187,down,0.3803655299026195
GO:0048662,Negative Regulation of Smooth Muscle Cell Proliferation,0.14772817092489987,35,35,0.0510578894224186,down,0.3809100798357132
GO:0033344,Cholesterol Efflux,0.1477408489072555,23,23,-1.520409671797586,down,0.3809100798357132
GO:0051336,Regulation of Hydrolase Activity,0.14802482575668116,50,50,0.4384723700155626,down,0.3813539884109059
GO:0043116,Negative Regulation of Vascular Permeability,0.14839539486977663,12,12,-0.49591833301348476,down,0.38193942113213375
GO:0044794,Positive Regulation by Host of Viral Process,0.1484760106775753,18,18,3.2701512864638893,up,0.38193942113213375
GO:0042984,Regulation of Amyloid Precursor Protein Biosynthetic Process,0.14897458408411557,10,10,4.177562653691481,up,0.38277400071089335
GO:0031334,Positive Regulation of Protein-Containing Complex Assembly,0.14912063846740292,101,101,2.435361552832277,up,0.38277400071089335
GO:0046889,Positive Regulation of Lipid Biosynthetic Process,0.14913709966132432,38,38,0.1792261723498898,down,0.38277400071089335
GO:1902903,Regulation of Supramolecular Fiber Organization,0.14975239308039587,25,25,2.1563590646448474,up,0.38377566701519933
GO:1903715,Regulation of Aerobic Respiration,0.14972259847274455,14,14,3.795961451124529,up,0.38377566701519933
GO:0009953,Dorsal/Ventral Pattern Formation,0.15011220720280447,22,22,-0.8070247812516397,down,0.3838326377576957
GO:1903140,Regulation of Establishment of Endothelial Barrier,0.15004397722701657,16,16,0.26856320089717656,down,0.3838326377576957
GO:0014003,Oligodendrocyte Development,0.14993361058724755,16,16,3.3890869784986357,up,0.3838326377576957
GO:0071559,Response to Transforming Growth Factor Beta,0.1503729386300636,32,32,0.3495335941756979,down,0.38421130611771304
GO:1904646,Cellular Response to Amyloid-Beta,0.15088586441030957,35,35,0.120049096540807,down,0.38523329603560325
GO:0042113,B Cell Activation,0.15128392279322503,78,78,0.12914180187206256,down,0.3859607035510027
GO:0000956,Nuclear-Transcribed mRNA Catabolic Process,0.15162746273986566,86,86,1.9730251569546509,up,0.3865480384197921
GO:0071425,Hematopoietic Stem Cell Proliferation,0.15233610335576953,11,11,3.174468423163879,up,0.3880645620213068
GO:0071357,Cellular Response to Type I Interferon,0.15265101779675108,27,27,-0.1580596695305108,down,0.38847783013330833
GO:0000266,Mitochondrial Fission,0.1527261126381608,12,12,2.5933926540842696,up,0.38847783013330833
GO:0033173,calcineurin-NFAT Signaling Cascade,0.15289844721109086,12,12,-0.9400588677041255,down,0.3886263811006192
GO:0006084,acetyl-CoA Metabolic Process,0.15329909936447542,17,17,-0.0580251790431642,down,0.38935301520951954
GO:0030111,Regulation of Wnt Signaling Pathway,0.15341262164807806,103,103,1.7242974481689584,up,0.38935301520951954
GO:1902003,Regulation of Amyloid-Beta Formation,0.15380055637141196,33,33,-0.0250213788055298,down,0.38975757636172825
GO:0030182,Neuron Differentiation,0.15373947741095506,145,145,0.6265187245893935,down,0.38975757636172825
GO:1903829,Positive Regulation of Protein Localization,0.15418849981529678,99,99,2.45598122323468,up,0.39045061089085176
GO:0031126,sno(s)RNA 3'-End Processing,0.15492647002210244,11,11,5.829491036737477,up,0.3920283303007355
GO:0047497,Mitochondrion Transport Along Microtubule,0.15556770401267803,14,14,2.8886349488267604,up,0.3933591092566677
GO:0002694,Regulation of Leukocyte Activation,0.15574299777183026,14,14,-0.4761705235864121,down,0.3935106410368245
GO:1900015,Regulation of Cytokine Production Involved in Inflammatory Response,0.15594673590099795,52,52,0.2868952144895969,down,0.3937337647359763
GO:0002098,tRNA Wobble Uridine Modification,0.15643782975371776,16,16,3.9867410436461608,up,0.39461332742530136
GO:0055023,Positive Regulation of Cardiac Muscle Tissue Growth,0.15652648255832094,16,16,-0.16215842281091725,down,0.39461332742530136
GO:0042398,Modified Amino Acid Biosynthetic Process,0.15664253536756603,13,13,-1.3801161179592702,down,0.39461424530189637
GO:0097746,Blood Vessel Diameter Maintenance,0.15692999986994452,37,37,-0.8360925434689693,down,0.3948990459844562
GO:0055089,Fatty Acid Homeostasis,0.15698713173700457,10,10,-2.279897834862632,down,0.3948990459844562
GO:0032642,Regulation of Chemokine Production,0.1572340578608945,40,40,0.8020923799484205,down,0.3952287187645624
GO:0060828,Regulation of Canonical Wnt Signaling Pathway,0.15752328070217714,205,205,1.832791806221091,up,0.395664146152523
GO:0048015,Phosphatidylinositol-Mediated Signaling,0.15772663679305388,23,23,2.411888848620308,up,0.39588341287792994
GO:0034063,Stress Granule Assembly,0.15812626924819662,24,24,2.3593788430412497,up,0.39602839688404007
GO:0045333,Cellular Respiration,0.15802978250767896,84,84,2.460534990819038,up,0.39602839688404007
GO:0010638,Positive Regulation of Organelle Organization,0.15813271080506086,79,79,2.434229027423247,up,0.39602839688404007
GO:0010959,Regulation of Metal Ion Transport,0.1593787362751029,33,33,-0.5095556451758572,down,0.3977308454329118
GO:1900225,Regulation of NLRP3 Inflammasome Complex Assembly,0.15910863620233073,40,40,0.41905960065595077,down,0.3977308454329118
GO:0043525,Positive Regulation of Neuron Apoptotic Process,0.15939550445816197,35,35,2.904444802432791,up,0.3977308454329118
GO:0048208,COPII Vesicle Coating,0.15917078834903997,21,21,2.393126747553389,up,0.3977308454329118
GO:0048207,"Vesicle Targeting, Rough ER to cis-Golgi",0.15917078834903997,21,21,2.393126747553389,up,0.3977308454329118
GO:0035331,Negative Regulation of Hippo Signaling,0.15961640357499307,23,23,2.836509728840668,up,0.39799090101922613
GO:0060541,Respiratory System Development,0.1606215966046749,29,29,1.0059169922743596,down,0.3993549106678593
GO:0071526,Semaphorin-Plexin Signaling Pathway,0.1606317611950463,39,39,2.293472642058082,up,0.3993549106678593
GO:0035268,Protein Mannosylation,0.16045045183918538,17,17,3.139528303645486,up,0.3993549106678593
GO:0050819,Negative Regulation of Coagulation,0.16044959948202964,12,12,-0.8535742806801879,down,0.3993549106678593
GO:0007249,Canonical NF-kappaB Signal Transduction,0.1611283582737092,36,36,0.14648987465070598,down,0.3994250218543765
GO:0000712,Resolution of Meiotic Recombination Intermediates,0.16101643799806986,14,14,2.717518704505927,up,0.3994250218543765
GO:0055091,Phospholipid Homeostasis,0.16103158473013057,12,12,-0.7077398188986861,down,0.3994250218543765
GO:0048812,Neuron Projection Morphogenesis,0.16091099401658893,144,144,1.593489860645054,up,0.3994250218543765
GO:0030178,Negative Regulation of Wnt Signaling Pathway,0.16185180352158257,134,134,1.7432838931599697,up,0.400074763057419
GO:0032725,Positive Regulation of Granulocyte Macrophage Colony-Stimulating Factor Production,0.1618274513579433,10,10,-1.6660742623321272,down,0.400074763057419
GO:0050768,Negative Regulation of Neurogenesis,0.16216054892272824,25,25,0.2499545052608809,down,0.400074763057419
GO:1900047,Negative Regulation of Hemostasis,0.16187740556134078,11,11,-1.7096615853745003,down,0.400074763057419
GO:0007224,Smoothened Signaling Pathway,0.16221149144192626,35,35,2.6340608615008696,up,0.400074763057419
GO:0021762,Substantia Nigra Development,0.16195204777171335,41,41,2.497000855052785,up,0.400074763057419
GO:0032717,Negative Regulation of Interleukin-8 Production,0.16202873964323816,14,14,-0.8830707140238626,down,0.400074763057419
GO:0048639,Positive Regulation of Developmental Growth,0.16275955199175496,44,44,2.6011722880500274,up,0.40113643919355213
GO:1905477,Positive Regulation of Protein Localization to Membrane,0.16307528185317988,75,75,0.6163998258468213,down,0.4015281964177126
GO:1902931,Negative Regulation of Alcohol Biosynthetic Process,0.16315393733068007,13,13,-1.2320676871926537,down,0.4015281964177126
GO:0000041,Transition Metal Ion Transport,0.1635057317275196,30,30,0.12006956630802396,down,0.40192228981584277
GO:0048010,Vascular Endothelial Growth Factor Receptor Signaling Pathway,0.16354973270723827,29,29,2.967350609548409,up,0.40192228981584277
GO:1900027,Regulation of Ruffle Assembly,0.1641680295488943,21,21,-0.959666245645076,down,0.4031512950261184
GO:1902275,Regulation of Chromatin Organization,0.1647053042445813,10,10,2.754403211571369,up,0.40417970703472433
GO:0032387,Negative Regulation of Intracellular Transport,0.16509777232351452,11,11,-0.885920963787359,down,0.4043073075341111
GO:0042098,T Cell Proliferation,0.16501118325234043,15,15,-2.1059810729953248,down,0.4043073075341111
GO:0048525,Negative Regulation of Viral Process,0.165112893402233,61,61,0.7018050948942075,down,0.4043073075341111
GO:0034143,Regulation of Toll-Like Receptor 4 Signaling Pathway,0.16554602755709602,28,28,2.896822480009485,up,0.4050628440365874
GO:0042476,Odontogenesis,0.1656589467695806,37,37,2.712669059419534,up,0.4050628440365874
GO:0010665,Regulation of Cardiac Muscle Cell Apoptotic Process,0.16651084099773972,10,10,-1.7638805059663412,down,0.4068542110625288
GO:0006469,Negative Regulation of Protein Kinase Activity,0.1668561100284911,60,60,2.43365663064464,up,0.40740600666226423
GO:0006541,Glutamine Metabolic Process,0.16770538373537114,11,11,1.035217226868302,down,0.40918674100239694
GO:0045927,Positive Regulation of Growth,0.16851484814484607,73,73,2.477463304335819,up,0.4096964697234996
GO:0070141,Response to UV-A,0.1684629871268578,11,11,3.587295666700793,up,0.4096964697234996
GO:0014902,Myotube Differentiation,0.1684115683124212,20,20,-0.2563598183188485,down,0.4096964697234996
GO:0071219,Cellular Response to Molecule of Bacterial Origin,0.1684144159552352,105,105,0.6932750045075575,down,0.4096964697234996
GO:0046470,Phosphatidylcholine Metabolic Process,0.16804717761156163,54,54,0.027378916888100895,down,0.4096964697234996
GO:0032733,Positive Regulation of Interleukin-10 Production,0.17011940953035753,28,28,0.10822778077566092,down,0.41197354430482735
GO:0050852,T Cell Receptor Signaling Pathway,0.17017611372779295,84,84,0.4397120110638204,down,0.41197354430482735
GO:0015749,Monosaccharide Transmembrane Transport,0.16973289811469572,13,13,-0.9533392395395456,down,0.41197354430482735
GO:0071277,Cellular Response to Calcium Ion,0.16974294293629122,54,54,0.2920363088073007,down,0.41197354430482735
GO:0070527,Platelet Aggregation,0.16987637861791305,34,34,3.0766305575049997,up,0.41197354430482735
GO:0051591,Response to cAMP,0.16996099829876254,39,39,0.3994932004342204,down,0.41197354430482735
GO:0002683,Negative Regulation of Immune System Process,0.1706221613661344,52,52,2.701764730770261,up,0.4127604201559464
GO:0016079,Synaptic Vesicle Exocytosis,0.17129521010352566,39,39,3.5517495591167405,up,0.4132163802426634
GO:0051497,Negative Regulation of Stress Fiber Assembly,0.17121442619705785,23,23,0.0527027031114709,down,0.4132163802426634
GO:0032233,Positive Regulation of Actin Filament Bundle Assembly,0.17107703653106665,49,49,2.50670754968218,up,0.4132163802426634
GO:0035270,Endocrine System Development,0.17095566059014267,17,17,2.457850410021244,up,0.4132163802426634
GO:0015980,Energy Derivation by Oxidation of Organic Compounds,0.17164611400360597,38,38,2.3622343084581843,up,0.41377024372176674
GO:2000434,Regulation of Protein Neddylation,0.17179475331918947,19,19,3.2618214827816887,up,0.4138360900930475
GO:0016266,O-glycan Processing,0.17230733495114892,37,37,2.822677830368959,up,0.4147779248541771
GO:0046827,Positive Regulation of Protein Export From Nucleus,0.17261905723152482,13,13,2.7960096738084284,up,0.41503178659299444
GO:0006312,Mitotic Recombination,0.17265614341115776,15,15,3.860592548819775,up,0.41503178659299444
GO:0061952,Midbody Abscission,0.17401214296207013,21,21,1.8914093629973991,up,0.4179967743969163
GO:0032645,Regulation of Granulocyte Macrophage Colony-Stimulating Factor Production,0.1741360266961327,11,11,-1.1241444168459145,down,0.41799999089409473
GO:1901096,Regulation of Autophagosome Maturation,0.17451046573281392,16,16,2.683915221252607,up,0.418604218435041
GO:0044819,Mitotic G1/S Transition Checkpoint Signaling,0.1749213404553841,14,14,3.5079937855893526,up,0.4192949348512405
GO:0045621,Positive Regulation of Lymphocyte Differentiation,0.17526494015396488,37,37,1.670696098660508,up,0.41946197718959066
GO:1902414,Protein Localization to Cell Junction,0.17534920870282011,27,27,0.0527027031114709,down,0.41946197718959066
GO:0042472,Inner Ear Morphogenesis,0.17535994707486258,26,26,2.3899309755267986,up,0.41946197718959066
GO:0006941,Striated Muscle Contraction,0.17624710918081354,49,49,1.6262462463064016,up,0.42128864009513317
GO:0044272,Sulfur Compound Biosynthetic Process,0.17652101239766882,52,52,1.0298782623350515,down,0.42164788045409546
GO:0042326,Negative Regulation of Phosphorylation,0.17708942953070006,47,47,2.5300225947218244,up,0.422709618005051
GO:0032331,Negative Regulation of Chondrocyte Differentiation,0.17785449399735442,14,14,1.4449083447022266,up,0.4237847576689698
GO:1903541,Regulation of Exosomal Secretion,0.17790264234463238,18,18,2.970636283644282,up,0.4237847576689698
GO:0045217,Cell-Cell Junction Maintenance,0.17791256903604946,13,13,0.0527027031114709,down,0.4237847576689698
GO:0016601,Rac Protein Signal Transduction,0.1780604902559877,18,18,2.778463910422543,up,0.4238411250964229
GO:0045913,Positive Regulation of Carbohydrate Metabolic Process,0.17823607734084812,31,31,-0.9906108979782378,down,0.42396322162456973
GO:0032414,Positive Regulation of Ion Transmembrane Transporter Activity,0.17891008047103707,20,20,0.2021415430680347,down,0.4249737357149773
GO:0030166,Proteoglycan Biosynthetic Process,0.17887345740221372,47,47,3.26432017310726,up,0.4249737357149773
GO:0042401,Biogenic Amine Biosynthetic Process,0.17985266943018385,10,10,-2.5837033997133183,down,0.4269154178332339
GO:1903038,Negative Regulation of Leukocyte Cell-Cell Adhesion,0.18044335796177857,20,20,-0.5277788232029234,down,0.4280196759441076
GO:0051224,Negative Regulation of Protein Transport,0.18100124944403773,24,24,2.6221615904365176,up,0.42888779586949527
GO:0048024,"Regulation of mRNA Splicing, via Spliceosome",0.18112636218588285,90,90,2.1837894506111546,up,0.42888779586949527
GO:0048483,Autonomic Nervous System Development,0.18118654759540975,14,14,-0.6481566612599496,down,0.42888779586949527
GO:0046349,Amino Sugar Biosynthetic Process,0.1816014484986086,11,11,3.2058003504121064,up,0.42957180362604297
GO:0002832,Negative Regulation of Response to Biotic Stimulus,0.18227635175670076,43,43,2.363336128289228,up,0.43086946350804317
GO:0001522,Pseudouridine Synthesis,0.1828202591877901,13,13,5.396766616536441,up,0.43185588925869256
GO:0009060,Aerobic Respiration,0.18321554927900874,80,80,2.489410799528977,up,0.4319538081034253
GO:0030500,Regulation of Bone Mineralization,0.18322424091637557,57,57,0.4053290246892645,down,0.4319538081034253
GO:0001911,Negative Regulation of Leukocyte Mediated Cytotoxicity,0.18324161838922792,19,19,-0.130908398727902,down,0.4319538081034253
GO:0001778,Plasma Membrane Repair,0.18337992190901142,21,21,2.358498029711865,up,0.43198129394450135
GO:2000679,Positive Regulation of Transcription Regulatory Region DNA Binding,0.18442686423422694,14,14,0.508024186253851,down,0.43414771145821124
GO:0046467,Membrane Lipid Biosynthetic Process,0.18469165578755742,48,48,2.846861269180204,up,0.4344711985457644
GO:0035358,Regulation of Peroxisome Proliferator Activated Receptor Signaling Pathway,0.18486530229812814,13,13,1.3246692333591257,up,0.43447505220652083
GO:0070207,Protein Homotrimerization,0.1849480433315357,14,14,-1.3570618850209963,down,0.43447505220652083
GO:0050857,Positive Regulation of Antigen Receptor-Mediated Signaling Pathway,0.18519068228310664,18,18,-1.3971665857188924,down,0.4347456416157445
GO:1903556,Negative Regulation of Tumor Necrosis Factor Superfamily Cytokine Production,0.18582826241729167,45,45,0.5147028808647226,down,0.43594236802295866
GO:0015909,Long-Chain Fatty Acid Transport,0.18597910378194304,22,22,0.7235667812141979,down,0.435996373196019
GO:1902001,Fatty Acid Transmembrane Transport,0.18747685975387973,11,11,-0.2381898950792519,down,0.4392057476789037
GO:0006353,DNA-templated Transcription Termination,0.18770987802903305,14,14,3.9536659212361682,up,0.43944982426700874
GO:0062207,Regulation of Pattern Recognition Receptor Signaling Pathway,0.18794035972937984,13,13,3.542309348203181,up,0.43954939613410837
GO:1903035,Negative Regulation of Response to Wounding,0.18801013455281856,24,24,3.6232059353943615,up,0.43954939613410837
GO:0051764,Actin Crosslink Formation,0.18848417506798532,10,10,4.831674677497173,up,0.4403558364088342
GO:1900078,Positive Regulation of Cellular Response to Insulin Stimulus,0.18972748750794832,12,12,-0.9133517207236035,down,0.44295719362738656
GO:0043392,Negative Regulation of DNA Binding,0.19015062448554465,23,23,4.698264614967735,up,0.44364143647072013
GO:0090110,COPII-coated Vesicle Cargo Loading,0.19158150608655355,16,16,-2.0424241503832423,down,0.4466743111833453
GO:0036230,Granulocyte Activation,0.1917225672386459,13,13,-0.2339352762932069,down,0.4466978667015172
GO:0050678,Regulation of Epithelial Cell Proliferation,0.19235862154267913,84,84,0.41526296850866906,down,0.4473847028277316
GO:0007517,Muscle Organ Development,0.19267315404688878,51,51,-0.0506076363080938,down,0.4473847028277316
GO:0018200,Peptidyl-Glutamic Acid Modification,0.19265962223073885,14,14,1.545882732583663,up,0.4473847028277316
GO:0046425,Regulation of Receptor Signaling Pathway via JAK-STAT,0.19234928969710996,47,47,0.1383453206987606,down,0.4473847028277316
GO:0031399,Regulation of Protein Modification Process,0.19251484481677306,29,29,2.211991746633545,up,0.4473847028277316
GO:0048706,Embryonic Skeletal System Development,0.19286733829997138,34,34,3.4446127528667674,up,0.447530946218505
GO:0070206,Protein Trimerization,0.19318282071589754,15,15,-0.8679825075617009,down,0.4479582606811193
GO:0048754,Branching Morphogenesis of an Epithelial Tube,0.1934267161574339,36,36,0.4057620879058502,down,0.44818501609695705
GO:0061564,Axon Development,0.19354339745259974,90,90,1.768350023889532,up,0.44818501609695705
GO:0006879,Intracellular Iron Ion Homeostasis,0.19383647518090474,56,56,-0.1546637916617603,down,0.44855917017779245
GO:0031047,Regulatory ncRNA-mediated Gene Silencing,0.19447779219392092,36,36,1.9603809328940833,up,0.4497381350328571
GO:0070201,Regulation of Establishment of Protein Localization,0.19536182037274374,14,14,1.832175545199967,up,0.45147640195896266
GO:0098742,Cell-Cell Adhesion via Plasma-Membrane Adhesion Molecules,0.19609535399310873,154,154,0.8792473542732017,down,0.45204633338879263
GO:0071480,Cellular Response to Gamma Radiation,0.1961385439505755,15,15,2.447669795120546,up,0.45204633338879263
GO:0006289,Nucleotide-Excision Repair,0.19591088702419934,51,51,2.368197203352222,up,0.45204633338879263
GO:0035313,"Wound Healing, Spreading of Epidermal Cells",0.19574648406317596,10,10,3.488656898130931,up,0.45204633338879263
GO:0045747,Positive Regulation of Notch Signaling Pathway,0.19648306775733437,28,28,3.874897941808638,up,0.4522292470447149
GO:0006012,Galactose Metabolic Process,0.19639085092317,10,10,3.303727594942842,up,0.4522292470447149
GO:0016064,Immunoglobulin Mediated Immune Response,0.19662385196234478,16,16,0.15987145039394385,down,0.4522481180334174
GO:0008630,Intrinsic Apoptotic Signaling Pathway in Response to DNA Damage,0.1968583305573075,52,52,2.165935044234692,up,0.45248232178637193
GO:0018107,Peptidyl-Threonine Phosphorylation,0.1972342072295068,36,36,2.072267384836584,up,0.4530409972120187
GO:0042130,Negative Regulation of T Cell Proliferation,0.19968472333735798,38,38,0.28728657244886696,down,0.458361097781782
GO:0030705,Cytoskeleton-Dependent Intracellular Transport,0.20017588537349085,16,16,2.6776092561277096,up,0.45917951917214345
GO:0098815,Modulation of Excitatory Postsynaptic Potential,0.2003924273220543,28,28,-0.5303243668415241,down,0.459367318276564
GO:1902036,Regulation of Hematopoietic Stem Cell Differentiation,0.2006859411370392,13,13,3.873305043372274,up,0.4597311922219212
GO:1905037,Autophagosome Organization,0.20101736732811604,65,65,1.6461813887228582,up,0.45987272968222925
GO:0010867,Positive Regulation of Triglyceride Biosynthetic Process,0.2009129046955247,11,11,-0.2115124561787315,down,0.45987272968222925
GO:0008361,Regulation of Cell Size,0.20147609316357484,25,25,2.075782262601304,up,0.46052734992424305
GO:0035725,Sodium Ion Transmembrane Transport,0.20170854904333602,76,76,0.3237722144400173,down,0.46052734992424305
GO:2001044,Regulation of Integrin-Mediated Signaling Pathway,0.20167704237640216,18,18,3.2003281627981375,up,0.46052734992424305
GO:0060337,Type I Interferon-Mediated Signaling Pathway,0.20217712695186052,26,26,0.5261447741170314,down,0.46128841473765636
GO:1904894,Positive Regulation of Receptor Signaling Pathway via STAT,0.20268460751122375,33,33,0.3910308865960334,down,0.4621371632491873
GO:0006304,DNA Modification,0.20285907064572395,17,17,4.259588725552959,up,0.4622259786055874
GO:0010719,Negative Regulation of Epithelial to Mesenchymal Transition,0.20397096131334547,33,33,0.6249898079375202,down,0.4644492316687726
GO:0071385,Cellular Response to Glucocorticoid Stimulus,0.2049329026191019,16,16,-0.3163954991377371,down,0.46589199695744643
GO:0019216,Regulation of Lipid Metabolic Process,0.20487824808919974,49,49,0.1809618476321199,down,0.46589199695744643
GO:0042475,Odontogenesis of Dentin-Containing Tooth,0.20501433228763621,13,13,2.712669059419534,up,0.46589199695744643
GO:0009206,Purine Ribonucleoside Triphosphate Biosynthetic Process,0.20526993065225796,11,11,3.802187876650395,up,0.466162272606426
GO:1900103,Positive Regulation of Endoplasmic Reticulum Unfolded Protein Response,0.20588722626222333,11,11,4.130931465758703,up,0.467253046427441
GO:0002486,"Ag Processing and Presentation of Endogenous Pep Ag via MHC Cls I via ER Pway, TAP-ind",0.20703183621354881,11,11,2.3715133730533706,up,0.4674013615135763
GO:0002428,Antigen Processing and Presentation of Peptide Antigen via MHC Class Ib,0.20703183621354881,11,11,2.3715133730533706,up,0.4674013615135763
GO:0046854,Phosphatidylinositol Phosphate Biosynthetic Process,0.20697007176369497,37,37,1.905548888706624,up,0.4674013615135763
GO:0071711,Basement Membrane Organization,0.2070311445694789,10,10,-0.6960417249485054,down,0.4674013615135763
GO:0008284,Positive Regulation of Cell Population Proliferation,0.20658551794599878,437,437,1.434042773883632,up,0.4674013615135763
GO:0036503,ERAD Pathway,0.20704880013105065,89,89,2.370940724700552,up,0.4674013615135763
GO:0002476,Antigen Processing and Presentation of Endogenous Peptide Antigen via MHC Class Ib,0.20703183621354881,11,11,2.3715133730533706,up,0.4674013615135763
GO:0002484,Ag Processing and Presentation of Endogenous Pep Ag via MHC Cls I via ER Pway,0.20703183621354881,11,11,2.3715133730533706,up,0.4674013615135763
GO:0006891,intra-Golgi Vesicle-Mediated Transport,0.20731608785170297,32,32,2.1207449035949297,up,0.46760897350095937
GO:0010224,Response to UV-B,0.20741494485691925,14,14,3.6077017297211644,up,0.46760897350095937
GO:0043266,Regulation of Potassium Ion Transport,0.2080708436132619,34,34,-0.12892126684475755,down,0.46863189847450504
GO:0030837,Negative Regulation of Actin Filament Polymerization,0.20814345534707568,19,19,2.9081411051721253,up,0.46863189847450504
GO:0001707,Mesoderm Formation,0.20838276325322758,17,17,3.1278525370706203,up,0.46886121731976205
GO:1900181,Negative Regulation of Protein Localization to Nucleus,0.20853639043934658,25,25,2.688022635651427,up,0.468897579293745
GO:0009416,Response to Light Stimulus,0.20870922730010744,49,49,2.370940724700552,up,0.46891595103162914
GO:0045931,Positive Regulation of Mitotic Cell Cycle,0.20881950443185127,28,28,2.534497964894321,up,0.46891595103162914
GO:0034311,Diol Metabolic Process,0.20914889114742152,10,10,-0.3005272752362662,down,0.46916878111845545
GO:0010611,Regulation of Cardiac Muscle Hypertrophy,0.2092071873588891,24,24,0.006929824094265513,down,0.46916878111845545
GO:0009913,Epidermal Cell Differentiation,0.20988832648110356,42,42,2.6991947929149482,up,0.4699281645602546
GO:0048523,Negative Regulation of Cellular Process,0.20994191419496644,493,493,1.506076375101392,up,0.4699281645602546
GO:0016180,snRNA Processing,0.20995910958364938,19,19,3.293855639018925,up,0.4699281645602546
GO:0160049,Negative Regulation of cGAS/STING Signaling Pathway,0.21023258170963166,14,14,1.9329276916453435,up,0.47023169587642855
GO:0035592,Establishment of Protein Localization to Extracellular Region,0.21041623806826815,37,37,0.2028005118417049,down,0.47033406818536216
GO:0002446,Neutrophil Mediated Immunity,0.21097509076752763,14,14,-0.5667955386734294,down,0.47127441690113736
GO:1901264,Carbohydrate Derivative Transport,0.21117747114219365,17,17,3.664491396584757,up,0.4714177709856168
GO:0044042,Glucan Metabolic Process,0.211823097081293,10,10,-0.31002919464815665,down,0.4717009451492607
GO:0055008,Cardiac Muscle Tissue Morphogenesis,0.21158153428421922,22,22,-0.5441121667539794,down,0.4717009451492607
GO:0070371,ERK1 and ERK2 Cascade,0.21185747521802034,21,21,4.11038465746269,up,0.4717009451492607
GO:0071774,Response to Fibroblast Growth Factor,0.21157672207563527,17,17,0.6480092989289772,down,0.4717009451492607
GO:0010977,Negative Regulation of Neuron Projection Development,0.21239584801028477,51,51,2.237806113859302,up,0.47244107582318345
GO:0016051,Carbohydrate Biosynthetic Process,0.21246690422537773,27,27,1.7225944565850315,up,0.47244107582318345
GO:0010649,Regulation of Cell Communication by Electrical Coupling,0.21273952913363192,12,12,3.0701535861906173,up,0.4727391100161684
GO:0035338,Long-Chain fatty-acyl-CoA Biosynthetic Process,0.21288577264341624,17,17,3.4699738917990426,up,0.4727561005772739
GO:0050913,Sensory Perception of Bitter Taste,0.21401562584326994,13,13,0.2342703085176148,down,0.4739470913179447
GO:1903311,Regulation of mRNA Metabolic Process,0.21398368925072464,17,17,1.659730201351436,up,0.4739470913179447
GO:0010824,Regulation of Centrosome Duplication,0.2145219657491384,28,28,2.104400161880778,up,0.4739470913179447
GO:0043277,Apoptotic Cell Clearance,0.21437661873332536,23,23,0.1026019448752161,down,0.4739470913179447
GO:0042761,Very Long-Chain Fatty Acid Biosynthetic Process,0.2138247505920411,12,12,3.1235280105345766,up,0.4739470913179447
GO:0002768,Immune Response-Regulating Cell Surface Receptor Signaling Pathway,0.21452641624536084,17,17,-0.2298505144140006,down,0.4739470913179447
GO:0045577,Regulation of B Cell Differentiation,0.21453365845643702,19,19,0.0519472320764106,down,0.4739470913179447
GO:0001580,Detection of Chemical Stimulus Involved in Sensory Perception of Bitter Taste,0.21401562584326994,13,13,0.2342703085176148,down,0.4739470913179447
GO:1902774,Late Endosome to Lysosome Transport,0.21498426628292855,15,15,1.8914093629973991,up,0.47432815801492195
GO:1904063,Negative Regulation of Cation Transmembrane Transport,0.21485256317861035,16,16,2.9544953567723926,up,0.47432815801492195
GO:0050912,Detection of Chemical Stimulus Involved in Sensory Perception of Taste,0.21526925575424993,16,16,0.5848441824566348,down,0.47434330192360885
GO:0006120,"Mitochondrial Electron Transport, NADH to Ubiquinone",0.21515661135321085,33,33,2.155410795407509,up,0.47434330192360885
GO:0072393,Microtubule Anchoring at Microtubule Organizing Center,0.2157844929225835,12,12,3.7827754611025473,up,0.47486510023156925
GO:0071577,Zinc Ion Transmembrane Transport,0.2157724201444886,21,21,2.838469600192975,up,0.47486510023156925
GO:0007044,Cell-Substrate Junction Assembly,0.216002975535318,29,29,3.281449053147766,up,0.47503942588715
GO:0007143,Female Meiotic Nuclear Division,0.21644158498936195,17,17,1.6109910107581316,up,0.4756973237105113
GO:0060285,Cilium-Dependent Cell Motility,0.2171529307199429,25,25,0.1436680907229335,down,0.476646490788755
GO:0002819,Regulation of Adaptive Immune Response,0.2170865569087742,18,18,-0.5039316198913382,down,0.476646490788755
GO:0009048,Dosage Compensation by Inactivation of X Chromosome,0.21732736137010544,11,11,2.801193794178268,up,0.4767225914041348
GO:0022603,Regulation of Anatomical Structure Morphogenesis,0.21899454734428447,124,124,0.5802837185536747,down,0.4800709517939295
GO:0006820,Monoatomic Anion Transport,0.21918400365630308,45,45,2.112118266396476,up,0.48016242359240846
GO:0032688,Negative Regulation of Interferon-Beta Production,0.21945858058650392,10,10,-2.3329391717823587,down,0.48016242359240846
GO:1902115,Regulation of Organelle Assembly,0.21934466254247165,82,82,1.935683382377891,up,0.48016242359240846
GO:0018205,Peptidyl-Lysine Modification,0.22070934205663284,83,83,2.54929503993025,up,0.48067778986020365
GO:0071392,Cellular Response to Estradiol Stimulus,0.22102151870907416,17,17,-1.538176211473329,down,0.48067778986020365
GO:0006493,Protein O-linked Glycosylation,0.2205770112494504,89,89,2.110145392520364,up,0.48067778986020365
GO:0009966,Regulation of Signal Transduction,0.2201738059665651,195,195,1.4684249835283858,up,0.48067778986020365
GO:0002313,Mature B Cell Differentiation Involved in Immune Response,0.22113655188482984,12,12,-1.0039260151076985,down,0.48067778986020365
GO:0006576,Biogenic Amine Metabolic Process,0.22138516794792729,11,11,-0.2310260887258642,down,0.48067778986020365
GO:0051156,Glucose 6-Phosphate Metabolic Process,0.22118013015893434,17,17,4.873667868263419,up,0.48067778986020365
GO:2001258,Negative Regulation of Cation Channel Activity,0.2212992210715642,18,18,1.9702206977086965,up,0.48067778986020365
GO:2000134,Negative Regulation of G1/S Transition of Mitotic Cell Cycle,0.22078284068073573,31,31,-0.3140282342306392,down,0.48067778986020365
GO:0030099,Myeloid Cell Differentiation,0.22136186577857997,51,51,-0.1960449827966935,down,0.48067778986020365
GO:1903037,Regulation of Leukocyte Cell-Cell Adhesion,0.2213259740193333,11,11,-0.4642702245289216,down,0.48067778986020365
GO:0008344,Adult Locomotory Behavior,0.22114968797475565,10,10,0.08956583249058715,down,0.48067778986020365
GO:0099518,Vesicle Cytoskeletal Trafficking,0.22172173200456158,23,23,2.519937257039011,up,0.48110230780379104
GO:0006497,Protein Lipidation,0.22198867034284198,24,24,3.145697955280924,up,0.4813753048566014
GO:0010827,Regulation of D-glucose Transmembrane Transport,0.2233731618565854,15,15,-0.0610062294764592,down,0.4816219058740915
GO:0043029,T Cell Homeostasis,0.223135130602106,15,15,2.076215916652211,up,0.4816219058740915
GO:0017062,Respiratory Chain Complex III Assembly,0.2227833440309036,12,12,4.53890361819982,up,0.4816219058740915
GO:0034551,Mitochondrial Respiratory Chain Complex III Assembly,0.2227833440309036,12,12,4.53890361819982,up,0.4816219058740915
GO:0031664,Regulation of Lipopolysaccharide-Mediated Signaling Pathway,0.2226372618906456,21,21,0.5759832004953549,down,0.4816219058740915
GO:0045664,Regulation of Neuron Differentiation,0.2228684424623596,64,64,1.7338731763327728,up,0.4816219058740915
GO:0044458,Motile Cilium Assembly,0.22326547858168688,17,17,-0.5760207400774703,down,0.4816219058740915
GO:0060071,"Wnt Signaling Pathway, Planar Cell Polarity Pathway",0.2229919553532459,26,26,3.416195801571158,up,0.4816219058740915
GO:2000341,Regulation of Chemokine (C-X-C Motif) Ligand 2 Production,0.22241125103755655,14,14,-0.2855896888227198,down,0.4816219058740915
GO:0007030,Golgi Organization,0.2236284262063215,125,125,1.5359465906976435,up,0.4818676953820358
GO:0010837,Regulation of Keratinocyte Proliferation,0.2239572697767892,23,23,-1.3119424378534918,down,0.48210820150242323
GO:2000648,Positive Regulation of Stem Cell Proliferation,0.22430539894000168,17,17,3.335465433807105,up,0.48210820150242323
GO:0046839,Phospholipid Dephosphorylation,0.22421350962229558,33,33,0.2499545052608809,down,0.48210820150242323
GO:0009168,Purine Ribonucleoside Monophosphate Biosynthetic Process,0.22406064720310792,11,11,4.087178149421517,up,0.48210820150242323
GO:0007339,Binding of Sperm to Zona Pellucida,0.2247481071688786,10,10,4.686510938034951,up,0.48275553750191746
GO:0043252,Sodium-Independent Organic Anion Transport,0.22520390211512398,13,13,1.608393712973985,up,0.48328318037184664
GO:0090336,Positive Regulation of Brown Fat Cell Differentiation,0.22527712013815193,11,11,4.715753730564419,up,0.48328318037184664
GO:0015740,C4-dicarboxylate Transport,0.22588455783836925,13,13,-0.2967484900733191,down,0.4842817264529714
GO:0042554,Superoxide Anion Generation,0.22625046263947102,17,17,3.005244470222733,up,0.48476151260253497
GO:0050806,Positive Regulation of Synaptic Transmission,0.2274267756663101,74,74,0.7518546949336007,down,0.4869759772741894
GO:0002695,Negative Regulation of Leukocyte Activation,0.2284978698956429,20,20,-0.20498897637796334,down,0.48804397884410644
GO:0007271,"Synaptic Transmission, Cholinergic",0.22836199377202748,15,15,-0.2311178623736696,down,0.48804397884410644
GO:0071346,Cellular Response to Type II Interferon,0.22809437443078395,45,45,-0.0698045916525832,down,0.48804397884410644
GO:0001895,Retina Homeostasis,0.22824007238760458,10,10,-0.2973978917060908,down,0.48804397884410644
GO:0000045,Autophagosome Assembly,0.2287300152761349,68,68,1.7360162832617165,up,0.48816573368892024
GO:0030856,Regulation of Epithelial Cell Differentiation,0.2288411047108131,19,19,-0.0846745728524652,down,0.48816573368892024
GO:0071353,Cellular Response to Interleukin-4,0.22951640761594105,12,12,-0.4217125560616662,down,0.48899466981759837
GO:0006473,Protein Acetylation,0.2294699680943415,25,25,2.848712315084379,up,0.48899466981759837
GO:0032720,Negative Regulation of Tumor Necrosis Factor Production,0.23022701339136808,43,43,0.5147028808647226,down,0.4902024610973511
GO:0030449,Regulation of Complement Activation,0.2309802677605005,10,10,-1.1352049405198397,down,0.49127778474553946
GO:0001933,Negative Regulation of Protein Phosphorylation,0.23102010165108333,80,80,2.1598004237647226,up,0.49127778474553946
GO:1900271,Regulation of Long-Term Synaptic Potentiation,0.23181593024820113,25,25,0.5703263892901281,down,0.49257458696293904
GO:0045721,Negative Regulation of Gluconeogenesis,0.23197955922318558,14,14,1.262533261852782,up,0.49257458696293904
GO:0071260,Cellular Response to Mechanical Stimulus,0.23206313727629524,51,51,0.2677956687114771,down,0.49257458696293904
GO:0046462,Monoacylglycerol Metabolic Process,0.23240936946209456,11,11,-0.1071791583139396,down,0.493002710967167
GO:0045671,Negative Regulation of Osteoclast Differentiation,0.23272169857778946,21,21,-0.2129929768357486,down,0.49335842998684887
GO:0019318,Hexose Metabolic Process,0.23291111861843872,46,46,-0.43092911544665063,down,0.49345330783074187
GO:0031952,Regulation of Protein Autophosphorylation,0.23310327481397441,12,12,2.4497912784951987,up,0.4934894183529655
GO:0070646,Protein Modification by Small Protein Removal,0.23321751462473772,79,79,1.86142189461428,up,0.4934894183529655
GO:0060338,Regulation of Type I Interferon-Mediated Signaling Pathway,0.23363538874160672,34,34,2.104208451481618,up,0.49406714878959734
GO:0034110,Regulation of Homotypic Cell-Cell Adhesion,0.23384610840394293,13,13,-1.5144404762985195,down,0.49420636664550766
GO:0071453,Cellular Response to Oxygen Levels,0.23454069463584615,10,10,3.2484778938986794,up,0.49536737424326394
GO:0042339,Keratan Sulfate Proteoglycan Metabolic Process,0.23486224803852362,17,17,3.26432017310726,up,0.49552843507891414
GO:0051353,Positive Regulation of Oxidoreductase Activity,0.2349074991271194,10,10,-0.24501390378380977,down,0.49552843507891414
GO:0045746,Negative Regulation of Notch Signaling Pathway,0.23510685260707243,29,29,2.809809213795364,up,0.4956424439077404
GO:1902165,Reg of Intrinsic Apoptotic Sgnlng Pway in Resp to DNA Damage by P53 Cls Mediator,0.23560618249025234,13,13,3.452760555514054,up,0.49638831900818453
GO:0048738,Cardiac Muscle Tissue Development,0.23623959558291596,43,43,0.0941254557079306,down,0.497108735677561
GO:0048261,Negative Regulation of Receptor-Mediated Endocytosis,0.23618648894381022,24,24,2.467902063019836,up,0.497108735677561
GO:0060314,Regulation of Ryanodine-Sensitive Calcium-Release Channel Activity,0.23649766077527024,15,15,1.4221936556377404,up,0.49734495740101525
GO:0003015,Heart Process,0.23685617274371917,10,10,-1.5335398572660262,down,0.4977919933634172
GO:0006516,Glycoprotein Catabolic Process,0.23767859917728218,18,18,2.8903315527487186,up,0.49859883259145726
GO:0071560,Cellular Response to Transforming Growth Factor Beta Stimulus,0.2376340337081032,92,92,0.8966183098099945,down,0.49859883259145726
GO:0032925,Regulation of Activin Receptor Signaling Pathway,0.2374185857654616,16,16,-0.7028259516946231,down,0.49859883259145726
GO:0003283,Atrial Septum Development,0.2380962270594026,10,10,-0.4208838623359337,down,0.49864602912224654
GO:1902166,- Reg of Intrinsic Apoptotic Sgnlng Pway in Resp to DNA Damage by P53 Cls Mediator,0.23813966034598055,12,12,3.455752730008924,up,0.49864602912224654
GO:0051260,Protein Homooligomerization,0.2380176366902319,134,134,0.19094673104899562,down,0.49864602912224654
GO:0030574,Collagen Catabolic Process,0.2391240493953044,24,24,1.6581987085904606,up,0.5000932755900572
GO:1901800,Positive Regulation of Proteasomal Protein Catabolic Process,0.23899999124324756,96,96,2.326032487834542,up,0.5000932755900572
GO:1904356,Regulation of Telomere Maintenance via Telomere Lengthening,0.23971328033518657,18,18,2.9889110325803445,up,0.5010183818770352
GO:0051222,Positive Regulation of Protein Transport,0.23991845548062474,71,71,2.1117389315427677,up,0.5011401418520581
GO:1901731,Positive Regulation of Platelet Aggregation,0.2420680831215578,11,11,-1.1787866053033806,down,0.5053208271282947
GO:0001938,Positive Regulation of Endothelial Cell Proliferation,0.2433210842737623,69,69,2.146397427985579,up,0.5076258216867299
GO:0010543,Regulation of Platelet Activation,0.24352348776833332,27,27,-0.6418727132551504,down,0.5077375408177169
GO:0005975,Carbohydrate Metabolic Process,0.24367737228993003,77,77,0.8321120977211958,down,0.5077480249730918
GO:0038179,Neurotrophin Signaling Pathway,0.24402030185192047,15,15,0.0824163235862364,down,0.5081521670432849
GO:0090199,Regulation of Release of Cytochrome C From Mitochondria,0.24473260496239269,36,36,2.628839103651279,up,0.5083939802233383
GO:0030855,Epithelial Cell Differentiation,0.24453489106686954,99,99,2.21155992133897,up,0.5083939802233383
GO:0046578,Regulation of Ras Protein Signal Transduction,0.24463649090343176,32,32,-0.23344443173412477,down,0.5083939802233383
GO:0072331,Signal Transduction by P53 Class Mediator,0.244397676922958,50,50,1.8351343573457015,up,0.5083939802233383
GO:0071364,Cellular Response to Epidermal Growth Factor Stimulus,0.24518577776174744,27,27,-0.8360925434689693,down,0.5090253730647112
GO:0051489,Regulation of Filopodium Assembly,0.24633511880720005,38,38,0.47994530935922575,down,0.5111004198609241
GO:0030879,Mammary Gland Development,0.24693288104335065,19,19,-0.2066705217544526,down,0.511236886710499
GO:0002503,Peptide Antigen Assembly With MHC Class II Protein Complex,0.24745004396336379,11,11,-0.8187427600377593,down,0.511236886710499
GO:0045776,Negative Regulation of Blood Pressure,0.24698060249513454,11,11,4.129622103227668,up,0.511236886710499
GO:1904752,Regulation of Vascular Associated Smooth Muscle Cell Migration,0.24663779436171696,13,13,-0.9188429369699758,down,0.511236886710499
GO:0002684,Positive Regulation of Immune System Process,0.24713169272364266,37,37,-0.7152585293564304,down,0.511236886710499
GO:0002399,MHC Class II Protein Complex Assembly,0.24745004396336379,11,11,-0.8187427600377593,down,0.511236886710499
GO:0060070,Canonical Wnt Signaling Pathway,0.24721539866225084,58,58,0.5647208672507781,down,0.511236886710499
GO:0007010,Cytoskeleton Organization,0.2477829066095214,111,111,1.4649578192538537,up,0.5116147060805554
GO:0007031,Peroxisome Organization,0.24801416117027897,26,26,1.144832897954874,down,0.5117823979139876
GO:0050686,Negative Regulation of mRNA Processing,0.24860659993268497,16,16,2.3495299751937915,up,0.5123849621573344
GO:0002097,tRNA Wobble Base Modification,0.24846451160388094,16,16,3.275679681892474,up,0.5123849621573344
GO:0006661,Phosphatidylinositol Biosynthetic Process,0.24935553339973626,90,90,2.1702753382371505,up,0.5129270352010877
GO:0010976,Positive Regulation of Neuron Projection Development,0.2494480157078608,92,92,1.1570088517499986,down,0.5129270352010877
GO:0071230,Cellular Response to Amino Acid Stimulus,0.24938505698592617,38,38,1.8999896397970641,up,0.5129270352010877
GO:0097300,Programmed Necrotic Cell Death,0.2494711085894472,13,13,-0.2744707245005067,down,0.5129270352010877
GO:0018149,Peptide Cross-Linking,0.24992575015734497,13,13,2.4104500861531557,up,0.5132430666987982
GO:0030212,Hyaluronan Metabolic Process,0.24990034245582604,12,12,3.5459150658637313,up,0.5132430666987982
GO:0002204,Somatic Recombination of Immunoglobulin Genes Involved in Immune Response,0.2506136617350435,10,10,3.8750259054528264,up,0.5143460891565785
GO:0097306,Cellular Response to Alcohol,0.2518091858211171,52,52,-0.16698110532833824,down,0.5164889554033858
GO:0051046,Regulation of Secretion,0.2523681422534737,14,14,-0.3876531402991118,down,0.5172484706751475
GO:0051290,Protein Heterotetramerization,0.2524827627306129,12,12,3.2099532944940252,up,0.5172484706751475
GO:0034391,Regulation of Smooth Muscle Cell Apoptotic Process,0.2527159611606741,16,16,0.22248796416473338,down,0.5174154522923525
GO:0015012,Heparan Sulfate Proteoglycan Biosynthetic Process,0.253147475462037,16,16,2.7996179504408554,up,0.5179880256754698
GO:0045332,Phospholipid Translocation,0.253733894032081,31,31,0.6899201916727756,down,0.5188756938967707
GO:0007600,Sensory Perception,0.2538855271514835,36,36,-0.5469681025788666,down,0.5188756938967707
GO:0043547,Positive Regulation of GTPase Activity,0.2546524944585954,106,106,1.4346614567043936,up,0.5201315320947718
GO:2000785,Regulation of Autophagosome Assembly,0.2564336138692358,43,43,1.8457823071697643,up,0.5234560484188888
GO:0006360,Transcription by RNA Polymerase I,0.2568724180035228,16,16,2.410165601780191,up,0.5237249359294778
GO:1902305,Regulation of Sodium Ion Transmembrane Transport,0.2568100567468793,18,18,2.308125661872839,up,0.5237249359294778
GO:0071542,Dopaminergic Neuron Differentiation,0.2573731855985981,17,17,-0.9852147670523692,down,0.524432458827251
GO:0045732,Positive Regulation of Protein Catabolic Process,0.25824388631455175,95,95,2.075782262601304,up,0.5258924753545886
GO:1902475,L-alpha-amino Acid Transmembrane Transport,0.2589827899963487,36,36,-0.3715560733956173,down,0.5270825159173899
GO:0070507,Regulation of Microtubule Cytoskeleton Organization,0.25949036030473094,35,35,2.5104006033025468,up,0.5278006076323418
GO:0072678,T Cell Migration,0.2602713758663263,19,19,-0.5019014739458003,down,0.5290736967103928
GO:0009101,Glycoprotein Biosynthetic Process,0.26098526388112053,68,68,1.9312572546969922,up,0.5300329889275387
GO:0005979,Regulation of Glycogen Biosynthetic Process,0.26105406666615805,24,24,-0.8412095861199973,down,0.5300329889275387
GO:0043923,Positive Regulation by Host of Viral Transcription,0.26138486812954775,17,17,4.494070310829556,up,0.5303889263473452
GO:0010828,Positive Regulation of D-glucose Transmembrane Transport,0.2623549897860423,29,29,-0.3304006563684847,down,0.5320409453984485
GO:0010888,Negative Regulation of Lipid Storage,0.26266906363093223,19,19,-0.2115124561787315,down,0.5323613642573439
GO:0016540,Protein Autoprocessing,0.2634915098480778,16,16,-0.41188781402217123,down,0.5337111283205423
GO:0006116,NADH Oxidation,0.264429859246478,12,12,-0.493092159502345,down,0.5352939168485082
GO:0010464,Regulation of Mesenchymal Cell Proliferation,0.26505833913036136,11,11,1.9703891902086923,up,0.5352954379950637
GO:0070213,Protein auto-ADP-ribosylation,0.2648725049567515,10,10,-1.2793865511955325,down,0.5352954379950637
GO:0071333,Cellular Response to Glucose Stimulus,0.26465756706285193,36,36,0.5617307326652892,down,0.5352954379950637
GO:0030852,Regulation of Granulocyte Differentiation,0.2649899127232572,10,10,3.5908861054670846,up,0.5352954379950637
GO:0050829,Defense Response to Gram-negative Bacterium,0.26534854019651666,54,54,1.7498264516723747,up,0.5355644204794783
GO:0001504,Neurotransmitter Uptake,0.26570839308905825,11,11,4.775629404858311,up,0.53565681372741
GO:1900744,Regulation of p38MAPK Cascade,0.2656185626144981,35,35,0.5850321255023926,down,0.53565681372741
GO:0023061,Signal Release,0.26602260482118123,11,11,2.170966832714564,up,0.5359734820112517
GO:1904375,Regulation of Protein Localization to Cell Periphery,0.26718338830863697,26,26,1.9210915367428907,up,0.537994414120874
GO:0060099,"Regulation of Phagocytosis, Engulfment",0.2675819584274358,10,10,-0.9109047373231609,down,0.5384790915610522
GO:0042359,Vitamin D Metabolic Process,0.2679367649670996,10,10,-1.2874981130735699,down,0.5388751800134297
GO:0071499,Cellular Response to Laminar Fluid Shear Stress,0.26855720311437925,15,15,-1.5073940658109817,down,0.5395146537189252
GO:0050869,Negative Regulation of B Cell Activation,0.2685710589313207,20,20,0.20387526914959403,down,0.5395146537189252
GO:0010592,Positive Regulation of Lamellipodium Assembly,0.2688144900466366,21,21,3.4820597454535407,up,0.539685830223118
GO:0006164,Purine Nucleotide Biosynthetic Process,0.2699534545435277,19,19,0.0442595093893685,down,0.5415271128479308
GO:0007422,Peripheral Nervous System Development,0.27004914070780717,20,20,-0.30361587264711637,down,0.5415271128479308
GO:0007040,Lysosome Organization,0.2703309092559132,44,44,2.836779022789917,up,0.5416053681765479
GO:0042771,Intrinsic Apoptotic Signaling Pathway in Response to DNA Damage by P53 Class Mediator,0.27040572911306393,21,21,2.3916807062542365,up,0.5416053681765479
GO:0030277,Maintenance of Gastrointestinal Epithelium,0.2705753570378576,18,18,-0.5135288711489026,down,0.5416270791409228
GO:0031114,Regulation of Microtubule Depolymerization,0.271165637288865,27,27,1.645838972237195,up,0.542490316007225
GO:0046496,Nicotinamide Nucleotide Metabolic Process,0.2713498663986954,46,46,2.7521160462069303,up,0.5425406766037222
GO:1903861,Positive Regulation of Dendrite Extension,0.2725949386178309,14,14,3.14521758109775,up,0.5438819539094335
GO:1902622,Regulation of Neutrophil Migration,0.2725786764451059,10,10,3.138284513874634,up,0.5438819539094335
GO:1903859,Regulation of Dendrite Extension,0.2725949386178309,14,14,3.14521758109775,up,0.5438819539094335
GO:0019722,Calcium-Mediated Signaling,0.2726584993213519,87,87,0.9245764733053664,down,0.5438819539094335
GO:0120163,Negative Regulation of Cold-Induced Thermogenesis,0.27299082082161763,46,46,0.21286067234520634,down,0.5442265866876317
GO:0097320,Plasma Membrane Tubulation,0.2744103030129501,13,13,1.2777392500291722,up,0.5459239096169748
GO:1903531,Negative Regulation of Secretion by Cell,0.27464156630860936,33,33,1.901064124116076,up,0.5459239096169748
GO:0051049,Regulation of Transport,0.27439510571038406,45,45,0.7466494328707092,down,0.5459239096169748
GO:0019370,Leukotriene Biosynthetic Process,0.27445250328578863,13,13,0.5204167734102193,down,0.5459239096169748
GO:0048806,Genitalia Development,0.2746424593675546,13,13,-0.6625695294946427,down,0.5459239096169748
GO:2001235,Positive Regulation of Apoptotic Signaling Pathway,0.2756176209069745,69,69,2.076215916652211,up,0.5474601110550845
GO:0060397,Growth Hormone Receptor Signaling Pathway via JAK-STAT,0.2758967841992642,10,10,-0.20043652785316773,down,0.5474601110550845
GO:1905039,Carboxylic Acid Transmembrane Transport,0.2757378115968898,48,48,0.26793395748862137,down,0.5474601110550845
GO:0031333,Negative Regulation of Protein-Containing Complex Assembly,0.2763908706372876,52,52,1.4509307675246004,up,0.5474850521160209
GO:0007420,Brain Development,0.27630662480675294,149,149,1.4940663649701578,up,0.5474850521160209
GO:0009190,Cyclic Nucleotide Biosynthetic Process,0.27625758160666225,15,15,-0.4263373184231996,down,0.5474850521160209
GO:0086013,Membrane Repolarization During Cardiac Muscle Cell Action Potential,0.27711863374894885,16,16,-0.1865096040147486,down,0.5486080439452492
GO:0032715,Negative Regulation of Interleukin-6 Production,0.2775941324990796,28,28,-0.10027782424585391,down,0.5489122237416583
GO:0035020,Regulation of Rac Protein Signal Transduction,0.2774455510193564,19,19,0.950032185026414,down,0.5489122237416583
GO:0071622,Regulation of Granulocyte Chemotaxis,0.278519744762304,19,19,1.9608161755462263,up,0.5501047188096231
GO:0030307,Positive Regulation of Cell Growth,0.27849567949270915,98,98,2.1802693781540246,up,0.5501047188096231
GO:0045069,Regulation of Viral Genome Replication,0.27888594862526994,61,61,0.7018050948942075,down,0.5502428752207515
GO:0060412,Ventricular Septum Morphogenesis,0.27891232226815577,25,25,-0.3503533523967985,down,0.5502428752207515
GO:0035024,Negative Regulation of Rho Protein Signal Transduction,0.2793925102989132,18,18,0.6922609963705062,down,0.5508715911153717
GO:0048260,Positive Regulation of Receptor-Mediated Endocytosis,0.2800329807577091,40,40,0.7701244293695861,down,0.551815423087548
GO:1990089,Response to Nerve Growth Factor,0.2811115210274312,13,13,-0.1163519916215228,down,0.5533014415606277
GO:0010812,Negative Regulation of Cell-Substrate Adhesion,0.2809735721287957,35,35,2.5104006033025468,up,0.5533014415606277
GO:0090304,Nucleic Acid Metabolic Process,0.28153471950479714,23,23,2.396876731241139,up,0.553692492559639
GO:0000338,Protein Deneddylation,0.2816348503638152,10,10,3.3330597591233664,up,0.553692492559639
GO:0035269,Protein O-linked Mannosylation,0.2819724929101586,16,16,3.0794796319669127,up,0.5540369661961698
GO:0009746,Response to Hexose,0.28238426987086607,24,24,2.2953161149829735,up,0.5545266232179183
GO:0090090,Negative Regulation of Canonical Wnt Signaling Pathway,0.28308966745788744,110,110,1.7241278066885157,up,0.5545734533846882
GO:0046039,GTP Metabolic Process,0.2833836204190887,14,14,3.048030743875848,up,0.5545734533846882
GO:0072359,Circulatory System Development,0.2826565375238599,122,122,0.6722134262539874,down,0.5545734533846882
GO:0051223,Regulation of Protein Transport,0.2833832909271029,24,24,3.190293844225175,up,0.5545734533846882
GO:0008156,Negative Regulation of DNA Replication,0.2830826040774619,12,12,2.2423687304731397,up,0.5545734533846882
GO:0002920,Regulation of Humoral Immune Response,0.2827911181933641,12,12,-1.1352049405198397,down,0.5545734533846882
GO:0032271,Regulation of Protein Polymerization,0.2835948377851004,33,33,2.34821787657818,up,0.5546685732138632
GO:0019751,Polyol Metabolic Process,0.2845607421863199,17,17,-0.1541370550286281,down,0.5562387917464396
GO:0035456,Response to Interferon-Beta,0.2847379329743712,26,26,0.5727833134728681,down,0.556266374212818
GO:0060760,Positive Regulation of Response to Cytokine Stimulus,0.2850286182366678,14,14,-0.9268769182961372,down,0.5565155219263158
GO:0046823,Negative Regulation of Nucleocytoplasmic Transport,0.2863306061798435,18,18,2.909492277141225,up,0.5587378133177611
GO:0046942,Carboxylic Acid Transport,0.2867224594253984,44,44,2.9210428550202714,up,0.558863033771448
GO:0046850,Regulation of Bone Remodeling,0.2866692222579831,15,15,2.170966832714564,up,0.558863033771448
GO:1901888,Regulation of Cell Junction Assembly,0.2869927868185249,25,25,0.0527027031114709,down,0.5590704716379147
GO:0032436,Positive Regulation of Proteasomal Ubiquitin-Dependent Protein Catabolic Process,0.28772197714646197,70,70,2.4402802251775024,up,0.5600548598362513
GO:1904996,Positive Regulation of Leukocyte Adhesion to Vascular Endothelial Cell,0.28782649348957734,17,17,-0.2824114128956052,down,0.5600548598362513
GO:0141161,Regulation of cAMP/PKA Signal Transduction,0.2883589824425564,14,14,0.8026941996632515,down,0.5607710884330445
GO:0032677,Regulation of Interleukin-8 Production,0.2885860833853283,77,77,0.8011067983097309,down,0.5608155325543304
GO:0060307,Regulation of Ventricular Cardiac Muscle Cell Membrane Repolarization,0.2887106640766356,16,16,2.269882966411261,up,0.5608155325543304
GO:0071493,Cellular Response to UV-B,0.2900430030928257,10,10,3.6077017297211644,up,0.5627626186289126
GO:0045912,Negative Regulation of Carbohydrate Metabolic Process,0.28996038717815,29,29,1.797397144750827,up,0.5627626186289126
GO:0010944,Negative Regulation of Transcription by Competitive Promoter Binding,0.2903902952144577,12,12,3.795004860553261,up,0.5631161438183714
GO:0043124,Negative Regulation of Canonical NF-kappaB Signal Transduction,0.2909839985011995,60,60,0.7842292696616474,down,0.563851208369345
GO:0050804,Modulation of Chemical Synaptic Transmission,0.29109996421530826,106,106,1.1859407531890631,down,0.563851208369345
GO:0070252,Actin-Mediated Cell Contraction,0.2928290137785733,11,11,-0.2562660370214406,down,0.5668784143011995
GO:0030177,Positive Regulation of Wnt Signaling Pathway,0.2930189652414167,112,112,2.139139850797317,up,0.5669243848204607
GO:0050779,RNA Destabilization,0.29379625948823895,21,21,2.212422908807707,up,0.5671596559213967
GO:0050920,Regulation of Chemotaxis,0.2935400620295122,29,29,1.692169013502835,up,0.5671596559213967
GO:0007368,Determination of Left/Right Symmetry,0.29354660180617465,45,45,2.2295013644601136,up,0.5671596559213967
GO:1900407,Regulation of Cellular Response to Oxidative Stress,0.2938056616866338,10,10,1.3233762355938905,up,0.5671596559213967
GO:0030279,Negative Regulation of Ossification,0.2943490887961314,28,28,0.5552810110635601,down,0.5671748780798864
GO:0002224,Toll-Like Receptor Signaling Pathway,0.2940133305650181,34,34,0.5662270860376641,down,0.5671748780798864
GO:0044027,Negative Regulation of Gene Expression via Chromosomal CpG Island Methylation,0.2941973067362583,11,11,-0.2469224117846758,down,0.5671748780798864
GO:0031400,Negative Regulation of Protein Modification Process,0.2944786599470768,41,41,2.3723998548546628,up,0.5671748780798864
GO:0061041,Regulation of Wound Healing,0.29480253333273176,48,48,2.5523756861224136,up,0.5674782399536953
GO:0046628,Positive Regulation of Insulin Receptor Signaling Pathway,0.2957146103038607,11,11,-0.8360925434689693,down,0.5675854372653797
GO:0140042,Lipid Droplet Formation,0.29562077729768654,13,13,2.8637140425704604,up,0.5675854372653797
GO:0046513,Ceramide Biosynthetic Process,0.2955766583002981,39,39,2.7158390541867283,up,0.5675854372653797
GO:1904893,Negative Regulation of Receptor Signaling Pathway via STAT,0.29526655684664294,17,17,-0.1960449827966935,down,0.5675854372653797
GO:0043122,Regulation of Canonical NF-kappaB Signal Transduction,0.2956637782418897,262,262,1.294445440722796,up,0.5675854372653797
GO:0009948,Anterior/Posterior Axis Specification,0.2958566131509367,16,16,2.3078799467894022,up,0.5675854372653797
GO:0018209,Peptidyl-Serine Modification,0.29644320389455003,73,73,2.6111758247950827,up,0.5680717800473654
GO:0033151,V(D)J Recombination,0.29639064621589895,11,11,2.5151968689437214,up,0.5680717800473654
GO:0030518,Nuclear Receptor-Mediated Steroid Hormone Signaling Pathway,0.2975588062630259,44,44,-0.20447732596444923,down,0.5698894374863455
GO:0045668,Negative Regulation of Osteoblast Differentiation,0.29782556461551346,33,33,0.7374639331572441,down,0.570080247420604
GO:0034329,Cell Junction Assembly,0.29837605468945094,95,95,1.8055665355178756,up,0.5701995333648452
GO:0048524,Positive Regulation of Viral Process,0.2983893776183667,40,40,1.5814042155709314,up,0.5701995333648452
GO:0071359,Cellular Response to dsRNA,0.2982043259189471,16,16,2.0054055925240326,up,0.5701995333648452
GO:0048311,Mitochondrion Distribution,0.29938661334183814,13,13,0.5353203183239287,down,0.5704661819957392
GO:2000463,Positive Regulation of Excitatory Postsynaptic Potential,0.2994290227395482,20,20,-0.5303243668415241,down,0.5704661819957392
GO:0043393,Regulation of Protein Binding,0.29953237524314535,76,76,1.4505846657057222,up,0.5704661819957392
GO:0006376,mRNA Splice Site Recognition,0.29873290640002903,29,29,3.166424302399041,up,0.5704661819957392
GO:0042744,Hydrogen Peroxide Catabolic Process,0.29902871895625105,13,13,0.1988314056465569,down,0.5704661819957392
GO:0036444,Calcium Import Into the Mitochondrion,0.2990323818464492,12,12,0.24717585847128953,down,0.5704661819957392
GO:0031643,Positive Regulation of Myelination,0.30136013918390414,13,13,0.1296616397658599,down,0.5736269167166836
GO:1903313,Positive Regulation of mRNA Metabolic Process,0.3018361418635602,11,11,3.082959540072852,up,0.5742125375887361
GO:0033119,Negative Regulation of RNA Splicing,0.30210778469909283,20,20,2.3495299751937915,up,0.5744089484997802
GO:0007140,Male Meiotic Nuclear Division,0.3025867508437097,31,31,2.126159240567873,up,0.5749991126060688
GO:0034122,Negative Regulation of Toll-Like Receptor Signaling Pathway,0.30359315781425533,14,14,2.899682071764908,up,0.5765903459378758
GO:0006812,Monoatomic Cation Transport,0.3040896974200057,36,36,2.7074686678686293,up,0.576630886468964
GO:0046456,Icosanoid Biosynthetic Process,0.3038501006584138,24,24,0.031151067308233,down,0.576630886468964
GO:0043484,Regulation of RNA Splicing,0.30429070526066704,102,102,1.996678376935677,up,0.576630886468964
GO:0006858,Extracellular Transport,0.30415796222825164,12,12,2.160842204820023,up,0.576630886468964
GO:0000381,"Regulation of Alternative mRNA Splicing, via Spliceosome",0.3044702154147919,53,53,2.5508634543502327,up,0.5766506967128568
GO:0006826,Iron Ion Transport,0.3047111506200496,20,20,0.04737100648803594,down,0.5767867562513814
GO:0042110,T Cell Activation,0.30556203373810553,94,94,0.512233503272238,down,0.5775661984931733
GO:0001916,Positive Regulation of T Cell Mediated Cytotoxicity,0.30563089659342646,27,27,2.285152021491197,up,0.5775661984931733
GO:1902017,Regulation of Cilium Assembly,0.30560827741993035,81,81,1.6999794454717427,up,0.5775661984931733
GO:0016239,Positive Regulation of Macroautophagy,0.3062441863022586,75,75,1.8457823071697643,up,0.5784047173183854
GO:0046033,AMP Metabolic Process,0.3066352727986884,10,10,-0.31300084683255425,down,0.5788228641484927
GO:0001944,Vasculature Development,0.30693506521894887,19,19,0.1921687883680399,down,0.5790683116492448
GO:0006479,Protein Methylation,0.30824258236682023,23,23,2.020975525136576,up,0.5812136254578351
GO:0043069,Negative Regulation of Programmed Cell Death,0.3087560140964417,363,363,1.5224421583816825,up,0.5812178609729374
GO:0046883,Regulation of Hormone Secretion,0.308746496482486,13,13,0.5340487125179559,down,0.5812178609729374
GO:0035633,Maintenance of Blood-Brain Barrier,0.3085822406127663,29,29,1.337576605937191,up,0.5812178609729374
GO:0048538,Thymus Development,0.3090341161652048,11,11,0.1560114940250947,down,0.581420502062611
GO:0051917,Regulation of Fibrinolysis,0.30957192117075427,16,16,-1.5579529962011534,down,0.5817234058293075
GO:0048705,Skeletal System Morphogenesis,0.30949081886459107,40,40,1.8275022618247658,up,0.5817234058293075
GO:2000737,Negative Regulation of Stem Cell Differentiation,0.30970674435239587,13,13,2.7960096738084284,up,0.5817234058293075
GO:0006691,Leukotriene Metabolic Process,0.30997525540536364,19,19,0.5204167734102193,down,0.5818567150415839
GO:0071360,Cellular Response to Exogenous dsRNA,0.31011888242321883,13,13,2.068155692739341,up,0.5818567150415839
GO:0016482,Cytosolic Transport,0.3103887057410454,97,97,1.808897395188917,up,0.5820428121400252
GO:0046007,Negative Regulation of Activated T Cell Proliferation,0.3106443536097575,10,10,-1.4496631837845588,down,0.5822021374521333
GO:0016052,Carbohydrate Catabolic Process,0.3111108846088332,33,33,1.8290124092374755,up,0.5827563028010598
GO:0030520,Estrogen Receptor Signaling Pathway,0.31163898369972987,16,16,-0.0867655448108487,down,0.5834251226123922
GO:0006024,Glycosaminoglycan Biosynthetic Process,0.3138038384385934,25,25,2.127304958126272,up,0.585579783483328
GO:0055080,Monoatomic Cation Homeostasis,0.3136863366147613,78,78,-0.12798694557610452,down,0.585579783483328
GO:0072666,Establishment of Protein Localization to Vacuole,0.31416329632790685,22,22,1.4330624321207055,up,0.585579783483328
GO:0051603,Proteolysis Involved in Protein Catabolic Process,0.31403825160618337,77,77,1.7832432762999404,up,0.585579783483328
GO:0097485,Neuron Projection Guidance,0.3131937528327733,123,123,0.8574787451816707,down,0.585579783483328
GO:0051048,Negative Regulation of Secretion,0.3139338232976331,12,12,-0.2934435956114923,down,0.585579783483328
GO:0048485,Sympathetic Nervous System Development,0.3141020927635949,12,12,2.4016704587131144,up,0.585579783483328
GO:0045725,Positive Regulation of Glycogen Biosynthetic Process,0.31362148022044944,12,12,-1.935429090399956,down,0.585579783483328
GO:2000401,Regulation of Lymphocyte Migration,0.31448132570695564,11,11,0.1697505530984714,down,0.585852431450806
GO:0061448,Connective Tissue Development,0.3149817180814387,39,39,2.0616634549251147,up,0.5864643233492289
GO:0002718,Regulation of Cytokine Production Involved in Immune Response,0.3156892606309539,25,25,0.5543602884669793,down,0.5874610300121025
GO:0010829,Negative Regulation of D-glucose Transmembrane Transport,0.3160081130102864,10,10,-2.058834457258808,down,0.5876406456213569
GO:0048585,Negative Regulation of Response to Stimulus,0.31613033852688066,55,55,0.5938646337873442,down,0.5876406456213569
GO:0090022,Regulation of Neutrophil Chemotaxis,0.3176280221543567,26,26,1.390556595831811,up,0.5901030411593196
GO:0010874,Regulation of Cholesterol Efflux,0.31821653442861497,32,32,-0.04573167981896224,down,0.5908745775372922
GO:0050691,Regulation of Defense Response to Virus by Host,0.31879399948582143,35,35,0.0841749865448187,down,0.5913030626678286
GO:1903039,Positive Regulation of Leukocyte Cell-Cell Adhesion,0.31866374868198855,46,46,0.398069205786093,down,0.5913030626678286
GO:0039531,Regulation of Cytoplasmic Pattern Recognition Receptor Signaling Pathway,0.3190129920425332,18,18,3.229137838323428,up,0.5913876716614569
GO:0045661,Regulation of Myoblast Differentiation,0.31944799125560897,51,51,1.670696098660508,up,0.591872405308464
GO:0046173,Polyol Biosynthetic Process,0.3203214841267953,14,14,2.0734864980997125,up,0.5923776462477104
GO:0060294,Cilium Movement Involved in Cell Motility,0.32045242380692385,19,19,-0.0047517839765311,down,0.5923776462477104
GO:0032874,Positive Regulation of Stress-Activated MAPK Cascade,0.3203259986925576,15,15,1.815061563059778,up,0.5923776462477104
GO:0006390,Mitochondrial Transcription,0.32058901640963744,12,12,2.9399279762846318,up,0.5923776462477104
GO:0070304,Positive Regulation of Stress-Activated Protein Kinase Signaling Cascade,0.3203259986925576,15,15,1.815061563059778,up,0.5923776462477104
GO:0061001,Regulation of Dendritic Spine Morphogenesis,0.32111981364699227,28,28,0.9690473565591662,down,0.5930371869788255
GO:0070167,Regulation of Biomineral Tissue Development,0.3223998482057041,23,23,-0.4259812593133979,down,0.5947571023416207
GO:0036152,Phosphatidylethanolamine Acyl-Chain Remodeling,0.3222618737982518,10,10,-0.3391505341686083,down,0.5947571023416207
GO:0110156,mRNA Methylguanosine-Cap Decapping,0.3239983413395715,11,11,-1.2363618379645662,down,0.5967824413988686
GO:0090276,Regulation of Peptide Hormone Secretion,0.3240225979099105,47,47,1.3484380135163083,up,0.5967824413988686
GO:0048146,Positive Regulation of Fibroblast Proliferation,0.3237529634241253,27,27,1.3691414201667695,up,0.5967824413988686
GO:1902993,Positive Regulation of Amyloid Precursor Protein Catabolic Process,0.324223258749446,23,23,0.4700891334079954,down,0.5968297547729954
GO:2001233,Regulation of Apoptotic Signaling Pathway,0.3245275801834341,39,39,1.7472110099241864,up,0.5970677324734054
GO:0051560,Mitochondrial Calcium Ion Homeostasis,0.32614539637597373,18,18,0.08153710522814366,down,0.5992514871850018
GO:0032526,Response to Retinoic Acid,0.32602984465850193,55,55,0.7159334951075202,down,0.5992514871850018
GO:0019065,Receptor-Mediated Endocytosis of Virus by Host Cell,0.32624157481751637,10,10,0.862073129321236,down,0.5992514871850018
GO:0032691,Negative Regulation of Interleukin-1 Beta Production,0.3264405779972489,21,21,-0.0610062294764592,down,0.5992943011564135
GO:0046426,Negative Regulation of Receptor Signaling Pathway via JAK-STAT,0.3269478213739828,17,17,-0.1960449827966935,down,0.5995801175842232
GO:0045540,Regulation of Cholesterol Biosynthetic Process,0.3269085297051765,23,23,-0.1936539828165925,down,0.5995801175842232
GO:1900077,Negative Regulation of Cellular Response to Insulin Stimulus,0.327454561712901,32,32,-0.3598492083879207,down,0.5997426273434731
GO:0010647,Positive Regulation of Cell Communication,0.32729595632693476,20,20,-0.19403724820681365,down,0.5997426273434731
GO:0099623,Regulation of Cardiac Muscle Cell Membrane Repolarization,0.3275639151981502,20,20,1.4862450158342084,up,0.5997426273434731
GO:0030219,Megakaryocyte Differentiation,0.32781667226162414,16,16,-0.820132648138342,down,0.5998834061611588
GO:0099024,Plasma Membrane Invagination,0.32822152803078075,27,27,3.1643266136876584,up,0.6003022156101839
GO:0006809,Nitric Oxide Biosynthetic Process,0.32851620451493424,13,13,2.386864161385052,up,0.6004421251953073
GO:0062099,Negative Regulation of Programmed Necrotic Cell Death,0.3286500872880793,10,10,2.882196615724277,up,0.6004421251953073
GO:0046485,Ether Lipid Metabolic Process,0.328827153486664,14,14,1.611178037486233,up,0.6004440152799845
GO:0046626,Regulation of Insulin Receptor Signaling Pathway,0.3292083480285092,48,48,0.010522188776334852,down,0.600497152473393
GO:0007026,Negative Regulation of Microtubule Depolymerization,0.32907603842094624,21,21,1.645838972237195,up,0.600497152473393
GO:0045670,Regulation of Osteoclast Differentiation,0.32957026261261346,40,40,0.150854952014487,down,0.6008360052226748
GO:0071356,Cellular Response to Tumor Necrosis Factor,0.32975769940835364,83,83,1.1032831094350528,down,0.6008565772873368
GO:0000578,Embryonic Axis Specification,0.33106781206776137,13,13,5.556915916372249,up,0.6025999503538602
GO:0003214,Cardiac Left Ventricle Morphogenesis,0.3309610872702764,10,10,0.5668413013347212,down,0.6025999503538602
GO:0045580,Regulation of T Cell Differentiation,0.33135217784384263,41,41,1.670696098660508,up,0.6027958819335185
GO:0001885,Endothelial Cell Development,0.3321780913615985,24,24,0.696283988076608,down,0.6029220817609077
GO:0035332,Positive Regulation of Hippo Signaling,0.3318176501621084,14,14,2.17695667096782,up,0.6029220817609077
GO:0034198,Cellular Response to Amino Acid Starvation,0.3323053396981842,47,47,-0.2084374884953178,down,0.6029220817609077
GO:0045663,Positive Regulation of Myoblast Differentiation,0.33199730264392224,35,35,1.670696098660508,up,0.6029220817609077
GO:0045109,Intermediate Filament Organization,0.3321475525862575,27,27,2.368148346581171,up,0.6029220817609077
GO:0070293,Renal Absorption,0.33280010869600707,21,21,1.6769800346825017,up,0.6034987617023286
GO:1903828,Negative Regulation of Protein Localization,0.33302563519226047,42,42,1.545045172752139,up,0.603586844655048
GO:0048863,Stem Cell Differentiation,0.33358253551118255,44,44,0.42778083630542013,down,0.6042751081405436
GO:0008277,Regulation of G Protein-Coupled Receptor Signaling Pathway,0.33508948342297185,61,61,1.506076375101392,up,0.6066827112291704
GO:0050863,Regulation of T Cell Activation,0.3355845536686548,65,65,0.6165787763410279,down,0.6072567175404677
GO:0046777,Protein Autophosphorylation,0.3363952823689502,134,134,0.6758558414290342,down,0.6080785946796445
GO:0031646,Positive Regulation of Nervous System Process,0.3362274600839369,19,19,0.1296616397658599,down,0.6080785946796445
GO:0007292,Female Gamete Generation,0.33665705521225786,27,27,1.1016978798422916,down,0.6082294572717223
GO:0010639,Negative Regulation of Organelle Organization,0.3377398713520996,41,41,2.1692251305976358,up,0.6098627322297574
GO:1903146,Regulation of Autophagy of Mitochondrion,0.33873532184427113,18,18,3.4546208989709752,up,0.6110133171923897
GO:0048565,Digestive Tract Development,0.3386829240364577,36,36,0.3456659061745117,down,0.6110133171923897
GO:0051491,Positive Regulation of Filopodium Assembly,0.33988982263010825,24,24,0.5806695312359467,down,0.6124480639151079
GO:0043297,Apical Junction Assembly,0.3397596376970591,49,49,1.819901038740097,up,0.6124480639151079
GO:1902430,Negative Regulation of Amyloid-Beta Formation,0.34030125304988335,16,16,-0.7241823000958928,down,0.6128656674515058
GO:0072350,Tricarboxylic Acid Metabolic Process,0.3405106163434539,11,11,0.492237628623886,down,0.612919109418217
GO:0030278,Regulation of Ossification,0.34106369520540303,42,42,1.02025167573237,down,0.6135908567223786
GO:0120039,Plasma Membrane Bounded Cell Projection Morphogenesis,0.3414290513290411,49,49,1.7472110099241864,up,0.6139243511245963
GO:0050670,Regulation of Lymphocyte Proliferation,0.3426351470614969,17,17,0.1296616397658599,down,0.6157684334176848
GO:0071466,Cellular Response to Xenobiotic Stimulus,0.3430937603692422,25,25,-0.2298505144140006,down,0.6162679392414351
GO:0051346,Negative Regulation of Hydrolase Activity,0.34341277419814487,33,33,3.3471358589596343,up,0.6165163014683538
GO:0070875,Positive Regulation of Glycogen Metabolic Process,0.34419092500026505,14,14,-1.3239777260499528,down,0.6169391724518676
GO:0002688,Regulation of Leukocyte Chemotaxis,0.34406551047533906,16,16,-0.7487422197303394,down,0.6169391724518676
GO:0033673,Negative Regulation of Kinase Activity,0.34386094507885223,41,41,2.688022635651427,up,0.6169391724518676
GO:0006654,Phosphatidic Acid Biosynthetic Process,0.34522885218813104,29,29,2.417132389782475,up,0.6181499290360709
GO:0048147,Negative Regulation of Fibroblast Proliferation,0.34516328802344554,17,17,3.874573971756176,up,0.6181499290360709
GO:0048285,Organelle Fission,0.3455609091129478,22,22,2.5933926540842696,up,0.6184198641050708
GO:1900016,Negative Regulation of Cytokine Production Involved in Inflammatory Response,0.3465628793654718,29,29,-0.0923283030098409,down,0.6185902572033618
GO:0006122,"Mitochondrial Electron Transport, Ubiquinol to Cytochrome C",0.34652480442106615,11,11,1.896838590498424,up,0.6185902572033618
GO:1905476,Negative Regulation of Protein Localization to Membrane,0.34640826447256,27,27,2.7884888533079457,up,0.6185902572033618
GO:0060391,Positive Regulation of SMAD Protein Signal Transduction,0.3464285506767807,37,37,0.3237381127478334,down,0.6185902572033618
GO:0098773,Skin Epidermis Development,0.34629737517742354,20,20,-0.26396156978444735,down,0.6185902572033618
GO:0060122,Inner Ear Receptor Cell Stereocilium Organization,0.34781081035438566,11,11,1.0225495212865152,down,0.620493030396867
GO:0097264,Self Proteolysis,0.3479940291149749,10,10,-0.07974493706221988,down,0.6204953650345946
GO:0030888,Regulation of B Cell Proliferation,0.348921983861318,42,42,0.07682991714881734,down,0.6206164706476112
GO:0006688,Glycosphingolipid Biosynthetic Process,0.3490585191787191,29,29,2.634843548497155,up,0.6206164706476112
GO:0043201,Response to L-leucine,0.3491536227419425,11,11,3.931286193126747,up,0.6206164706476112
GO:0050773,Regulation of Dendrite Development,0.3482682787882485,41,41,2.527420426174982,up,0.6206164706476112
GO:0051250,Negative Regulation of Lymphocyte Activation,0.3489471795967839,26,26,0.33081007974767185,down,0.6206164706476112
GO:0071233,Cellular Response to L-leucine,0.3491536227419425,11,11,3.931286193126747,up,0.6206164706476112
GO:0010718,Positive Regulation of Epithelial to Mesenchymal Transition,0.3499418733103167,47,47,2.0936515665269613,up,0.6212154329785173
GO:0033120,Positive Regulation of RNA Splicing,0.350120297054075,30,30,2.5561685694507954,up,0.6212154329785173
GO:0019228,Neuronal Action Potential,0.3501224833793287,11,11,0.4947629198461997,down,0.6212154329785173
GO:0016579,Protein Deubiquitination,0.3502190787504218,71,71,1.86142189461428,up,0.6212154329785173
GO:0055086,Nucleobase-Containing Small Molecule Metabolic Process,0.35060207843132996,17,17,0.9037530206896534,down,0.6215715642044004
GO:0033688,Regulation of Osteoblast Proliferation,0.3516570109835646,15,15,0.9163146591073872,down,0.623117955566202
GO:2000060,Positive Regulation of Ubiquitin-Dependent Protein Catabolic Process,0.3520702051881286,86,86,2.4402802251775024,up,0.6232085827545663
GO:1902236,- Reg of Endoplasmic Reticulum Stress-Induced Intrinsic Apoptotic Sgnlng Pway,0.35207356756612407,15,15,3.1309619186310225,up,0.6232085827545663
GO:0016553,Base Conversion or Substitution Editing,0.3524627685324697,13,13,-0.9794074205288203,down,0.6232506498000281
GO:0045880,Positive Regulation of Smoothened Signaling Pathway,0.3523226862100367,20,20,1.9347289862340582,up,0.6232506498000281
GO:0071805,Potassium Ion Transmembrane Transport,0.3530756448957785,110,110,0.3324381582066236,down,0.6240108936474095
GO:0045687,Positive Regulation of Glial Cell Differentiation,0.354105152846254,17,17,0.1296616397658599,down,0.6243592196385986
GO:0051259,Protein Complex Oligomerization,0.3541142032689306,111,111,1.1873688894116108,down,0.6243592196385986
GO:0007265,Ras Protein Signal Transduction,0.3542363805037513,66,66,1.4007904446096058,up,0.6243592196385986
GO:0022008,Neurogenesis,0.35377604617567615,58,58,1.4511108064446745,up,0.6243592196385986
GO:0002040,Sprouting Angiogenesis,0.3537283348398764,57,57,2.630566842639064,up,0.6243592196385986
GO:0043271,Negative Regulation of Monoatomic Ion Transport,0.35437099068318,14,14,-0.5880217929439456,down,0.6243592196385986
GO:0014911,Positive Regulation of Smooth Muscle Cell Migration,0.35535065389384846,17,17,-0.9188429369699758,down,0.625762044621537
GO:0010745,Negative Regulation of Macrophage Derived Foam Cell Differentiation,0.35664410456055595,12,12,-0.2383324084962305,down,0.6270360085572934
GO:0014904,Myotube Cell Development,0.3565705740170324,11,11,-0.7198557324168704,down,0.6270360085572934
GO:0043045,Epigenetic Programming of Gene Expression,0.35680940856338506,13,13,3.538356316860804,up,0.6270360085572934
GO:0106072,- Reg of Adenylate Cyclase-Activating GPCR Sgnlng Pway,0.35638719228100035,10,10,0.29721022221505455,down,0.6270360085572934
GO:0045581,Negative Regulation of T Cell Differentiation,0.3571018706968785,10,10,2.573139324220552,up,0.6272268182013659
GO:0051457,Maintenance of Protein Location in Nucleus,0.3577248739822757,20,20,0.5608062599460811,down,0.6279977072329092
GO:0043370,"Regulation of CD4-positive, Alpha-Beta T Cell Differentiation",0.3605903605156747,11,11,0.1383453206987606,down,0.6303342852285683
GO:0040037,Negative Regulation of Fibroblast Growth Factor Receptor Signaling Pathway,0.3610885937662335,13,13,-1.7310545987768189,down,0.6303342852285683
GO:0006851,Mitochondrial Calcium Ion Transmembrane Transport,0.3592447819588289,18,18,1.1141341606542818,down,0.6303342852285683
GO:0097028,Dendritic Cell Differentiation,0.36093404279092367,20,20,0.4419372250344322,down,0.6303342852285683
GO:0007413,Axonal Fasciculation,0.36091324440548,12,12,-0.8480375953500059,down,0.6303342852285683
GO:0001914,Regulation of T Cell Mediated Cytotoxicity,0.35988225865445744,31,31,0.5015981817685496,down,0.6303342852285683
GO:0042593,Glucose Homeostasis,0.36104898701691235,84,84,0.7548852728264979,down,0.6303342852285683
GO:0002028,Regulation of Sodium Ion Transport,0.36011098968531485,31,31,1.819309271808011,up,0.6303342852285683
GO:0070914,UV-damage Excision Repair,0.36036144049637076,12,12,3.1264087886658363,up,0.6303342852285683
GO:1901292,Nucleoside Phosphate Catabolic Process,0.36080953532680404,18,18,1.1348569205561414,down,0.6303342852285683
GO:0010458,Exit From Mitosis,0.3595672513893976,10,10,2.0051702521691963,up,0.6303342852285683
GO:0007423,Sensory Organ Development,0.36176969125980185,54,54,0.6997579529854445,down,0.6308775137460042
GO:0006817,Phosphate Ion Transport,0.3617522639280394,17,17,-0.585539787269266,down,0.6308775137460042
GO:0048732,Gland Development,0.36223207315464645,63,63,0.2476001192139459,down,0.6309271832512391
GO:0070935,3'-UTR-mediated mRNA Stabilization,0.36235307885933077,15,15,2.836509728840668,up,0.6309271832512391
GO:0090075,Relaxation of Muscle,0.3623026377012317,13,13,-0.058990973798858,down,0.6309271832512391
GO:1904353,Regulation of Telomere Capping,0.36264953203494577,10,10,-0.3604158098913126,down,0.6311212009036734
GO:0060079,Excitatory Postsynaptic Potential,0.3633478892545474,18,18,2.3095285938496857,up,0.6320141000750951
GO:0043604,Amide Biosynthetic Process,0.3642159441870312,63,63,1.575834767210919,up,0.6329366247239577
GO:0006939,Smooth Muscle Contraction,0.3642493680249572,14,14,-0.24794633940723984,down,0.6329366247239577
GO:0006687,Glycosphingolipid Metabolic Process,0.36455920880549186,37,37,2.110145392520364,up,0.6331524751708415
GO:0035336,Long-Chain fatty-acyl-CoA Metabolic Process,0.36518841860092077,23,23,3.131818855119556,up,0.6336000487526657
GO:0006972,Hyperosmotic Response,0.3650818915441487,12,12,0.609409050929335,down,0.6336000487526657
GO:1902176,Negative Regulation of Oxidative Stress-Induced Intrinsic Apoptotic Signaling Pathway,0.36538673484262285,21,21,3.1309619186310225,up,0.633621836577624
GO:0050922,Negative Regulation of Chemotaxis,0.36665926055210674,11,11,1.692169013502835,up,0.6352155817148019
GO:0048332,Mesoderm Morphogenesis,0.3666782411012738,10,10,3.375761317393081,up,0.6352155817148019
GO:0033700,Phospholipid Efflux,0.36724187590139434,11,11,0.8771687615498847,down,0.6358690551774904
GO:0045070,Positive Regulation of Viral Genome Replication,0.36758688086197133,28,28,2.415532743567274,up,0.6360618664264186
GO:0035774,+ Reg of Insulin Secretion Inv in Cellular Resp to Glucose Stimulus,0.3677261801796826,10,10,-0.1847617490812924,down,0.6360618664264186
GO:1904062,Regulation of Monoatomic Cation Transmembrane Transport,0.3684090882605313,40,40,2.01131133189097,up,0.6366154717932655
GO:0072676,Lymphocyte Migration,0.36841950786276934,15,15,-1.936047123897416,down,0.6366154717932655
GO:0006491,N-glycan Processing,0.36884982387836585,20,20,-0.04079744720957312,down,0.6370363287337245
GO:0032273,Positive Regulation of Protein Polymerization,0.36943126456848485,67,67,1.4493801549305472,up,0.6377176333214077
GO:0060429,Epithelium Development,0.37003936684755057,126,126,1.7302140874550673,up,0.6384442490222535
GO:0035303,Regulation of Dephosphorylation,0.3707222993333309,12,12,4.41328541684278,up,0.6392991724095003
GO:0051547,Regulation of Keratinocyte Migration,0.37178986876597964,10,10,1.5264279314540712,up,0.6408161911878507
GO:0051291,Protein Heterooligomerization,0.3735888587312769,19,19,1.7020886836757745,up,0.642618052008263
GO:0090205,Positive Regulation of Cholesterol Metabolic Process,0.3731446601456906,17,17,0.6239341996317851,down,0.642618052008263
GO:0001569,Branching Involved in Blood Vessel Morphogenesis,0.37348210839168106,12,12,1.0455577827389475,down,0.642618052008263
GO:0010955,Negative Regulation of Protein Processing,0.373442778915165,15,15,-0.8678409706156641,down,0.642618052008263
GO:0030514,Negative Regulation of BMP Signaling Pathway,0.3742423162361742,36,36,0.7366100389608757,down,0.6430039075897247
GO:0097720,Calcineurin-Mediated Signaling,0.37445249759709287,15,15,-0.7447251425585356,down,0.6430039075897247
GO:0033630,Positive Regulation of Cell Adhesion Mediated by Integrin,0.37456721324561215,17,17,1.5075316804729275,up,0.6430039075897247
GO:0098901,Regulation of Cardiac Muscle Cell Action Potential,0.3743536953028963,25,25,2.382532109144538,up,0.6430039075897247
GO:1905515,Non-Motile Cilium Assembly,0.37483705621291064,32,32,0.1939210225997839,down,0.6431434601319106
GO:0070828,Heterochromatin Organization,0.37700462781694843,10,10,3.6438528912171124,up,0.6456199173184748
GO:0045624,Positive Regulation of T-helper Cell Differentiation,0.37703748909363877,12,12,-0.5354059471618429,down,0.6456199173184748
GO:0050905,Neuromuscular Process,0.3769455745871191,17,17,-0.2311178623736696,down,0.6456199173184748
GO:1903532,Positive Regulation of Secretion by Cell,0.3766800581863815,72,72,0.742760895602737,down,0.6456199173184748
GO:0009154,Purine Ribonucleotide Catabolic Process,0.37756431769474696,15,15,0.9037530206896534,down,0.6460034089476748
GO:0030858,Positive Regulation of Epithelial Cell Differentiation,0.3776402220585352,18,18,3.3210644346355624,up,0.6460034089476748
GO:0046627,Negative Regulation of Insulin Receptor Signaling Pathway,0.37826623573957374,31,31,-0.1960449827966935,down,0.6461280740771691
GO:0035162,Embryonic Hemopoiesis,0.37828137318443467,12,12,-0.33849482318806523,down,0.6461280740771691
GO:0014910,Regulation of Smooth Muscle Cell Migration,0.3780675710424485,19,19,0.9571920942254898,down,0.6461280740771691
GO:1902229,Regulation of Intrinsic Apoptotic Signaling Pathway in Response to DNA Damage,0.37867780276546337,15,15,3.2219972533083983,up,0.646158071652324
GO:0055117,Regulation of Cardiac Muscle Contraction,0.3786426505352035,30,30,1.9571321958127241,up,0.646158071652324
GO:1990266,Neutrophil Migration,0.37904548385569725,41,41,2.9787138368535007,up,0.6464620727158916
GO:0048284,Organelle Fusion,0.37934436482709477,27,27,2.369661520356431,up,0.6466484899676264
GO:0030593,Neutrophil Chemotaxis,0.38022109309130614,36,36,2.764208197930836,up,0.6478192550122104
GO:2000010,Positive Regulation of Protein Localization to Cell Surface,0.3804886921457813,11,11,4.729828893634229,up,0.6479515371489066
GO:0048259,Regulation of Receptor-Mediated Endocytosis,0.3810543017612892,39,39,0.911098448229559,down,0.6485909297942901
GO:0045651,Positive Regulation of Macrophage Differentiation,0.3815782645800495,10,10,2.4957242606752663,up,0.6491588331583785
GO:0030217,T Cell Differentiation,0.3822500790985691,42,42,0.38459125950363615,down,0.6497792476805301
GO:2000320,Negative Regulation of T-helper 17 Cell Differentiation,0.38232393728959946,10,10,-0.40248389100383747,down,0.6497792476805301
GO:1902932,Positive Regulation of Alcohol Biosynthetic Process,0.38309632190017995,18,18,0.26550968954756843,down,0.6502499071541088
GO:2000649,Regulation of Sodium Ion Transmembrane Transporter Activity,0.3831727685076982,17,17,2.5391754259554453,up,0.6502499071541088
GO:0070588,Calcium Ion Transmembrane Transport,0.38294262488842534,81,81,1.3180809903488142,up,0.6502499071541088
GO:0006644,Phospholipid Metabolic Process,0.383422020403975,61,61,1.9073379590274504,up,0.6503493344594523
GO:0006607,NLS-bearing Protein Import Into Nucleus,0.3855845267996232,17,17,-1.1514986077842562,down,0.6536922569152658
GO:0071108,Protein K48-linked Deubiquitination,0.38588102881573805,19,19,1.8296436449180324,up,0.6538699400350136
GO:0006664,Glycolipid Metabolic Process,0.3864286809292973,16,16,2.655571287873024,up,0.6544728056851207
GO:0050870,Positive Regulation of T Cell Activation,0.3875175195169206,103,103,0.9238942888020344,down,0.6553859899744217
GO:0032682,Negative Regulation of Chemokine Production,0.38773641975033213,16,16,0.7653736702709235,down,0.6553859899744217
GO:0042692,Muscle Cell Differentiation,0.38724380666016345,31,31,0.0510578894224186,down,0.6553859899744217
GO:0030833,Regulation of Actin Filament Polymerization,0.3877231631870094,67,67,2.0640495111603,up,0.6553859899744217
GO:0002283,Neutrophil Activation Involved in Immune Response,0.3880817474237064,11,11,0.1488952748229449,down,0.6556447946816555
GO:0097205,Renal Filtration,0.38857013627347226,11,11,-1.211129617819927,down,0.6559665121561244
GO:0055074,Calcium Ion Homeostasis,0.388656793042371,88,88,0.33367675341741565,down,0.6559665121561244
GO:0015918,Sterol Transport,0.3895714601071454,26,26,0.6503867260480116,down,0.6571850892311933
GO:0006929,Substrate-Dependent Cell Migration,0.390306704085156,12,12,2.9056324034589225,up,0.657950744449321
GO:0032288,Myelin Assembly,0.39049447963452555,10,10,-0.43829648536040017,down,0.657950744449321
GO:0042742,Defense Response to Bacterium,0.39060400396067874,159,159,0.7159334951075202,down,0.657950744449321
GO:1900221,Regulation of Amyloid-Beta Clearance,0.3917724815580229,14,14,0.41477094354480154,down,0.6595932549824365
GO:0030258,Lipid Modification,0.39242418929703315,47,47,0.7858770926682934,down,0.660364533641924
GO:0090382,Phagosome Maturation,0.39316229636849975,16,16,0.8407000890718561,down,0.6605470091730151
GO:0015695,Organic Cation Transport,0.39330723413380053,56,56,0.8292651031471822,down,0.6605470091730151
GO:0018105,Peptidyl-Serine Phosphorylation,0.3930918035180535,68,68,2.2160445922717367,up,0.6605470091730151
GO:1900745,Positive Regulation of p38MAPK Cascade,0.39330531548483305,22,22,0.6386727955917555,down,0.6605470091730151
GO:0045860,Positive Regulation of Protein Kinase Activity,0.39470350776036023,85,85,1.3691414201667695,up,0.6606444798689992
GO:0009205,Purine Ribonucleoside Triphosphate Metabolic Process,0.39443218014352,29,29,2.040891850837272,up,0.6606444798689992
GO:0006614,SRP-dependent Cotranslational Protein Targeting to Membrane,0.3936193964672059,11,11,3.8265373540261303,up,0.6606444798689992
GO:2000739,Regulation of Mesenchymal Stem Cell Differentiation,0.3941326099604361,10,10,-0.31840251743596637,down,0.6606444798689992
GO:0090407,Organophosphate Biosynthetic Process,0.39467073488466164,31,31,2.0963437328615,up,0.6606444798689992
GO:0032689,Negative Regulation of Type II Interferon Production,0.39423963535658935,27,27,0.476489797057921,down,0.6606444798689992
GO:0002689,Negative Regulation of Leukocyte Chemotaxis,0.3947210348792203,11,11,1.8304356669093031,up,0.6606444798689992
GO:1901699,Cellular Response to Nitrogen Compound,0.39532103018124,160,160,0.9684097602937636,down,0.6613241951683225
GO:0008286,Insulin Receptor Signaling Pathway,0.3963601534934329,49,49,-0.1329662947087764,down,0.6614039413377357
GO:0006874,Intracellular Calcium Ion Homeostasis,0.3963891810453223,119,119,1.02093742063752,down,0.6614039413377357
GO:0040013,Negative Regulation of Locomotion,0.39608130594956903,10,10,0.1618016282288102,down,0.6614039413377357
GO:0045666,Positive Regulation of Neuron Differentiation,0.3960727157197389,32,32,1.7225149657881969,up,0.6614039413377357
GO:0051894,Positive Regulation of Focal Adhesion Assembly,0.39581479704876044,17,17,2.651537501169785,up,0.6614039413377357
GO:0098719,Sodium Ion Import Across Plasma Membrane,0.3965321196234739,20,20,0.2995708646073749,down,0.6614039413377357
GO:0046641,Positive Regulation of Alpha-Beta T Cell Proliferation,0.39686709917134433,15,15,0.2762038574877717,down,0.6616391374748072
GO:0006098,Pentose-Phosphate Shunt,0.39763833087278255,10,10,4.924752734107885,up,0.6626010486600202
GO:0045600,Positive Regulation of Fat Cell Differentiation,0.3980194040359738,46,46,1.3454624242756779,up,0.6629122007649935
GO:1902230,Negative Regulation of Intrinsic Apoptotic Signaling Pathway in Response to DNA Damage,0.3982735748984648,25,25,3.2219972533083983,up,0.663011793059377
GO:0006658,Phosphatidylserine Metabolic Process,0.398473268323284,18,18,0.32943343293764954,down,0.6630206430491326
GO:0050777,Negative Regulation of Immune Response,0.3997245341230987,67,67,2.030485293896799,up,0.6647783451457288
GO:0007159,Leukocyte Cell-Cell Adhesion,0.40096811499428897,30,30,1.5745534228398532,up,0.6648620501274507
GO:1905898,Positive Regulation of Response to Endoplasmic Reticulum Stress,0.4010694994887253,27,27,0.8425858281628466,down,0.6648620501274507
GO:0048025,"Negative Regulation of mRNA Splicing, via Spliceosome",0.40234961752733034,15,15,2.0473559637823207,up,0.6648620501274507
GO:0030155,Regulation of Cell Adhesion,0.40233467214128293,136,136,1.9863590534745383,up,0.6648620501274507
GO:0055119,Relaxation of Cardiac Muscle,0.40048449986238144,12,12,0.06658890728459095,down,0.6648620501274507
GO:0045823,Positive Regulation of Heart Contraction,0.4027119078951361,20,20,1.9558406662832653,up,0.6648620501274507
GO:0099175,Regulation of Postsynapse Organization,0.40295310829902453,31,31,0.7901400656199801,down,0.6648620501274507
GO:0002753,Cytoplasmic Pattern Recognition Receptor Signaling Pathway,0.40328337194772657,29,29,-0.1394498785838999,down,0.6648620501274507
GO:0097623,Potassium Ion Export Across Plasma Membrane,0.4025726676186151,11,11,-0.9912612078563958,down,0.6648620501274507
GO:0086012,Membrane Depolarization During Cardiac Muscle Cell Action Potential,0.4026010403258834,15,15,0.1321182258451554,down,0.6648620501274507
GO:0150079,Negative Regulation of Neuroinflammatory Response,0.40253341067128323,12,12,-0.6736312460164152,down,0.6648620501274507
GO:0035082,Axoneme Assembly,0.40270260735554786,35,35,0.1681287164584226,down,0.6648620501274507
GO:0097553,Calcium Ion Transmembrane Import Into Cytosol,0.4032417173001226,68,68,0.3752469163693964,down,0.6648620501274507
GO:0007289,Spermatid Nucleus Differentiation,0.4003163754064559,12,12,1.4325561654087773,up,0.6648620501274507
GO:0010628,Positive Regulation of Gene Expression,0.4024528026047812,408,408,1.3382720012049856,up,0.6648620501274507
GO:0034612,Response to Tumor Necrosis Factor,0.4011787651418248,76,76,1.0714323422573917,down,0.6648620501274507
GO:1903897,Regulation of PERK-mediated Unfolded Protein Response,0.4002883587885252,12,12,2.845211461893073,up,0.6648620501274507
GO:0043647,Inositol Phosphate Metabolic Process,0.40173995034517085,21,21,-0.1541370550286281,down,0.6648620501274507
GO:1902235,Reg of Endoplasmic Reticulum Stress-Induced Intrinsic Apoptotic Sgnlng Pway,0.40350465030120675,26,26,2.977205549255167,up,0.6649054889745972
GO:0050684,Regulation of mRNA Processing,0.40376314218399056,37,37,0.9903901668351738,down,0.6649577773198067
GO:0010810,Regulation of Cell-Substrate Adhesion,0.40392627223882716,44,44,1.9987262659028002,up,0.6649577773198067
GO:0006112,Energy Reserve Metabolic Process,0.4047312349754897,19,19,0.1809618476321199,down,0.6659615255674844
GO:0050954,Sensory Perception of Mechanical Stimulus,0.4053933314246124,79,79,2.005666377920209,up,0.6666194478256537
GO:0043117,Positive Regulation of Vascular Permeability,0.4057173772166688,12,12,0.6951396545243309,down,0.6666194478256537
GO:0045655,Regulation of Monocyte Differentiation,0.4055749362486877,15,15,1.0761144412962824,down,0.6666194478256537
GO:0007043,Cell-Cell Junction Assembly,0.40619250298829634,65,65,1.819901038740097,up,0.6670787807862681
GO:0090114,COPII-coated Vesicle Budding,0.406953570574221,38,38,2.2687659839070444,up,0.6680070400522944
GO:0006206,Pyrimidine Nucleobase Metabolic Process,0.40719817862854246,11,11,-0.7606858669158673,down,0.6680870549792969
GO:1904152,"Regulation of Retrograde Protein Transport, ER to Cytosol",0.4080089190688482,12,12,2.732302791339083,up,0.6690953956460775
GO:0055123,Digestive System Development,0.4084624796811446,12,12,0.3064021229255545,down,0.6695173081174359
GO:0051056,Regulation of Small GTPase Mediated Signal Transduction,0.4092301764689208,156,156,1.2611027236672712,up,0.670453473552108
GO:0043537,Negative Regulation of Blood Vessel Endothelial Cell Migration,0.4098215237912509,33,33,2.382532109144538,up,0.6705948667482845
GO:0060415,Muscle Tissue Morphogenesis,0.40968039060902384,14,14,1.6576645776014574,up,0.6705948667482845
GO:0046514,Ceramide Catabolic Process,0.4099062729903762,13,13,3.362632940360544,up,0.6705948667482845
GO:0035329,Hippo Signaling,0.4103795869401732,20,20,0.4082981327158325,down,0.6710473494980492
GO:0043524,Negative Regulation of Neuron Apoptotic Process,0.410850753815731,72,72,1.589582118799549,up,0.671174291793802
GO:0016973,poly(A)+ mRNA Export From Nucleus,0.4108388000991211,22,22,1.9517282906406193,up,0.671174291793802
GO:2001237,Negative Regulation of Extrinsic Apoptotic Signaling Pathway,0.41174768024226915,65,65,2.5803672053137445,up,0.6719958551705167
GO:0006643,Membrane Lipid Metabolic Process,0.4116030579681925,14,14,2.1857256301550496,up,0.6719958551705167
GO:0008544,Epidermis Development,0.412952640424603,51,51,1.1873688894116108,down,0.6720308692812718
GO:0140467,Integrated Stress Response Signaling,0.4130518810634667,33,33,0.6878250473305811,down,0.6720308692812718
GO:0035108,Limb Morphogenesis,0.41334528400824044,17,17,3.4096690139120582,up,0.6720308692812718
GO:0050732,Negative Regulation of Peptidyl-Tyrosine Phosphorylation,0.4131344665970347,14,14,-0.0034303126222761937,down,0.6720308692812718
GO:0021953,Central Nervous System Neuron Differentiation,0.4128430261530519,35,35,1.043409822552058,down,0.6720308692812718
GO:0048762,Mesenchymal Cell Differentiation,0.4131835077964705,53,53,1.7666248981231691,up,0.6720308692812718
GO:1901163,Regulation of Trophoblast Cell Migration,0.4124211500430285,14,14,1.8769739910564316,up,0.6720308692812718
GO:0030513,Positive Regulation of BMP Signaling Pathway,0.4120338763791557,20,20,1.9839853677928638,up,0.6720308692812718
GO:0006090,Pyruvate Metabolic Process,0.4136055057729592,43,43,2.4818207440051694,up,0.6721335779854997
GO:0006636,Unsaturated Fatty Acid Biosynthetic Process,0.4140337557928151,14,14,1.6301123016551282,up,0.672424161025904
GO:0071391,Cellular Response to Estrogen Stimulus,0.4141785876034665,13,13,0.6215751254532533,down,0.672424161025904
GO:0003148,Outflow Tract Septum Morphogenesis,0.4146414416410382,21,21,0.6945792691284212,down,0.6728553555840063
GO:0044804,Nucleophagy,0.4149922410067486,22,22,1.7101757344089483,up,0.6731043909053824
GO:0044314,Protein K27-linked Ubiquitination,0.416012068967787,10,10,1.4549491700887787,up,0.674362792382985
GO:0015868,Purine Ribonucleotide Transport,0.4162201874895559,20,20,-0.004933229286786592,down,0.674362792382985
GO:2000406,Positive Regulation of T Cell Migration,0.4163611963525554,25,25,1.9531303970685592,up,0.674362792382985
GO:0003184,Pulmonary Valve Morphogenesis,0.41772625795164886,17,17,1.965219332379092,up,0.6762526178799594
GO:0007219,Notch Signaling Pathway,0.4183369316750817,41,41,1.3244473970123771,up,0.676387072823155
GO:0001657,Ureteric Bud Development,0.41840419925442895,16,16,2.964044228294358,up,0.676387072823155
GO:0106027,Neuron Projection Organization,0.41815511803898875,16,16,1.8885841349011652,up,0.676387072823155
GO:0016441,Post-Transcriptional Gene Silencing,0.41898127744098324,21,21,2.643713319009396,up,0.676999117646231
GO:0070498,Interleukin-1-Mediated Signaling Pathway,0.4192703419480728,20,20,-0.41753670984492364,down,0.6770594705191844
GO:0043933,Protein-Containing Complex Organization,0.41941561454325316,122,122,0.7397911817935361,down,0.6770594705191844
GO:0051155,Positive Regulation of Striated Muscle Cell Differentiation,0.4198895607327784,18,18,-0.0868460149430597,down,0.6773896506875499
GO:0061037,Negative Regulation of Cartilage Development,0.4201096857000056,13,13,1.3734068824239738,up,0.6773896506875499
GO:0071397,Cellular Response to Cholesterol,0.4202159193359295,12,12,-0.5041118561850912,down,0.6773896506875499
GO:0046887,Positive Regulation of Hormone Secretion,0.42102741718989345,15,15,1.8671975133034808,up,0.6777369136548969
GO:0051050,Positive Regulation of Transport,0.42076352702206654,47,47,2.38755899632332,up,0.6777369136548969
GO:0071218,Cellular Response to Misfolded Protein,0.4210015940959546,15,15,2.703626333478047,up,0.6777369136548969
GO:0016055,Wnt Signaling Pathway,0.42124856219605034,77,77,0.5567631587538961,down,0.6777730404012867
GO:0106030,Neuron Projection Fasciculation,0.42156029247262616,10,10,-0.8480375953500059,down,0.6779548126469249
GO:0071398,Cellular Response to Fatty Acid,0.42210554784163434,18,18,-0.8161128084669806,down,0.6785117925013264
GO:0008053,Mitochondrial Fusion,0.4229087601977556,18,18,1.4289654511687904,up,0.6794827042084524
GO:0034764,Positive Regulation of Transmembrane Transport,0.4241900492043372,14,14,0.5358020983162846,down,0.6796206002047883
GO:1901889,Negative Regulation of Cell Junction Assembly,0.42414661275642584,23,23,0.2499545052608809,down,0.6796206002047883
GO:0099565,"Chemical Synaptic Transmission, Postsynaptic",0.4240707356597835,21,21,1.8230475138909428,up,0.6796206002047883
GO:0048545,Response to Steroid Hormone,0.42413222781902693,29,29,0.6215751254532533,down,0.6796206002047883
GO:0051058,Negative Regulation of Small GTPase Mediated Signal Transduction,0.4238540288498601,48,48,1.1372216594716864,down,0.6796206002047883
GO:0060078,Regulation of Postsynaptic Membrane Potential,0.4240707356597835,21,21,1.8230475138909428,up,0.6796206002047883
GO:0071318,Cellular Response to ATP,0.42477875663086917,13,13,0.4379724529331257,down,0.6802442905483074
GO:0010526,Transposable Element Silencing,0.4251813089440821,25,25,1.1977163406776858,down,0.6802502086342702
GO:0051051,Negative Regulation of Transport,0.4249962635035409,37,37,1.442737990909003,up,0.6802502086342702
GO:2001243,Negative Regulation of Intrinsic Apoptotic Signaling Pathway,0.42652806215105366,58,58,2.35993701044619,up,0.6803401563427808
GO:0018210,Peptidyl-Threonine Modification,0.4271600849537829,44,44,1.6318487855588688,up,0.6803401563427808
GO:0051384,Response to Glucocorticoid,0.4269381731548402,23,23,-0.765366579613389,down,0.6803401563427808
GO:0051968,"Positive Regulation of Synaptic Transmission, Glutamatergic",0.42615439191299753,17,17,-0.5369952997039001,down,0.6803401563427808
GO:0043535,Regulation of Blood Vessel Endothelial Cell Migration,0.42738768990707476,55,55,2.290404004000863,up,0.6803401563427808
GO:0140052,Cellular Response to Oxidised Low-Density Lipoprotein Particle Stimulus,0.42673720631601797,10,10,-1.181088295490474,down,0.6803401563427808
GO:0060291,Long-Term Synaptic Potentiation,0.4260183376307092,28,28,1.5023618319775827,up,0.6803401563427808
GO:0140131,Positive Regulation of Lymphocyte Chemotaxis,0.42758061186125174,14,14,0.6278949467453458,down,0.6803401563427808
GO:0010642,Negative Regulation of Platelet-Derived Growth Factor Receptor Signaling Pathway,0.42634872444818217,11,11,2.651537501169785,up,0.6803401563427808
GO:0071347,Cellular Response to Interleukin-1,0.42619785997734116,56,56,1.3046797422682224,up,0.6803401563427808
GO:0050688,Regulation of Defense Response to Virus,0.4276309865725365,16,16,2.7445509366363217,up,0.6803401563427808
GO:0030308,Negative Regulation of Cell Growth,0.42631277428536496,115,115,1.7816496284477084,up,0.6803401563427808
GO:0032647,Regulation of Interferon-Alpha Production,0.4279796788375453,26,26,0.3899875980421472,down,0.6805774752983063
GO:1902743,Regulation of Lamellipodium Organization,0.42926944070018624,12,12,2.705537235288106,up,0.6823103738249465
GO:1903170,Negative Regulation of Calcium Ion Transmembrane Transport,0.4305797994177273,19,19,2.128801022512256,up,0.6840743809100456
GO:0051865,Protein Autoubiquitination,0.4312843081591512,65,65,2.0745835290883554,up,0.6846341942534685
GO:0030865,Cortical Cytoskeleton Organization,0.43133359233383284,32,32,2.344046590068534,up,0.6846341942534685
GO:0046596,Regulation of Viral Entry Into Host Cell,0.43174578231944705,17,17,1.0407534034239512,down,0.6849697039495972
GO:0050860,Negative Regulation of T Cell Receptor Signaling Pathway,0.4322204437915126,22,22,0.363533391015903,down,0.6854039673513944
GO:0007266,Rho Protein Signal Transduction,0.43263443870956997,54,54,1.7303334596698146,up,0.6855615255615254
GO:0071675,Regulation of Mononuclear Cell Migration,0.43272177207093643,10,10,0.9212941364400675,down,0.6855615255615254
GO:0030073,Insulin Secretion,0.4343102943081504,17,17,1.985084861290176,up,0.6860643770575563
GO:0010508,Positive Regulation of Autophagy,0.43328887203680044,94,94,1.258317488343239,up,0.6860643770575563
GO:2000243,Positive Regulation of Reproductive Process,0.4339661809495954,26,26,2.1078423686770744,up,0.6860643770575563
GO:0006796,Phosphate-Containing Compound Metabolic Process,0.4339605103316294,139,139,1.038062860306097,down,0.6860643770575563
GO:0060348,Bone Development,0.43441908530906026,37,37,1.2420074792691145,up,0.6860643770575563
GO:0042088,T-helper 1 Type Immune Response,0.43452334920024616,10,10,-0.041695506710981656,down,0.6860643770575563
GO:0045639,Positive Regulation of Myeloid Cell Differentiation,0.43464823184443835,34,34,1.566610003594274,up,0.6860643770575563
GO:0032770,Positive Regulation of Monooxygenase Activity,0.4335617060340974,19,19,0.7076372923018668,down,0.6860643770575563
GO:0003158,Endothelium Development,0.43582539909671225,11,11,2.632569312630245,up,0.6876042721178933
GO:0050808,Synapse Organization,0.4363450908545091,132,132,1.0366064299769184,down,0.6877879412683598
GO:0048661,Positive Regulation of Smooth Muscle Cell Proliferation,0.43620663114423563,47,47,1.0761144412962824,down,0.6877879412683598
GO:0010988,Regulation of Low-Density Lipoprotein Particle Clearance,0.43661988791072814,10,10,3.4421118918101397,up,0.6879032044635075
GO:0045648,Positive Regulation of Erythrocyte Differentiation,0.43721184366202226,25,25,1.6119533162535211,up,0.6885178202821598
GO:1901185,Negative Regulation of ERBB Signaling Pathway,0.43819034730616147,21,21,1.692169013502835,up,0.6894221746592789
GO:0050930,Induction of Positive Chemotaxis,0.4381394702609387,10,10,2.996454332222503,up,0.6894221746592789
GO:0002862,Negative Regulation of Inflammatory Response to Antigenic Stimulus,0.4392169796063853,17,17,2.549702559008171,up,0.6904005149481015
GO:0071451,Cellular Response to Superoxide,0.43920418844222375,12,12,2.6473735968827743,up,0.6904005149481015
GO:0060675,Ureteric Bud Morphogenesis,0.4400217892510462,16,16,-0.6649632037836214,down,0.6907486393637257
GO:0010765,Positive Regulation of Sodium Ion Transport,0.4401219273425254,12,12,-0.20320246724932334,down,0.6907486393637257
GO:0090287,Regulation of Cellular Response to Growth Factor Stimulus,0.4402484731682027,21,21,1.0512277739848366,down,0.6907486393637257
GO:0030072,Peptide Hormone Secretion,0.44002449560913937,21,21,1.8807995110235671,up,0.6907486393637257
GO:0001678,Intracellular Glucose Homeostasis,0.44055811407295487,46,46,0.7548852728264979,down,0.6909166561392409
GO:0002709,Regulation of T Cell Mediated Immunity,0.4411044171903219,11,11,0.2476001192139459,down,0.6914554995570716
GO:0043627,Response to Estrogen,0.4416449460952405,30,30,0.3521324170920932,down,0.6919848007031996
GO:1904951,Positive Regulation of Establishment of Protein Localization,0.44188312754494397,33,33,2.3173909607641576,up,0.6920401047088172
GO:2001222,Regulation of Neuron Migration,0.44215218137317747,30,30,1.7730774824141116,up,0.6921436854813714
GO:1900044,Regulation of Protein K63-linked Ubiquitination,0.44249536169824755,12,12,2.1672836044567316,up,0.6923631553911571
GO:0006099,Tricarboxylic Acid Cycle,0.4427462756719309,24,24,-0.041932317348294945,down,0.6924381230247393
GO:0010001,Glial Cell Differentiation,0.44320785196954027,26,26,0.8986991791995352,down,0.6925399363863948
GO:0010558,Negative Regulation of Macromolecule Biosynthetic Process,0.4432174380332746,196,196,1.3157500305991328,up,0.6925399363863948
GO:0060390,Regulation of SMAD Protein Signal Transduction,0.44354489157093246,57,57,0.9163146591073872,down,0.6927342605991074
GO:0034454,Microtubule Anchoring at Centrosome,0.44473760411780894,10,10,3.030161425713971,up,0.69427916139398
GO:2001026,Regulation of Endothelial Cell Chemotaxis,0.4452469610746479,16,16,2.2254192293891633,up,0.6946534857969564
GO:1904645,Response to Amyloid-Beta,0.4453846887827452,42,42,0.6452409859415607,down,0.6946534857969564
GO:0071870,Cellular Response to Catecholamine Stimulus,0.4459521616389024,11,11,1.1037272173127952,down,0.6952206688072651
GO:0010875,Positive Regulation of Cholesterol Efflux,0.44795252874290137,22,22,-0.04573167981896224,down,0.6969109907660211
GO:0060317,Cardiac Epithelial to Mesenchymal Transition,0.44824463772902,19,19,0.8574787451816707,down,0.6969109907660211
GO:0001947,Heart Looping,0.4476953191360138,34,34,1.7659448468204146,up,0.6969109907660211
GO:0090150,Establishment of Protein Localization to Membrane,0.4473832108321003,69,69,1.09410224638995,down,0.6969109907660211
GO:0003229,Ventricular Cardiac Muscle Tissue Development,0.4476913029802172,17,17,1.3834452420363903,up,0.6969109907660211
GO:0002888,Positive Regulation of Myeloid Leukocyte Mediated Immunity,0.44826230247453835,11,11,2.068155692739341,up,0.6969109907660211
GO:0010614,Negative Regulation of Cardiac Muscle Hypertrophy,0.4486704858325866,12,12,1.5739413745912667,up,0.6970618255498809
GO:0060972,Left/Right Pattern Formation,0.44876803544636135,31,31,2.2295013644601136,up,0.6970618255498809
GO:0006054,N-acetylneuraminate Metabolic Process,0.44932087415616107,10,10,1.8904619740991464,up,0.6976028683416774
GO:0032374,Regulation of Cholesterol Transport,0.4496515226746476,24,24,0.3823866032987024,down,0.6977986095738048
GO:1901524,Regulation of Mitophagy,0.4501812918549548,28,28,1.9448225460740667,up,0.697985630235114
GO:0007411,Axon Guidance,0.45010441969351345,142,142,1.0460810423525206,down,0.697985630235114
GO:2001224,Positive Regulation of Neuron Migration,0.45054786996119633,11,11,1.3489279877968614,up,0.6981223018619319
GO:0010594,Regulation of Endothelial Cell Migration,0.45067877710348114,87,87,1.1730102903822284,down,0.6981223018619319
GO:0035337,fatty-acyl-CoA Metabolic Process,0.45308928129708914,19,19,2.0431311680879736,up,0.6999490663516174
GO:0006811,Monoatomic Ion Transport,0.45246364498794434,90,90,0.2088470524972397,down,0.6999490663516174
GO:0061178,Regulation of Insulin Secretion Involved in Cellular Response to Glucose Stimulus,0.4527789699424567,23,23,0.6265187245893935,down,0.6999490663516174
GO:2000378,Negative Regulation of Reactive Oxygen Species Metabolic Process,0.4530630705769896,17,17,1.245510748712045,up,0.6999490663516174
GO:0060759,Regulation of Response to Cytokine Stimulus,0.45261607250545166,16,16,1.8371452927488412,up,0.6999490663516174
GO:0050919,Negative Chemotaxis,0.4521156852089604,24,24,1.6352274300104908,up,0.6999490663516174
GO:0001919,Regulation of Receptor Recycling,0.4548363526762942,17,17,3.03100378556321,up,0.7022976077613459
GO:0050433,Regulation of Catecholamine Secretion,0.4550213172537597,10,10,2.2526661662458514,up,0.7022976077613459
GO:0051960,Regulation of Nervous System Development,0.4556673344964217,40,40,2.2937134759949496,up,0.7028846879941928
GO:1903846,Positive Regulation of Cellular Response to Transforming Growth Factor Beta Stimulus,0.45663807346676377,23,23,-0.342834871987366,down,0.7028846879941928
GO:0045921,Positive Regulation of Exocytosis,0.45606272232651257,38,38,0.9391380113970713,down,0.7028846879941928
GO:0044827,Modulation by Host of Viral Genome Replication,0.4559608529247451,23,23,2.695251389358809,up,0.7028846879941928
GO:0030511,Positive Regulation of Transforming Growth Factor Beta Receptor Signaling Pathway,0.45663807346676377,23,23,-0.342834871987366,down,0.7028846879941928
GO:0051495,Positive Regulation of Cytoskeleton Organization,0.4564382819864724,70,70,1.2144726384327122,up,0.7028846879941928
GO:0061462,Protein Localization to Lysosome,0.45754731446190944,35,35,2.8359041081581946,up,0.7039665717769839
GO:0010885,Regulation of Cholesterol Storage,0.4581636674989211,15,15,3.9848550001937095,up,0.7045970558335527
GO:2001046,Positive Regulation of Integrin-Mediated Signaling Pathway,0.4589317097337996,11,11,2.8133606588954825,up,0.7054601450662417
GO:0010640,Regulation of Platelet-Derived Growth Factor Receptor Signaling Pathway,0.4592755649621322,14,14,-0.24208784038896045,down,0.7056706991377626
GO:0051480,Regulation of Cytosolic Calcium Ion Concentration,0.459691661800115,32,32,1.7530640703964206,up,0.7059920118866242
GO:0050775,Positive Regulation of Dendrite Morphogenesis,0.46065889986316466,16,16,1.241176138701808,up,0.7068409840005644
GO:0032328,Alanine Transport,0.4605808122640598,11,11,1.647136707817812,up,0.7068409840005644
GO:0039532,Negative Regulation of Cytoplasmic Pattern Recognition Receptor Signaling Pathway,0.4610499145397252,35,35,1.783832944182742,up,0.7071228680283286
GO:0001573,Ganglioside Metabolic Process,0.4615587277300488,18,18,3.8898795830693764,up,0.7072672148639697
GO:0016486,Peptide Hormone Processing,0.4615376914655672,29,29,1.0463874719854016,down,0.7072672148639697
GO:0071498,Cellular Response to Fluid Shear Stress,0.46201841461331605,12,12,0.5771704994287357,down,0.707653710034136
GO:0045780,Positive Regulation of Bone Resorption,0.4627961463946211,10,10,2.6041122947590556,up,0.7078913252699787
GO:0019217,Regulation of Fatty Acid Metabolic Process,0.46276188762370585,17,17,-0.2290152571510626,down,0.7078913252699787
GO:1990868,Response to Chemokine,0.4624284262571098,14,14,-0.609939564797336,down,0.7078913252699787
GO:2001198,Regulation of Dendritic Cell Differentiation,0.4633791356919126,11,11,1.0407534034239512,down,0.7084653661340716
GO:0007176,Regulation of Epidermal Growth Factor-Activated Receptor Activity,0.4646542260075265,11,11,1.7364262466900948,up,0.7089489442190677
GO:0051881,Regulation of Mitochondrial Membrane Potential,0.46422754594470916,35,35,3.00472958541514,up,0.7089489442190677
GO:0110053,Regulation of Actin Filament Organization,0.46439905189389563,11,11,2.219624473753583,up,0.7089489442190677
GO:0071379,Cellular Response to Prostaglandin Stimulus,0.46473463479150845,10,10,4.488438504039834,up,0.7089489442190677
GO:1901342,Regulation of Vasculature Development,0.46432075969378583,33,33,1.4526529014223504,up,0.7089489442190677
GO:1901526,Positive Regulation of Mitophagy,0.4651470870495087,19,19,2.0745835290883554,up,0.7091047152134179
GO:0030030,Cell Projection Organization,0.4658761849291321,19,19,2.5225125976304126,up,0.7091047152134179
GO:0090280,Positive Regulation of Calcium Ion Import,0.46564959739604983,12,12,-0.28547471949335845,down,0.7091047152134179
GO:0015701,Bicarbonate Transport,0.4655115566659491,19,19,-0.3221983243847167,down,0.7091047152134179
GO:0038066,p38MAPK Cascade,0.4657107608639103,12,12,1.4187360207539088,up,0.7091047152134179
GO:0044790,Suppression of Viral Release by Host,0.4674072310097731,14,14,3.0764101630111225,up,0.7108007422979652
GO:0071621,Granulocyte Chemotaxis,0.46735030900963204,54,54,2.299559458831145,up,0.7108007422979652
GO:0071363,Cellular Response to Growth Factor Stimulus,0.46812392525235247,144,144,1.416428716564603,up,0.711547872694449
GO:1901991,Negative Regulation of Mitotic Cell Cycle Phase Transition,0.4683157356197707,42,42,0.34521725741132725,down,0.711547872694449
GO:0043388,Positive Regulation of DNA Binding,0.46864306835817915,24,24,1.1657075297807997,down,0.711728186184216
GO:0005980,Glycogen Catabolic Process,0.46931035215868055,14,14,2.7179137464853484,up,0.7124243930633108
GO:0046473,Phosphatidic Acid Metabolic Process,0.4701250291385435,33,33,1.4052391957400363,up,0.7133436273983861
GO:0002082,Regulation of Oxidative Phosphorylation,0.4707903499202769,14,14,2.474907104027676,up,0.7140355195989615
GO:0010591,Regulation of Lamellipodium Assembly,0.47164941652725434,30,30,2.8347035014115147,up,0.714532996224686
GO:0061097,Regulation of Protein Tyrosine Kinase Activity,0.47174679199589353,17,17,1.152275997117685,down,0.714532996224686
GO:0141005,Transposable Element Silencing by Heterochromatin Formation,0.47155840902958557,18,18,1.7650571315705823,up,0.714532996224686
GO:0031365,N-terminal Protein Amino Acid Modification,0.47212842596984306,10,10,1.4203775365568516,up,0.714793635589496
GO:0007194,Negative Regulation of Adenylate Cyclase Activity,0.47331065777202797,10,10,-0.12101592746123904,down,0.7158834058742657
GO:0006829,Zinc Ion Transport,0.47356309513491,24,24,2.2861030213539646,up,0.7158834058742657
GO:0051926,Negative Regulation of Calcium Ion Transport,0.473257479942361,13,13,0.4258862528561007,down,0.7158834058742657
GO:1904292,Regulation of ERAD Pathway,0.4736877300082726,22,22,1.8400538686414158,up,0.7158834058742657
GO:0034497,Protein Localization to Phagophore Assembly Site,0.4740879709461413,13,13,2.573383357932419,up,0.716170978253892
GO:0002861,Regulation of Inflammatory Response to Antigenic Stimulus,0.4744552700921927,18,18,2.1490323408444567,up,0.7164085552388089
GO:0009896,Positive Regulation of Catabolic Process,0.4748294377296636,176,176,1.6852394184459083,up,0.716656288538001
GO:0010935,Regulation of Macrophage Cytokine Production,0.47530303121398076,14,14,1.8677800860686236,up,0.7170537989698754
GO:0030033,Microvillus Assembly,0.47667865788228236,14,14,1.3840478641412113,up,0.7188111856925133
GO:0007214,Gamma-Aminobutyric Acid Signaling Pathway,0.4781904489091756,15,15,1.4919394050610408,up,0.7207722586076881
GO:0048546,Digestive Tract Morphogenesis,0.47857914420069414,15,15,0.3969089958683684,down,0.7210395145179186
GO:0035235,Ionotropic Glutamate Receptor Signaling Pathway,0.4788676953580612,17,17,3.1468470772925263,up,0.7211557213537954
GO:0009855,Determination of Bilateral Symmetry,0.4794820605752802,26,26,2.219877226434199,up,0.721443894407711
GO:0042044,Fluid Transport,0.47931996814334676,16,16,0.07765993966065232,down,0.721443894407711
GO:0072522,Purine-Containing Compound Biosynthetic Process,0.4800739509995565,22,22,2.6891547772789774,up,0.7218821944543425
GO:1902992,Negative Regulation of Amyloid Precursor Protein Catabolic Process,0.4808793395385611,17,17,-0.0250213788055298,down,0.7218821944543425
GO:0033628,Regulation of Cell Adhesion Mediated by Integrin,0.48117018253444854,31,31,1.8812436298194652,up,0.7218821944543425
GO:0060037,Pharyngeal System Development,0.48034211113567005,13,13,1.3023883291807157,up,0.7218821944543425
GO:1901222,Regulation of Non-Canonical NF-kappaB Signal Transduction,0.481254796302895,73,73,0.7276693789547368,down,0.7218821944543425
GO:1900119,Positive Regulation of Execution Phase of Apoptosis,0.48078899856998525,11,11,3.622932584451767,up,0.7218821944543425
GO:0001889,Liver Development,0.4804451574658143,32,32,-0.014278543947338795,down,0.7218821944543425
GO:1903978,Regulation of Microglial Cell Activation,0.4816881104759959,13,13,-1.697136623680578,down,0.722214569157636
GO:0035050,Embryonic Heart Tube Development,0.48254313016037576,12,12,2.615603350859338,up,0.7228852118851092
GO:0001516,Prostaglandin Biosynthetic Process,0.4825592575380808,15,15,2.6162442233777505,up,0.7228852118851092
GO:0032656,Regulation of Interleukin-13 Production,0.48304223749576003,12,12,-0.01102762610529917,down,0.7232338566205708
GO:0036508,"Protein Alpha-1,2-Demannosylation",0.4832160537198126,13,13,0.5386030310500107,down,0.7232338566205708
GO:0035994,Response to Muscle Stretch,0.48347918628933617,12,12,0.5732921354676579,down,0.7233103089618095
GO:1990928,Response to Amino Acid Starvation,0.4838232170649157,44,44,0.3942909124352991,down,0.7233402232813717
GO:0048709,Oligodendrocyte Differentiation,0.48392330387806803,20,20,2.29222080810245,up,0.7233402232813717
GO:0050687,Negative Regulation of Defense Response to Virus,0.48466627077541535,12,12,2.2785072556181305,up,0.7238163965039149
GO:0007179,Transforming Growth Factor Beta Receptor Signaling Pathway,0.48448208730604236,72,72,0.8966183098099945,down,0.7238163965039149
GO:0035601,Protein Deacylation,0.48509214502658204,18,18,3.5026489658014923,up,0.723864073096844
GO:0006984,ER-nucleus Signaling Pathway,0.4851226241862754,27,27,2.7960096738084284,up,0.723864073096844
GO:0007268,Chemical Synaptic Transmission,0.4854508919902475,210,210,1.035422397533893,down,0.7240371633488124
GO:0043010,Camera-Type Eye Development,0.4857900880744078,23,23,0.679321854086289,down,0.7242263944151246
GO:1903747,Regulation of Establishment of Protein Localization to Mitochondrion,0.48613618866122865,11,11,1.442737990909003,up,0.7244257490272831
GO:0030098,Lymphocyte Differentiation,0.4870348273491031,71,71,0.6710153641751871,down,0.7249770501908436
GO:1904377,Positive Regulation of Protein Localization to Cell Periphery,0.487356310784991,57,57,0.7718499532070074,down,0.7249770501908436
GO:0150077,Regulation of Neuroinflammatory Response,0.48703525063667885,18,18,-0.4972413885400273,down,0.7249770501908436
GO:1903543,Positive Regulation of Exosomal Secretion,0.48718112268419467,14,14,1.983544900172138,up,0.7249770501908436
GO:1903844,Regulation of Cellular Response to Transforming Growth Factor Beta Stimulus,0.48791665593287015,17,17,0.3969089958683684,down,0.7254942081024499
GO:0006163,Purine Nucleotide Metabolic Process,0.48879379669032264,35,35,1.2186051454699722,up,0.7264817605711069
GO:0043244,Regulation of Protein-Containing Complex Disassembly,0.48965821392243025,17,17,0.5566920832804377,down,0.7274495503873736
GO:0030194,Positive Regulation of Blood Coagulation,0.490456380384374,20,20,-0.6410225613632838,down,0.7280551888930419
GO:0002429,Immune Response-Activating Cell Surface Receptor Signaling Pathway,0.49049276578018475,21,21,-0.0471132713402686,down,0.7280551888930419
GO:0032365,Intracellular Lipid Transport,0.49108828470198684,18,18,0.2193246786924931,down,0.7286220700819822
GO:0007129,Homologous Chromosome Pairing at Meiosis,0.49162420516678973,26,26,0.9999194722357627,down,0.7287040644004141
GO:1903426,Regulation of Reactive Oxygen Species Biosynthetic Process,0.49145122184036827,25,25,1.245510748712045,up,0.7287040644004141
GO:0006937,Regulation of Muscle Contraction,0.49178444920837094,24,24,1.816732321848479,up,0.7287040644004141
GO:0034762,Regulation of Transmembrane Transport,0.49228092962224135,23,23,-0.0610062294764592,down,0.7288159297290985
GO:2000242,Negative Regulation of Reproductive Process,0.49228727707295306,13,13,3.587295666700793,up,0.7288159297290985
GO:0001843,Neural Tube Closure,0.4933916649827643,30,30,-0.030728545812400643,down,0.7301340430612621
GO:0006285,"Base-Excision Repair, AP Site Formation",0.4942499023755035,11,11,3.437626356431683,up,0.7304533869163095
GO:0032868,Response to Insulin,0.49424813319972394,80,80,0.10513284974526471,down,0.7304533869163095
GO:0001960,Negative Regulation of Cytokine-Mediated Signaling Pathway,0.4940889159665319,64,64,0.8001197844575536,down,0.7304533869163095
GO:0043517,"Positive Regulation of DNA Damage Response, Signal Transduction by P53 Class Mediator",0.4944937097015367,15,15,-0.1978447099643446,down,0.7304972038943014
GO:0032495,Response to Muramyl Dipeptide,0.4948046130176813,13,13,1.815061563059778,up,0.7306400584429917
GO:0034393,Positive Regulation of Smooth Muscle Cell Apoptotic Process,0.4955596976091825,10,10,2.071759372506002,up,0.7311224598513851
GO:0090026,Positive Regulation of Monocyte Chemotaxis,0.4957799258322996,17,17,0.9245764733053664,down,0.7311224598513851
GO:0071616,acyl-CoA Biosynthetic Process,0.49598867548991654,14,14,0.40431570652465043,down,0.7311224598513851
GO:0090278,Negative Regulation of Peptide Hormone Secretion,0.49572674925729465,17,17,-0.0610062294764592,down,0.7311224598513851
GO:0060271,Cilium Assembly,0.49654786172295096,235,235,1.343102472833814,up,0.7311942049197584
GO:0051146,Striated Muscle Cell Differentiation,0.49661934643441574,20,20,1.9605221222612637,up,0.7311942049197584
GO:0141176,Gene Silencing by piRNA-directed DNA Methylation,0.4971551305637183,10,10,1.7650571315705823,up,0.7311942049197584
GO:0051252,Regulation of RNA Metabolic Process,0.4973235284121488,11,11,2.34821787657818,up,0.7311942049197584
GO:0141196,Transposable Element Silencing by piRNA-mediated DNA Methylation,0.4971551305637183,10,10,1.7650571315705823,up,0.7311942049197584
GO:0061371,Determination of Heart Left/Right Asymmetry,0.4972863931444689,37,37,1.81995213258576,up,0.7311942049197584
GO:0036065,Fucosylation,0.49768774766764945,11,11,1.047352901558059,down,0.7314144365766274
GO:0000271,Polysaccharide Biosynthetic Process,0.49882284309339575,10,10,2.3087995319940955,up,0.7327668896604534
GO:0030316,Osteoclast Differentiation,0.49936865435909783,23,23,1.4610678663962209,up,0.7332528971239272
GO:0005513,Detection of Calcium Ion,0.5003365063144709,12,12,1.95338287484289,up,0.7336635806407535
GO:0032528,Microvillus Organization,0.5005318769720246,13,13,0.6923134656811183,down,0.7336635806407535
GO:0007162,Negative Regulation of Cell Adhesion,0.5009040735644633,63,63,1.9531303970685592,up,0.7336635806407535
GO:0002275,Myeloid Cell Activation Involved in Immune Response,0.5004980865747868,17,17,0.2997100530828832,down,0.7336635806407535
GO:0097699,Vascular Endothelial Cell Response to Fluid Shear Stress,0.5009388681654398,11,11,2.65852203050994,up,0.7336635806407535
GO:0007213,G Protein-Coupled Acetylcholine Receptor Signaling Pathway,0.5005929937053559,13,13,3.0625943415827,up,0.7336635806407535
GO:2001028,Positive Regulation of Endothelial Cell Chemotaxis,0.5014490432512602,13,13,2.2392785374393567,up,0.7340955736180464
GO:0045596,Negative Regulation of Cell Differentiation,0.5023321176529112,206,206,1.2990444145149525,up,0.7350728671446075
GO:0042311,Vasodilation,0.5029595095855997,16,16,-0.6855779182163154,down,0.7356753375628132
GO:0098662,Inorganic Cation Transmembrane Transport,0.5033798127878866,263,263,0.7263422232192083,down,0.7359745141103649
GO:0046326,Positive Regulation of D-glucose Import,0.5049587412864952,24,24,0.06365561283199464,down,0.7374051446221942
GO:0061709,Reticulophagy,0.5050068653877002,19,19,1.0282786064783491,down,0.7374051446221942
GO:2000811,Negative Regulation of Anoikis,0.5047009542080684,16,16,3.193960497823458,up,0.7374051446221942
GO:0017156,Calcium-Ion Regulated Exocytosis,0.5053108395780253,13,13,2.128801022512256,up,0.7375332793327531
GO:0051966,"Regulation of Synaptic Transmission, Glutamatergic",0.5058110128187294,42,42,0.27891816011968196,down,0.7379475469310034
GO:0006623,Protein Targeting to Vacuole,0.5065301926665793,32,32,1.8082467090872245,up,0.738680841037068
GO:0001774,Microglial Cell Activation,0.5085438416166652,19,19,0.1026019448752161,down,0.7413004460489081
GO:0044088,Regulation of Vacuole Organization,0.5090432346619762,20,20,2.2607483511453053,up,0.7413197812449087
GO:0097192,Extrinsic Apoptotic Signaling Pathway in Absence of Ligand,0.509209102156793,14,14,1.9760968687954938,up,0.7413197812449087
GO:0048592,Eye Morphogenesis,0.5091826614799448,22,22,1.548852165296466,up,0.7413197812449087
GO:0071470,Cellular Response to Osmotic Stress,0.5106297783719578,34,34,1.2462650862185134,up,0.7413308895577353
GO:0015813,L-glutamate Transmembrane Transport,0.5116074212896244,15,15,-0.2967484900733191,down,0.7413308895577353
GO:0070665,Positive Regulation of Leukocyte Proliferation,0.5095657416423298,14,14,1.4503190598992135,up,0.7413308895577353
GO:0002637,Regulation of Immunoglobulin Production,0.5108631997286299,27,27,0.5015981817685496,down,0.7413308895577353
GO:0046339,Diacylglycerol Metabolic Process,0.5111539802742402,21,21,1.11750928766755,down,0.7413308895577353
GO:0075509,Endocytosis Involved in Viral Entry Into Host Cell,0.5112295018039468,11,11,1.0463874719854016,down,0.7413308895577353
GO:0051938,L-glutamate Import,0.5116074212896244,15,15,-0.2967484900733191,down,0.7413308895577353
GO:0051693,Actin Filament Capping,0.5102483104588726,17,17,1.7235642926493056,up,0.7413308895577353
GO:0033081,Regulation of T Cell Differentiation in Thymus,0.5114023799042977,12,12,0.6047383146092851,down,0.7413308895577353
GO:0007254,JNK Cascade,0.5110884023781724,34,34,1.7957678855350423,up,0.7413308895577353
GO:0051016,Barbed-End Actin Filament Capping,0.5102483104588726,17,17,1.7235642926493056,up,0.7413308895577353
GO:0032366,Intracellular Sterol Transport,0.5127579383425751,16,16,3.0459892735832277,up,0.741572595085867
GO:0090279,Regulation of Calcium Ion Import,0.5128792709550747,20,20,1.1759964191419858,down,0.741572595085867
GO:0034333,Adherens Junction Assembly,0.5130786644393568,11,11,2.8265870300355127,up,0.741572595085867
GO:0046058,cAMP Metabolic Process,0.5130764364756537,12,12,0.07199453543346426,down,0.741572595085867
GO:0055006,Cardiac Cell Development,0.5126236016882986,10,10,0.8684230278076666,down,0.741572595085867
GO:0002719,Negative Regulation of Cytokine Production Involved in Immune Response,0.5125068900527937,16,16,0.5928591225199549,down,0.741572595085867
GO:0071786,Endoplasmic Reticulum Tubular Network Organization,0.5137528100015665,18,18,1.9247762692248007,up,0.7416042466844449
GO:0050765,Negative Regulation of Phagocytosis,0.5137063265000816,14,14,2.4881993535568054,up,0.7416042466844449
GO:0060334,Regulation of Type II Interferon-Mediated Signaling Pathway,0.5135598673294918,12,12,-0.022874286716167147,down,0.7416042466844449
GO:1990253,Cellular Response to Leucine Starvation,0.515538377748417,11,11,-1.254874876278181,down,0.7438669232232871
GO:0016137,Glycoside Metabolic Process,0.5162469391834092,14,14,2.335077579592321,up,0.7445743380780587
GO:0050769,Positive Regulation of Neurogenesis,0.5172045875785227,60,60,1.822083047335794,up,0.7453252421758939
GO:1902893,Regulation of miRNA Transcription,0.5170052275700346,65,65,1.2743141328351637,up,0.7453252421758939
GO:0035627,Ceramide Transport,0.5175946022176878,14,14,-0.2950246174548828,down,0.7455722922992116
GO:0042267,Natural Killer Cell Mediated Cytotoxicity,0.5179145475250043,28,28,1.8770835426715164,up,0.7457182446634824
GO:0022607,Cellular Component Assembly,0.5182058357909118,262,262,1.0749813378964586,down,0.7458228294864135
GO:0042059,Negative Regulation of Epidermal Growth Factor Receptor Signaling Pathway,0.5193174419204402,25,25,1.692169013502835,up,0.7467924934193176
GO:0043032,Positive Regulation of Macrophage Activation,0.5192442148895493,14,14,0.2225093199947049,down,0.7467924934193176
GO:0046580,Negative Regulation of Ras Protein Signal Transduction,0.5195413588862161,13,13,-0.8038567160596347,down,0.746799652406609
GO:0055001,Muscle Cell Development,0.5208305081389133,15,15,0.022863531895274,down,0.7483373476250351
GO:0032091,Negative Regulation of Protein Binding,0.5215645233907293,49,49,1.8457823071697643,up,0.7490764586466433
GO:0010632,Regulation of Epithelial Cell Migration,0.5228970379527409,41,41,0.8280443855297455,down,0.749901988124981
GO:0048514,Blood Vessel Morphogenesis,0.5236782573185883,50,50,1.8685070441659306,up,0.749901988124981
GO:0003203,Endocardial Cushion Morphogenesis,0.5232920836302771,17,17,1.941372350389687,up,0.749901988124981
GO:0045742,Positive Regulation of Epidermal Growth Factor Receptor Signaling Pathway,0.5227655906138897,22,22,2.3816286850111914,up,0.749901988124981
GO:1903305,Regulation of Regulated Secretory Pathway,0.5233335747230898,30,30,3.0362270475312094,up,0.749901988124981
GO:0002687,Positive Regulation of Leukocyte Migration,0.5236377173037793,27,27,2.1128897866551326,up,0.749901988124981
GO:0098586,Cellular Response to Virus,0.5235754695962339,43,43,0.9021740342301224,down,0.749901988124981
GO:0043516,"Regulation of DNA Damage Response, Signal Transduction by P53 Class Mediator",0.5250488782826672,33,33,1.27503681656223,up,0.7513621124476338
GO:0035720,Intraciliary Anterograde Transport,0.5251384567795835,15,15,2.3965534265308617,up,0.7513621124476338
GO:0060537,Muscle Tissue Development,0.5259151617987154,11,11,-1.5464956876316565,down,0.751997429355931
GO:1902042,Negative Regulation of Extrinsic Apoptotic Signaling Pathway via Death Domain Receptors,0.5260234143779687,21,21,2.7960096738084284,up,0.751997429355931
GO:0048041,Focal Adhesion Assembly,0.5263047194935737,22,22,2.4123741662009017,up,0.7520843729336322
GO:0046323,D-glucose Import,0.5272907299164578,14,14,1.6586068593210785,up,0.7522328229799403
GO:0051281,Positive Regulation of Release of Sequestered Calcium Ion Into Cytosol,0.5268012726857536,33,33,0.4585007705777021,down,0.7522328229799403
GO:0010635,Regulation of Mitochondrial Fusion,0.526858915352064,13,13,2.363336128289228,up,0.7522328229799403
GO:0043269,Regulation of Monoatomic Ion Transport,0.5271062833738568,20,20,0.2471956215960417,down,0.7522328229799403
GO:0065002,Intracellular Protein Transmembrane Transport,0.5275595808223705,22,22,2.538694126937938,up,0.7523017266660141
GO:0045807,Positive Regulation of Endocytosis,0.5278220557017979,80,80,1.1433887240789882,down,0.7523614843288059
GO:0060339,Negative Regulation of Type I Interferon-Mediated Signaling Pathway,0.5282399251487419,19,19,2.363336128289228,up,0.7526426001179441
GO:0006779,Porphyrin-Containing Compound Biosynthetic Process,0.5292347455540061,20,20,1.0338308209101472,down,0.7535858249831706
GO:2000404,Regulation of T Cell Migration,0.5293437809028663,25,25,0.4946842938505184,down,0.7535858249831706
GO:0051492,Regulation of Stress Fiber Assembly,0.5296404499656835,74,74,1.9552957041984185,up,0.75369360652188
GO:0060047,Heart Contraction,0.529903408142374,32,32,1.7179381291156206,up,0.7537533466111918
GO:0070837,Dehydroascorbic Acid Transport,0.5303899254778837,11,11,2.350654241505131,up,0.7540079325945999
GO:0051503,Adenine Nucleotide Transport,0.5305244908317326,21,21,0.1265771016896198,down,0.7540079325945999
GO:1903670,Regulation of Sprouting Angiogenesis,0.5314570535169352,37,37,0.5302974648900853,down,0.7541715270604574
GO:0010595,Positive Regulation of Endothelial Cell Migration,0.5315239962044385,86,86,1.9831747802856694,up,0.7541715270604574
GO:0038094,Fc-gamma Receptor Signaling Pathway,0.5312548248500666,28,28,-0.031059222686693897,down,0.7541715270604574
GO:0051898,- Reg of Phosphatidylinositol 3-Kinase/Prot Kinase B Signal Transduction,0.5312581499822336,44,44,2.5255592048143467,up,0.7541715270604574
GO:0071468,Cellular Response to Acidic pH,0.5328575445924932,11,11,0.419024137551245,down,0.754280666195132
GO:1901019,Regulation of Calcium Ion Transmembrane Transporter Activity,0.5330474877898791,16,16,1.369589411133428,up,0.754280666195132
GO:0043086,Negative Regulation of Catalytic Activity,0.5333699697633123,23,23,2.31484618069832,up,0.754280666195132
GO:0036314,Response to Sterol,0.5330437772160639,10,10,0.01381495649136176,down,0.754280666195132
GO:0140894,Endolysosomal Toll-Like Receptor Signaling Pathway,0.5320686912757052,19,19,0.5168026594761677,down,0.754280666195132
GO:0032735,Positive Regulation of Interleukin-12 Production,0.532665005615941,30,30,0.7308359298942697,down,0.754280666195132
GO:0050772,Positive Regulation of Axonogenesis,0.5324328927719995,33,33,1.8475221996441968,up,0.754280666195132
GO:1905953,Negative Regulation of Lipid Localization,0.5332957583751751,10,10,-0.20377871948771248,down,0.754280666195132
GO:0010332,Response to Gamma Radiation,0.5339123190171797,20,20,2.182018561780805,up,0.7547347369115623
GO:0010721,Negative Regulation of Cell Development,0.5349167560692356,19,19,0.8574787451816707,down,0.755841364934616
GO:0086091,Regulation of Heart Rate by Cardiac Conduction,0.5356659547257435,38,38,0.3294330096139253,down,0.7562734153847314
GO:0070373,Negative Regulation of ERK1 and ERK2 Cascade,0.5355930365845492,48,48,-0.11053318080111164,down,0.7562734153847314
GO:0051785,Positive Regulation of Nuclear Division,0.5361823103839751,20,20,2.091190468421119,up,0.7566892266113939
GO:0106070,Regulation of Adenylate Cyclase-Activating G Protein-Coupled Receptor Signaling Pathway,0.5374031738038911,12,12,1.6888467887141891,up,0.7574719941508565
GO:0140448,Signaling Receptor Ligand Precursor Processing,0.5373001044799403,18,18,-0.12248739445462595,down,0.7574719941508565
GO:0010631,Epithelial Cell Migration,0.5370678786708051,16,16,-0.5328846679450728,down,0.7574719941508565
GO:0045672,Positive Regulation of Osteoclast Differentiation,0.5402149031689011,16,16,-0.9889231212627577,down,0.7604923791618331
GO:1903055,Positive Regulation of Extracellular Matrix Organization,0.540135009433646,21,21,2.8962078445281683,up,0.7604923791618331
GO:0048499,Synaptic Vesicle Membrane Organization,0.5398805677886809,12,12,2.2750972032741337,up,0.7604923791618331
GO:0045956,Positive Regulation of Calcium Ion-Dependent Exocytosis,0.5420802676126406,10,10,3.7582649805269117,up,0.7628035448955103
GO:0017158,Regulation of Calcium Ion-Dependent Exocytosis,0.5423983896910815,28,28,0.18237113777283567,down,0.7629364565922799
GO:0010759,Positive Regulation of Macrophage Chemotaxis,0.5440640839467303,14,14,0.9147406798478948,down,0.7646487805283465
GO:0071731,Response to Nitric Oxide,0.5440421371171151,10,10,0.90681528224115,down,0.7646487805283465
GO:0048640,Negative Regulation of Developmental Growth,0.5444543559089391,32,32,0.5732063640146082,down,0.7648821285030442
GO:0032368,Regulation of Lipid Transport,0.5450044724266373,11,11,1.6760484862582483,up,0.7653397511104404
GO:1901224,Positive Regulation of Non-Canonical NF-kappaB Signal Transduction,0.5454274521203216,50,50,0.6602400511423551,down,0.7656185346429699
GO:0042060,Wound Healing,0.5460104449085272,70,70,1.7487721278778703,up,0.7661216073973618
GO:1904950,Negative Regulation of Establishment of Protein Localization,0.5466489946790749,14,14,3.190293844225175,up,0.76670218784964
GO:1902254,Negative Regulation of Intrinsic Apoptotic Signaling Pathway by P53 Class Mediator,0.5484401003846385,16,16,1.5809965197070714,up,0.7688981432026314
GO:0061158,3'-UTR-mediated mRNA Destabilization,0.5488743808030502,17,17,1.000732309211412,down,0.7691908434343485
GO:0001578,Microtubule Bundle Formation,0.5497603581653029,47,47,0.9672849908553626,down,0.7701160499802251
GO:0043330,Response to Exogenous dsRNA,0.5508547530975862,18,18,1.9569689999545528,up,0.770596960302534
GO:0046546,Development of Primary Male Sexual Characteristics,0.5512332404392211,35,35,1.2465070254669957,up,0.770596960302534
GO:0009152,Purine Ribonucleotide Biosynthetic Process,0.5510305992827113,42,42,1.4384843894384987,up,0.770596960302534
GO:0000422,Autophagy of Mitochondrion,0.5508566874163772,58,58,1.484470639506037,up,0.770596960302534
GO:1900748,Positive Regulation of Vascular Endothelial Growth Factor Signaling Pathway,0.5507452993933601,11,11,2.21155992133897,up,0.770596960302534
GO:0140354,Lipid Import Into Cell,0.5520712521385008,10,10,2.184968520244362,up,0.7711363804440731
GO:1901071,Glucosamine-Containing Compound Metabolic Process,0.5518989020117755,14,14,1.0870469485327,down,0.7711363804440731
GO:0045091,Reg of Single Stranded Viral RNA Replication via Double Stranded DNA Intermediate,0.5534694647596087,11,11,1.1977163406776858,down,0.7727729612341486
GO:1902807,Negative Regulation of Cell Cycle G1/S Phase Transition,0.5537458818892739,34,34,0.34521725741132725,down,0.77284255446985
GO:0051350,Negative Regulation of Lyase Activity,0.5541970335264458,13,13,-0.1060762386641191,down,0.7731558614964035
GO:1901184,Regulation of ERBB Signaling Pathway,0.5554852730375748,13,13,2.136064118190804,up,0.7735552348421401
GO:0045143,Homologous Chromosome Segregation,0.5559005917281419,17,17,1.1016978798422916,down,0.7735552348421401
GO:0089718,Amino Acid Import Across Plasma Membrane,0.5552745481091192,25,25,-1.130659260464501,down,0.7735552348421401
GO:0090141,Positive Regulation of Mitochondrial Fission,0.5558848708231421,18,18,1.1804769527362586,down,0.7735552348421401
GO:0002720,Positive Regulation of Cytokine Production Involved in Immune Response,0.5550443694504508,32,32,1.0675227780532601,down,0.7735552348421401
GO:0008064,Regulation of Actin Polymerization or Depolymerization,0.5562975640773291,25,25,2.219624473753583,up,0.7735552348421401
GO:2001236,Regulation of Extrinsic Apoptotic Signaling Pathway,0.5550085958007449,64,64,0.7697018486985098,down,0.7735552348421401
GO:0006002,Fructose 6-Phosphate Metabolic Process,0.5562177954384069,10,10,2.1927094835587186,up,0.7735552348421401
GO:0001817,Regulation of Cytokine Production,0.5565498905144812,160,160,0.9134270749564375,down,0.7735907402383436
GO:0051258,Protein Polymerization,0.5577112690426902,57,57,0.8264496653541206,down,0.7740578056434828
GO:0010560,Positive Regulation of Glycoprotein Biosynthetic Process,0.5575151560214902,12,12,0.5486228145932728,down,0.7740578056434828
GO:0071901,Negative Regulation of Protein Serine/Threonine Kinase Activity,0.5578356011101278,45,45,0.8771687615498847,down,0.7740578056434828
GO:0032869,Cellular Response to Insulin Stimulus,0.5572830968832758,105,105,0.0442595093893685,down,0.7740578056434828
GO:0014812,Muscle Cell Migration,0.5580205640801302,10,10,1.5399764384668562,up,0.7740578056434828
GO:0018146,Keratan Sulfate Proteoglycan Biosynthetic Process,0.5591018923964868,15,15,3.2162737595264432,up,0.7752425020180554
GO:1902358,Sulfate Transmembrane Transport,0.5595328641320199,12,12,1.5827008155597682,up,0.7755248271248759
GO:1902644,Tertiary Alcohol Metabolic Process,0.5598865723183752,11,11,2.181643191568004,up,0.7756998774077896
GO:0046006,Regulation of Activated T Cell Proliferation,0.560244734905804,31,31,0.1468823034275805,down,0.7758809544310586
GO:0097581,Lamellipodium Organization,0.5611339747073776,30,30,2.064835794306095,up,0.7767970729410978
GO:0051216,Cartilage Development,0.5621606651019415,50,50,2.140196467350493,up,0.7774694085058081
GO:0046598,Positive Regulation of Viral Entry Into Host Cell,0.5626614655215156,13,13,1.0407534034239512,down,0.7774694085058081
GO:1901880,Negative Regulation of Protein Depolymerization,0.5629872292610221,24,24,0.03790839837325856,down,0.7774694085058081
GO:0075294,Positive Regulation by Symbiont of Entry Into Host,0.5626614655215156,13,13,1.0407534034239512,down,0.7774694085058081
GO:0120192,Tight Junction Assembly,0.5625876369801952,49,49,1.078080573628928,down,0.7774694085058081
GO:1903236,Regulation of Leukocyte Tethering or Rolling,0.5628089086363666,11,11,2.4363342825331515,up,0.7774694085058081
GO:0052547,Regulation of Peptidase Activity,0.5632777169534529,13,13,2.60825433048213,up,0.7775557638722087
GO:0045649,Regulation of Macrophage Differentiation,0.5636854872735648,15,15,1.8812436298194652,up,0.7778038823180136
GO:0110020,Regulation of Actomyosin Structure Organization,0.5641864697534933,13,13,1.8465418972365368,up,0.7781803672984899
GO:0009223,Pyrimidine Deoxyribonucleotide Catabolic Process,0.5645587750708863,12,12,4.136573219739782,up,0.778198586122035
GO:0051279,Regulation of Release of Sequestered Calcium Ion Into Cytosol,0.5646559661835346,48,48,0.844946846968089,down,0.778198586122035
GO:0071383,Cellular Response to Steroid Hormone Stimulus,0.5649764019388723,22,22,0.4683534838852863,down,0.7783257298115888
GO:1902653,Secondary Alcohol Biosynthetic Process,0.5653535345994887,24,24,2.1548091388698385,up,0.7784240684514799
GO:0009306,Protein Secretion,0.5655042045214798,54,54,1.6736486663982895,up,0.7784240684514799
GO:0031146,SCF-dependent Proteasomal Ubiquitin-Dependent Protein Catabolic Process,0.5666103272182383,39,39,2.194997426248019,up,0.779632039589113
GO:0014912,Negative Regulation of Smooth Muscle Cell Migration,0.567262229661641,14,14,0.5386205953831484,down,0.779899824818967
GO:0032481,Positive Regulation of Type I Interferon Production,0.5671787348296664,67,67,1.4395972352351816,up,0.779899824818967
GO:0039535,Regulation of RIG-I Signaling Pathway,0.567643677815997,18,18,1.1010737358493285,down,0.7801098247503488
GO:0048813,Dendrite Morphogenesis,0.5695192432387988,34,34,1.4633826616668713,up,0.7820572216938577
GO:0043409,Negative Regulation of MAPK Cascade,0.5693554413788471,122,122,0.6588904212259165,down,0.7820572216938577
GO:0048568,Embryonic Organ Development,0.5700393368308196,67,67,1.506076375101392,up,0.7824564096297488
GO:0010881,Reg of Cardiac Muscle Contraction by Reg of the Release of Sequestered Calcium Ion,0.571825360690744,17,17,0.7940838008744421,down,0.7830059030625207
GO:0090160,Golgi to Lysosome Transport,0.5707561212978052,10,10,2.9031738710212545,up,0.7830059030625207
GO:0044828,Negative Regulation by Host of Viral Genome Replication,0.5726186797518168,10,10,0.10208061428702919,down,0.7830059030625207
GO:0001935,Endothelial Cell Proliferation,0.5727351885491027,19,19,-0.0846745728524652,down,0.7830059030625207
GO:0050796,Regulation of Insulin Secretion,0.5725523775236948,81,81,1.3484380135163083,up,0.7830059030625207
GO:0045923,Positive Regulation of Fatty Acid Metabolic Process,0.5721913801196208,18,18,0.7718717268893742,down,0.7830059030625207
GO:0060606,Tube Closure,0.572692644726255,29,29,0.1559426196152048,down,0.7830059030625207
GO:1902750,Negative Regulation of Cell Cycle G2/M Phase Transition,0.571538044361737,10,10,1.715461289369647,up,0.7830059030625207
GO:0070613,Regulation of Protein Processing,0.5726222400439598,20,20,1.926671097992033,up,0.7830059030625207
GO:0043543,Protein Acylation,0.5713952543594905,33,33,1.797397144750827,up,0.7830059030625207
GO:0090277,Positive Regulation of Peptide Hormone Secretion,0.5730371958200275,39,39,1.8671975133034808,up,0.7831049178453983
GO:0045348,Positive Regulation of MHC Class II Biosynthetic Process,0.5743347780352697,10,10,-0.580672484264903,down,0.7845638477686443
GO:1903900,Regulation of Viral Life Cycle,0.5746435286585034,15,15,0.8206713920138734,down,0.7846713675957387
GO:1903076,Regulation of Protein Localization to Plasma Membrane,0.5753179060066564,88,88,1.5630018347134782,up,0.7852778621003221
GO:0002762,Negative Regulation of Myeloid Leukocyte Differentiation,0.5761430608581641,33,33,0.3726882528072001,down,0.7857933931400252
GO:1903578,Regulation of ATP Metabolic Process,0.5762913079907293,15,15,1.7828804950300252,up,0.7857933931400252
GO:0045926,Negative Regulation of Growth,0.5763867105354274,109,109,0.99615489980361,down,0.7857933931400252
GO:0086064,Cell Communication by Electrical Coupling Involved in Cardiac Conduction,0.5780988433749575,13,13,0.901971067287924,down,0.7871836945117685
GO:0009150,Purine Ribonucleotide Metabolic Process,0.5779576415564667,54,54,1.369680892569682,up,0.7871836945117685
GO:0060350,Endochondral Bone Morphogenesis,0.5777473715150143,12,12,2.0724274732359986,up,0.7871836945117685
GO:0070972,Protein Localization to Endoplasmic Reticulum,0.5783469262888202,18,18,2.093905129181316,up,0.7872072488312714
GO:0006693,Prostaglandin Metabolic Process,0.5786871302136446,30,30,0.8476564014159854,down,0.7873561233182057
GO:0016311,Dephosphorylation,0.579333706970986,101,101,1.3260009701146565,up,0.7873936345297533
GO:0009889,Regulation of Biosynthetic Process,0.5789871485922228,21,21,1.5948032317728102,up,0.7873936345297533
GO:0042886,Amide Transport,0.5794072186073529,26,26,-0.0908037066701794,down,0.7873936345297533
GO:0006878,Intracellular Copper Ion Homeostasis,0.580210599361527,12,12,1.1211399854027264,down,0.7879589023741643
GO:0071637,Regulation of Monocyte Chemotactic Protein-1 Production,0.5802851840410146,10,10,1.1765585362459239,down,0.7879589023741643
GO:0051092,Positive Regulation of NF-kappaB Transcription Factor Activity,0.5808388787680375,103,103,0.7597938591638818,down,0.7883969022991548
GO:0001822,Kidney Development,0.58204408347115,67,67,1.736130726741176,up,0.7885337138177795
GO:1901857,Positive Regulation of Cellular Respiration,0.5820955413055318,12,12,-0.8279378840409988,down,0.7885337138177795
GO:0086011,Membrane Repolarization During Action Potential,0.5817831672766669,13,13,1.3912778498885032,up,0.7885337138177795
GO:0061515,Myeloid Cell Development,0.5817106003878232,23,23,-0.2562116143417051,down,0.7885337138177795
GO:0018022,Peptidyl-Lysine Methylation,0.5814946989733552,17,17,1.64733620665068,up,0.7885337138177795
GO:0009117,Nucleotide Metabolic Process,0.5824728726860936,12,12,2.846700812232637,up,0.7887316271267428
GO:0045589,Regulation of Regulatory T Cell Differentiation,0.5833145663042217,21,21,1.6119533162535211,up,0.7895579308189288
GO:0033143,Regulation of Intracellular Steroid Hormone Receptor Signaling Pathway,0.5837736485609503,24,24,0.8672875741322682,down,0.7898658925987312
GO:0000288,"Nuclear-Transcribed mRNA Catabolic Process, Deadenylation-Dependent Decay",0.5840714138608127,28,28,0.42833367864087435,down,0.7898947811837562
GO:0050862,Positive Regulation of T Cell Receptor Signaling Pathway,0.5842581450972198,14,14,-0.5899576137697228,down,0.7898947811837562
GO:0046486,Glycerolipid Metabolic Process,0.585461235883169,12,12,4.236566705463424,up,0.790265800877248
GO:0006670,Sphingosine Metabolic Process,0.5856909834704435,20,20,0.7605956703867705,down,0.790265800877248
GO:0007369,Gastrulation,0.5850489557157218,13,13,4.744414126565526,up,0.790265800877248
GO:0071624,Positive Regulation of Granulocyte Chemotaxis,0.5855577481173542,20,20,0.956074998950955,down,0.790265800877248
GO:0031623,Receptor Internalization,0.5853190955830267,54,54,2.151369418782345,up,0.790265800877248
GO:0003073,Regulation of Systemic Arterial Blood Pressure,0.5870376115158835,17,17,1.4389245738922587,up,0.7917695899093233
GO:0062125,Regulation of Mitochondrial Gene Expression,0.5896880356309424,11,11,1.7596793739679049,up,0.7937941273274031
GO:0001738,Morphogenesis of a Polarized Epithelium,0.5893997648098124,11,11,-0.4943781745856092,down,0.7937941273274031
GO:0052548,Regulation of Endopeptidase Activity,0.5897022335525182,17,17,2.60825433048213,up,0.7937941273274031
GO:0002065,Columnar/Cuboidal Epithelial Cell Differentiation,0.5894219082961578,14,14,0.22480584948991966,down,0.7937941273274031
GO:0086005,Ventricular Cardiac Muscle Cell Action Potential,0.5891249845155739,16,16,1.4453289320910299,up,0.7937941273274031
GO:0006942,Regulation of Striated Muscle Contraction,0.5914945616918358,22,22,0.28515526471181285,down,0.7940133608543298
GO:1903530,Regulation of Secretion by Cell,0.591435591641387,47,47,2.136064118190804,up,0.7940133608543298
GO:0046902,Regulation of Mitochondrial Membrane Permeability,0.5904699150821038,16,16,2.339091154493774,up,0.7940133608543298
GO:1901016,Regulation of Potassium Ion Transmembrane Transporter Activity,0.5913077526830842,14,14,0.5150773916988989,down,0.7940133608543298
GO:0019724,B Cell Mediated Immunity,0.5908044628956964,17,17,0.8617814004934361,down,0.7940133608543298
GO:0035025,Positive Regulation of Rho Protein Signal Transduction,0.590809112834766,26,26,1.1481202895888254,down,0.7940133608543298
GO:1903587,Reg of Blood Vessel Endothelial Cell Proliferation Inv in Sprouting Angiogenesis,0.5907881451291205,15,15,1.7498231660976844,up,0.7940133608543298
GO:1904659,D-glucose Transmembrane Transport,0.59237061842059,20,20,2.0138171380938164,up,0.7942516428587393
GO:0010605,Negative Regulation of Macromolecule Metabolic Process,0.5923476172022202,10,10,-0.6665834421424977,down,0.7942516428587393
GO:0019233,Sensory Perception of Pain,0.5923551885457459,16,16,-0.24092540255055475,down,0.7942516428587393
GO:0070585,Protein Localization to Mitochondrion,0.5933045744013636,19,19,0.6972738842304884,down,0.7951913175964839
GO:0019430,Removal of Superoxide Radicals,0.5951412943330648,11,11,2.5592538695734577,up,0.7964013161906961
GO:0061844,Antimicrobial Humoral Immune Response Mediated by Antimicrobial Peptide,0.5948894762348569,78,78,1.433063635947246,up,0.7964013161906961
GO:2000050,Regulation of Non-Canonical Wnt Signaling Pathway,0.5948131642338972,16,16,0.3897381999293735,down,0.7964013161906961
GO:1902895,Positive Regulation of miRNA Transcription,0.5951156058018348,46,46,1.0170539959995226,down,0.7964013161906961
GO:0045879,Negative Regulation of Smoothened Signaling Pathway,0.5957352106803635,23,23,1.0282786064783491,down,0.7968834524042039
GO:0046676,Negative Regulation of Insulin Secretion,0.5959801094322443,17,17,0.5938646337873442,down,0.7968985312714172
GO:0090385,Phagosome-Lysosome Fusion,0.5966984097964423,11,11,2.54929503993025,up,0.7975463463227527
GO:0090128,Regulation of Synapse Maturation,0.5981848260074594,11,11,2.263257982376148,up,0.799219914418897
GO:0045582,Positive Regulation of T Cell Differentiation,0.5986736733767564,60,60,1.4678335612538087,up,0.799559866831682
GO:0090103,Cochlea Morphogenesis,0.5989105165428499,11,11,-0.3578849882575247,down,0.799563120128243
GO:0033625,Positive Regulation of Integrin Activation,0.5997541147508041,10,10,1.6203511758279228,up,0.8001417538388848
GO:0007216,G Protein-Coupled Glutamate Receptor Signaling Pathway,0.5998130942732419,12,12,0.621275920097006,down,0.8001417538388848
GO:0072677,Eosinophil Migration,0.6016443994385381,17,17,0.017992001205061,down,0.8009500544062048
GO:0030575,Nuclear Body Organization,0.6013704522951289,13,13,2.862480704484576,up,0.8009500544062048
GO:0141086,Negative Regulation of Inflammasome-Mediated Signaling Pathway,0.6012798696112198,16,16,1.252978275978972,up,0.8009500544062048
GO:0048245,Eosinophil Chemotaxis,0.6016443994385381,17,17,0.017992001205061,down,0.8009500544062048
GO:0006835,Dicarboxylic Acid Transport,0.6018279066089425,24,24,1.3270542326360584,up,0.8009500544062048
GO:0050708,Regulation of Protein Secretion,0.6014783244104214,90,90,1.2812076663002039,up,0.8009500544062048
GO:0006821,Chloride Transport,0.6022156973646098,81,81,1.05328336472306,down,0.8011535661898144
GO:0019731,Antibacterial Humoral Response,0.6026877462513951,34,34,2.059815896978257,up,0.8014689678220307
GO:0002758,Innate Immune Response-Activating Signaling Pathway,0.6031960733407432,17,17,-0.0698045916525832,down,0.801832348466592
GO:0043467,Regulation of Generation of Precursor Metabolites and Energy,0.6039405855267628,20,20,1.7747526965765972,up,0.8025092860271865
GO:0046434,Organophosphate Catabolic Process,0.605991764231348,16,16,1.300531118667533,up,0.804351878909163
GO:0046457,Prostanoid Biosynthetic Process,0.6060699368367056,17,17,2.114593175516585,up,0.804351878909163
GO:0120033,Negative Regulation of Plasma Membrane Bounded Cell Projection Assembly,0.6062705015172847,36,36,0.8806632536333122,down,0.804351878909163
GO:0030889,Negative Regulation of B Cell Proliferation,0.6056710621737449,10,10,0.20387526914959403,down,0.804351878909163
GO:0048477,Oogenesis,0.6066551152974197,14,14,0.9999194722357627,down,0.804549221726088
GO:0070723,Response to Cholesterol,0.6072416197126597,20,20,0.4765215549760049,down,0.8050140555149172
GO:0051338,Regulation of Transferase Activity,0.6081149893389204,12,12,0.5273653305680488,down,0.8058586746833946
GO:0070542,Response to Fatty Acid,0.6090087488369862,17,17,1.6119533162535211,up,0.8058999300845993
GO:0006026,Aminoglycan Catabolic Process,0.6085999063584504,11,11,2.331611629904663,up,0.8058999300845993
GO:0050764,Regulation of Phagocytosis,0.608824360916766,58,58,1.1433887240789882,down,0.8058999300845993
GO:1900024,Regulation of Substrate Adhesion-Dependent Cell Spreading,0.6090911814007907,51,51,2.5104006033025468,up,0.8058999300845993
GO:0150105,Protein Localization to Cell-Cell Junction,0.6097366481113082,15,15,1.078080573628928,down,0.8059967516531574
GO:0051150,Regulation of Smooth Muscle Cell Differentiation,0.6106852527532407,11,11,0.7094927905487961,down,0.8059967516531574
GO:1901739,Regulation of Myoblast Fusion,0.6106153236704608,10,10,1.3797649531459104,up,0.8059967516531574
GO:0001952,Regulation of Cell-Matrix Adhesion,0.6109009696109078,62,62,2.337032598161498,up,0.8059967516531574
GO:0010604,Positive Regulation of Macromolecule Metabolic Process,0.6112909986885717,34,34,2.3318414107837833,up,0.8059967516531574
GO:0010882,Regulation of Cardiac Muscle Contraction by Calcium Ion Signaling,0.6109088198057704,22,22,1.8452503677070777,up,0.8059967516531574
GO:0050890,Cognition,0.6094075442368558,41,41,1.916349036411473,up,0.8059967516531574
GO:0033674,Positive Regulation of Kinase Activity,0.6112430470812975,46,46,0.9497997484013486,down,0.8059967516531574
GO:0090092,Regulation of Transmembrane Receptor Protein Serine/Threonine Kinase Signaling Pathway,0.6110783154199252,26,26,0.6203981455926826,down,0.8059967516531574
GO:0010447,Response to Acidic pH,0.6121829390407376,15,15,0.5533822169909414,down,0.8068608984033833
GO:0048384,Retinoic Acid Receptor Signaling Pathway,0.613565359263931,14,14,2.2361091041782553,up,0.8080584712159338
GO:0006783,Heme Biosynthetic Process,0.6134775015049082,18,18,1.0338308209101472,down,0.8080584712159338
GO:0051900,Regulation of Mitochondrial Depolarization,0.6138829235562803,10,10,3.9195733161089374,up,0.8081646670206376
GO:0060255,Regulation of Macromolecule Metabolic Process,0.6144437802256849,14,14,1.695813849565119,up,0.808279110817513
GO:0003143,Embryonic Heart Tube Morphogenesis,0.6142493364478827,38,38,1.7659448468204146,up,0.808279110817513
GO:0030516,Regulation of Axon Extension,0.6156334178076839,38,38,1.7409699981102102,up,0.8095318381426406
GO:0044872,Lipoprotein Localization,0.6168680030516726,15,15,1.6760484862582483,up,0.81015388074236
GO:0006739,NADP Metabolic Process,0.6175315420492924,21,21,0.9868638447383032,down,0.81015388074236
GO:0072657,Protein Localization to Membrane,0.6167039641220817,192,192,1.4372801594396547,up,0.81015388074236
GO:0050830,Defense Response to Gram-positive Bacterium,0.6174306306023465,65,65,0.5015981817685496,down,0.81015388074236
GO:1990573,Potassium Ion Import Across Plasma Membrane,0.6173789806379045,35,35,-0.058990973798858,down,0.81015388074236
GO:0032007,Negative Regulation of TOR Signaling,0.6170506777721503,68,68,1.7164252356446021,up,0.81015388074236
GO:0070286,Axonemal Dynein Complex Assembly,0.6180708980476921,33,33,0.5680835203975032,down,0.8105497244293264
GO:0016559,Peroxisome Fission,0.6196679932915931,10,10,1.9587757131346306,up,0.8123318697608085
GO:0033122,Negative Regulation of Purine Nucleotide Catabolic Process,0.6205184653684384,10,10,1.2735867030972885,up,0.8126395298499686
GO:0060326,Cell Chemotaxis,0.6206174069947723,67,67,1.5133403870914128,up,0.8126395298499686
GO:0045820,Negative Regulation of Glycolytic Process,0.6205184653684384,10,10,1.2735867030972885,up,0.8126395298499686
GO:0090101,- Reg of Transmembrane Receptor Prot Serine/Threonine Kinase Sgnlng Pway,0.6208649334474461,111,111,0.8574787451816707,down,0.8126516838024708
GO:0090557,Establishment of Endothelial Intestinal Barrier,0.621756421654694,10,10,0.6951396545243309,down,0.8130386900789816
GO:0032330,Regulation of Chondrocyte Differentiation,0.6221140372636007,25,25,1.5164098069804797,up,0.8130386900789816
GO:0015908,Fatty Acid Transport,0.6216048439852959,33,33,1.608393712973985,up,0.8130386900789816
GO:0033121,Regulation of Purine Nucleotide Catabolic Process,0.6219709099821717,11,11,1.7828804950300252,up,0.8130386900789816
GO:0070633,Transepithelial Transport,0.6238419514320719,18,18,2.3407733708947176,up,0.8146726249367524
GO:0099601,Regulation of Neurotransmitter Receptor Activity,0.6236533692447424,16,16,0.09623532968747389,down,0.8146726249367524
GO:0008611,Ether Lipid Biosynthetic Process,0.6245845139478945,10,10,0.7719957226169543,down,0.8147066069125308
GO:0003197,Endocardial Cushion Development,0.6242420820256984,19,19,1.941372350389687,up,0.8147066069125308
GO:0090263,Positive Regulation of Canonical Wnt Signaling Pathway,0.6245357400566218,87,87,2.1294252793789057,up,0.8147066069125308
GO:0048169,Regulation of Long-Term Neuronal Synaptic Plasticity,0.6251115334567136,11,11,1.4344737721505418,up,0.8150823549773891
GO:1901201,Regulation of Extracellular Matrix Assembly,0.6264471027560303,10,10,2.0057703906794684,up,0.8165116803595031
GO:0043922,Negative Regulation by Host of Viral Transcription,0.6277803349907172,13,13,0.1361927633366566,down,0.8176055558441148
GO:0051241,Negative Regulation of Multicellular Organismal Process,0.6275759475649549,229,229,1.1830246062830696,down,0.8176055558441148
GO:0014020,Primary Neural Tube Formation,0.6280362804417774,28,28,0.32890562392132083,down,0.8176055558441148
GO:0061025,Membrane Fusion,0.6282451368711301,26,26,2.044751694176724,up,0.8176055558441148
GO:0060392,Negative Regulation of SMAD Protein Signal Transduction,0.62938003953836,21,21,0.9163146591073872,down,0.8183487578766264
GO:0032479,Regulation of Type I Interferon Production,0.6291786083839873,65,65,1.6721770003436542,up,0.8183487578766264
GO:0170036,Import Into the Mitochondrion,0.6295359544615268,42,42,2.1903139585364793,up,0.8183487578766264
GO:0032728,Positive Regulation of Interferon-Beta Production,0.6306978867517565,37,37,0.8011067983097309,down,0.8189273600464829
GO:0001570,Vasculogenesis,0.6318829329092561,32,32,1.4265531377663687,up,0.8189273600464829
GO:1900746,Regulation of Vascular Endothelial Growth Factor Signaling Pathway,0.6321418173563147,25,25,2.21155992133897,up,0.8189273600464829
GO:0022011,Myelination in Peripheral Nervous System,0.6318962000725377,11,11,0.6157413327400808,down,0.8189273600464829
GO:1903131,Mononuclear Cell Differentiation,0.6313612507570927,42,42,0.8503094908489923,down,0.8189273600464829
GO:0032570,Response to Progesterone,0.6305219097835371,11,11,0.6215751254532533,down,0.8189273600464829
GO:0051402,Neuron Apoptotic Process,0.6315462361341762,22,22,-0.28149696267294333,down,0.8189273600464829
GO:1901293,Nucleoside Phosphate Biosynthetic Process,0.6312579588789193,18,18,2.8446094985077695,up,0.8189273600464829
GO:0095500,Acetylcholine Receptor Signaling Pathway,0.6320678331890917,25,25,1.5378897323629737,up,0.8189273600464829
GO:1900006,Positive Regulation of Dendrite Development,0.6330858022203398,11,11,1.2584254185238424,up,0.8195957903304258
GO:0031641,Regulation of Myelination,0.6333786289390215,27,27,1.014633670949171,down,0.8195957903304258
GO:0016338,Calcium-Independent Cell-Cell Adhesion via Plasma Membrane Cell-Adhesion Molecules,0.6332223189016866,17,17,1.3645591096972678,up,0.8195957903304258
GO:0051918,Negative Regulation of Fibrinolysis,0.6336809595782642,11,11,-1.4062444070278062,down,0.8196760535159117
GO:0019730,Antimicrobial Humoral Response,0.6345184895076332,95,95,1.506076375101392,up,0.8204482819221142
GO:0003351,Epithelial Cilium Movement Involved in Extracellular Fluid Movement,0.6355954162337193,19,19,1.797517708300182,up,0.8215293538360048
GO:0022408,Negative Regulation of Cell-Cell Adhesion,0.6361370629694962,37,37,0.8574787451816707,down,0.8219180006776332
GO:0034142,Toll-Like Receptor 4 Signaling Pathway,0.6382272790487685,28,28,0.8132915772167701,down,0.8237104015299055
GO:0001755,Neural Crest Cell Migration,0.6382487807808679,34,34,0.7953606981339453,down,0.8237104015299055
GO:0046474,Glycerophospholipid Biosynthetic Process,0.6382112730728556,108,108,0.9188609963602071,down,0.8237104015299055
GO:1903428,Positive Regulation of Reactive Oxygen Species Biosynthetic Process,0.6387093274494842,12,12,2.7875490069923377,up,0.8239930090507529
GO:0009301,snRNA Transcription,0.6392442700396872,13,13,0.2994696467137813,down,0.8240952629647619
GO:1901020,Negative Regulation of Calcium Ion Transmembrane Transporter Activity,0.6392717871019524,16,16,0.679694243819507,down,0.8240952629647619
GO:0061035,Regulation of Cartilage Development,0.6395793697950773,17,17,1.521266690935027,up,0.8241802910355153
GO:2001135,Regulation of Endocytic Recycling,0.6401032981225455,13,13,2.2251123190943822,up,0.8245439387824783
GO:0048699,Generation of Neurons,0.6411810535029288,157,157,0.9621586720891716,down,0.824773961514423
GO:0040017,Positive Regulation of Locomotion,0.6416515362710888,31,31,1.625447693537111,up,0.824773961514423
GO:0043470,Regulation of Carbohydrate Catabolic Process,0.6431653488428907,13,13,1.7828804950300252,up,0.824773961514423
GO:0030334,Regulation of Cell Migration,0.642252048682895,450,450,1.3338721280908667,up,0.824773961514423
GO:0048663,Neuron Fate Commitment,0.6428065768765554,14,14,1.1583932000009822,down,0.824773961514423
GO:1904892,Regulation of Receptor Signaling Pathway via STAT,0.6429784585466412,18,18,0.7830935817586047,down,0.824773961514423
GO:0002693,Positive Regulation of Cellular Extravasation,0.643183446974015,12,12,2.233761862614203,up,0.824773961514423
GO:0030336,Negative Regulation of Cell Migration,0.6409139949727094,176,176,1.5266038781439817,up,0.824773961514423
GO:0010770,Positive Regulation of Cell Morphogenesis,0.6425706524076267,10,10,1.368877407421062,up,0.824773961514423
GO:0071467,Cellular Response to pH,0.6426775546296993,17,17,0.5533822169909414,down,0.824773961514423
GO:0015693,Magnesium Ion Transport,0.6408552766881566,12,12,1.9739086650878468,up,0.824773961514423
GO:0022010,Central Nervous System Myelination,0.6416264530809394,11,11,0.2499545052608809,down,0.824773961514423
GO:0090313,Regulation of Protein Targeting to Membrane,0.6436968817858455,23,23,0.7243510899084135,down,0.8251221585011346
GO:0003254,Regulation of Membrane Depolarization,0.6457216288831857,17,17,-0.5005303902065773,down,0.8264752255611807
GO:0034332,Adherens Junction Organization,0.6454655578304302,34,34,1.8903586071431615,up,0.8264752255611807
GO:0045724,Positive Regulation of Cilium Assembly,0.645637625337643,24,24,2.0427121218969733,up,0.8264752255611807
GO:0044344,Cellular Response to Fibroblast Growth Factor Stimulus,0.6455138163050542,48,48,0.6603162835362433,down,0.8264752255611807
GO:0030225,Macrophage Differentiation,0.6462275614841287,22,22,0.8562112947232032,down,0.8268125327165653
GO:0010720,Positive Regulation of Cell Development,0.6468602575375645,26,26,1.2333561074736608,up,0.8273117129586173
GO:0086004,Regulation of Cardiac Muscle Cell Contraction,0.6482892026988801,23,23,2.0677224943889114,up,0.8274373326129334
GO:0007160,Cell-Matrix Adhesion,0.6484154217486823,105,105,1.8439240271952573,up,0.8274373326129334
GO:0001937,Negative Regulation of Endothelial Cell Proliferation,0.6487929011644101,35,35,1.0955950155337717,down,0.8274373326129334
GO:0055003,Cardiac Myofibril Assembly,0.6482016201624194,13,13,1.700142165912236,up,0.8274373326129334
GO:2001169,Regulation of ATP Biosynthetic Process,0.647396821373748,11,11,3.600465147812609,up,0.8274373326129334
GO:0030326,Embryonic Limb Morphogenesis,0.6476676670439492,33,33,1.3023883291807157,up,0.8274373326129334
GO:0072132,Mesenchyme Morphogenesis,0.648236171072212,13,13,1.941372350389687,up,0.8274373326129334
GO:0001773,Myeloid Dendritic Cell Activation,0.6488991101552615,11,11,0.6076705925810927,down,0.8274373326129334
GO:0006911,"Phagocytosis, Engulfment",0.6520208886590351,26,26,1.6203298597331142,up,0.8276428089156989
GO:0051127,Positive Regulation of Actin Nucleation,0.6519793934417772,10,10,2.02188964428272,up,0.8276428089156989
GO:0015919,Peroxisomal Membrane Transport,0.6514641834315626,17,17,1.1955635495197985,down,0.8276428089156989
GO:0030041,Actin Filament Polymerization,0.6503069674736308,26,26,0.1349559693857865,down,0.8276428089156989
GO:0051209,Release of Sequestered Calcium Ion Into Cytosol,0.6515673214557016,40,40,0.20408213965924155,down,0.8276428089156989
GO:1903599,Positive Regulation of Autophagy of Mitochondrion,0.6498994964770098,15,15,2.0745835290883554,up,0.8276428089156989
GO:0002755,MyD88-dependent Toll-Like Receptor Signaling Pathway,0.6493610194369184,12,12,0.6184592427812664,down,0.8276428089156989
GO:0045006,DNA Deamination,0.6515315529053631,11,11,0.6029833119669015,down,0.8276428089156989
GO:0006665,Sphingolipid Metabolic Process,0.6521807884421469,75,75,1.326781058027814,up,0.8276428089156989
GO:0035051,Cardiocyte Differentiation,0.6522145618192314,13,13,0.4372471450949252,down,0.8276428089156989
GO:0055075,Potassium Ion Homeostasis,0.6509839362482741,22,22,0.6116645664640841,down,0.8276428089156989
GO:0007286,Spermatid Development,0.652000735897434,53,53,0.7389530902496816,down,0.8276428089156989
GO:0043112,Receptor Metabolic Process,0.6506114133902252,22,22,2.562100950042704,up,0.8276428089156989
GO:0003171,Atrioventricular Valve Development,0.652891648315998,12,12,0.8016157467972895,down,0.8281939056920301
GO:0033623,Regulation of Integrin Activation,0.6537609070984464,14,14,1.5148552778092754,up,0.8289882729043868
GO:0001667,Ameboidal-Type Cell Migration,0.6550527354066608,19,19,0.699315049508139,down,0.829419198834246
GO:0061008,Hepaticobiliary System Development,0.6546072547492634,22,22,0.6292705827820186,down,0.829419198834246
GO:0099622,Cardiac Muscle Cell Membrane Repolarization,0.655073386590284,11,11,1.3912778498885032,up,0.829419198834246
GO:0016075,rRNA Catabolic Process,0.6546400768114962,15,15,0.6199549777897343,down,0.829419198834246
GO:1900117,Regulation of Execution Phase of Apoptosis,0.6556092635008728,15,15,3.622932584451767,up,0.8297896837853348
GO:0060632,Regulation of Microtubule-Based Movement,0.6599872990285895,14,14,2.2854024338991272,up,0.8337158947731341
GO:0010559,Regulation of Glycoprotein Biosynthetic Process,0.6592609759596946,10,10,-0.5073929823794162,down,0.8337158947731341
GO:0001654,Eye Development,0.6604222655165666,49,49,1.2743141328351637,up,0.8337158947731341
GO:0032205,Negative Regulation of Telomere Maintenance,0.6603299309110202,17,17,2.368197203352222,up,0.8337158947731341
GO:0003208,Cardiac Ventricle Morphogenesis,0.6596629461260378,35,35,1.5075316804729275,up,0.8337158947731341
GO:0046209,Nitric Oxide Metabolic Process,0.6591193303295539,20,20,2.0639914811115005,up,0.8337158947731341
GO:0045761,Regulation of Adenylate Cyclase Activity,0.659786076728466,14,14,0.7738426070101075,down,0.8337158947731341
GO:0071300,Cellular Response to Retinoic Acid,0.6616637210464263,38,38,0.839046083598346,down,0.8349740852716835
GO:0032480,Negative Regulation of Type I Interferon Production,0.6619307915472787,40,40,0.07404394585496285,down,0.8350021930354171
GO:2001234,Negative Regulation of Apoptotic Signaling Pathway,0.6636692839521205,72,72,1.3504327142457244,up,0.8365764699041697
GO:0017015,Regulation of Transforming Growth Factor Beta Receptor Signaling Pathway,0.6636174907142478,115,115,0.5603032612149129,down,0.8365764699041697
GO:0046520,Sphingoid Biosynthetic Process,0.6656651171603829,14,14,2.4692338537857315,up,0.8384725681809697
GO:0046512,Sphingosine Biosynthetic Process,0.6656651171603829,14,14,2.4692338537857315,up,0.8384725681809697
GO:0150118,Negative Regulation of Cell-Substrate Junction Organization,0.6662373279306443,14,14,0.07881310112552,down,0.8385739946758035
GO:0051895,Negative Regulation of Focal Adhesion Assembly,0.6662373279306443,14,14,0.07881310112552,down,0.8385739946758035
GO:0000423,Mitophagy,0.6680513493340051,45,45,1.401104721077293,up,0.8405470868971935
GO:0050767,Regulation of Neurogenesis,0.6697204856415455,59,59,1.2743141328351637,up,0.8410959412825153
GO:1902894,Negative Regulation of miRNA Transcription,0.6690519080909447,25,25,1.99811424044719,up,0.8410959412825153
GO:0051240,Positive Regulation of Multicellular Organismal Process,0.6695298171501607,362,362,1.200101568211619,down,0.8410959412825153
GO:0007029,Endoplasmic Reticulum Organization,0.6691997789788529,54,54,1.9128028118750793,up,0.8410959412825153
GO:0140588,Chromatin Looping,0.6696983066860347,11,11,2.2132605699662045,up,0.8410959412825153
GO:0098927,Vesicle-Mediated Transport Between Endosomal Compartments,0.6712167738568009,26,26,0.9724173604111427,down,0.8412246041397056
GO:0035023,Regulation of Rho Protein Signal Transduction,0.6717189577833734,72,72,1.3197849503379513,up,0.8412246041397056
GO:1903351,Cellular Response to Dopamine,0.6702040580613953,10,10,1.2732326041108992,up,0.8412246041397056
GO:2000114,Regulation of Establishment of Cell Polarity,0.6720425230960708,15,15,-0.2562660370214406,down,0.8412246041397056
GO:0048172,Regulation of Short-Term Neuronal Synaptic Plasticity,0.6714877861873711,11,11,2.325984158880728,up,0.8412246041397056
GO:1903050,Regulation of Proteolysis Involved in Protein Catabolic Process,0.6718860539042737,26,26,1.966790913245493,up,0.8412246041397056
GO:0010656,Negative Regulation of Muscle Cell Apoptotic Process,0.6704844577354299,14,14,1.533996473649261,up,0.8412246041397056
GO:0003176,Aortic Valve Development,0.6719310371763181,38,38,0.4491713846398787,down,0.8412246041397056
GO:0046471,Phosphatidylglycerol Metabolic Process,0.6715638716315215,20,20,1.3002818651059553,up,0.8412246041397056
GO:0070849,Response to Epidermal Growth Factor,0.6724160789563898,30,30,0.6736621742185581,down,0.8413834355540152
GO:0046847,Filopodium Assembly,0.673610586496969,16,16,2.5960214687482424,up,0.8425690174335025
GO:0032148,Activation of Protein Kinase B Activity,0.6743097066815977,12,12,0.5067532453768416,down,0.8431343143295198
GO:0035924,Cellular Response to Vascular Endothelial Growth Factor Stimulus,0.674738543753049,36,36,1.2802495241073168,up,0.8433613678056614
GO:1904706,Negative Regulation of Vascular Associated Smooth Muscle Cell Proliferation,0.6757309958498414,16,16,0.2858994926670072,down,0.8436743875709404
GO:0090023,Positive Regulation of Neutrophil Chemotaxis,0.675647794340756,19,19,0.6371131813396802,down,0.8436743875709404
GO:0030512,Negative Regulation of Transforming Growth Factor Beta Receptor Signaling Pathway,0.6755657051206615,82,82,0.6040692691967913,down,0.8436743875709404
GO:0046475,Glycerophospholipid Catabolic Process,0.6769263487269648,26,26,1.9360138326386878,up,0.8448575834276169
GO:0071404,Cellular Response to Low-Density Lipoprotein Particle Stimulus,0.6777062187007763,25,25,3.1278525370706203,up,0.8454547493172053
GO:0097191,Extrinsic Apoptotic Signaling Pathway,0.6779005392502365,68,68,1.610206996442652,up,0.8454547493172053
GO:1900029,Positive Regulation of Ruffle Assembly,0.678166914447863,10,10,0.2484000620699801,down,0.8454778308412503
GO:0038084,Vascular Endothelial Growth Factor Signaling Pathway,0.6788407007179702,14,14,1.1571316503747546,down,0.8455064240295905
GO:0032757,Positive Regulation of Interleukin-8 Production,0.6785113567143052,59,59,0.9571920942254898,down,0.8455064240295905
GO:0046324,Regulation of D-glucose Import,0.6789334785743326,35,35,0.5915814501929109,down,0.8455064240295905
GO:0061157,mRNA Destabilization,0.6798579641400684,51,51,1.0788627413099636,down,0.8458502762499257
GO:0002281,Macrophage Activation Involved in Immune Response,0.6795059806841858,11,11,2.3315730533052714,up,0.8458502762499257
GO:0061436,Establishment of Skin Barrier,0.6799535202220159,18,18,0.3393489671771769,down,0.8458502762499257
GO:0036151,Phosphatidylcholine Acyl-Chain Remodeling,0.6815687187995076,13,13,0.7688219017320419,down,0.8460083332696945
GO:0030948,Negative Regulation of Vascular Endothelial Growth Factor Receptor Signaling Pathway,0.6814586403038279,10,10,0.6486720118544963,down,0.8460083332696945
GO:0050999,Regulation of Nitric-Oxide Synthase Activity,0.6814198747430771,14,14,1.3447863864858376,up,0.8460083332696945
GO:0033146,Regulation of Intracellular Estrogen Receptor Signaling Pathway,0.6806849561164496,26,26,1.484090904096459,up,0.8460083332696945
GO:0051147,Regulation of Muscle Cell Differentiation,0.6804052981445887,23,23,0.7094927905487961,down,0.8460083332696945
GO:0030239,Myofibril Assembly,0.6812270022377973,46,46,1.2073464277649284,up,0.8460083332696945
GO:0002690,Positive Regulation of Leukocyte Chemotaxis,0.682006768146256,52,52,0.9989727488247204,down,0.8462441200970824
GO:0043243,Positive Regulation of Protein-Containing Complex Disassembly,0.6842493517405169,13,13,-0.6283112879681886,down,0.8473512047178571
GO:0009165,Nucleotide Biosynthetic Process,0.6843973456028669,16,16,1.8791595029119268,up,0.8473512047178571
GO:0045859,Regulation of Protein Kinase Activity,0.6851272076180848,81,81,1.223926858879774,up,0.8473512047178571
GO:0043434,Response to Peptide Hormone,0.683261377200485,49,49,0.7803949146652013,down,0.8473512047178571
GO:0032930,Positive Regulation of Superoxide Anion Generation,0.6838246409923282,16,16,1.7371395161567689,up,0.8473512047178571
GO:0008610,Lipid Biosynthetic Process,0.6843284603709731,87,87,1.6031801449400331,up,0.8473512047178571
GO:0060048,Cardiac Muscle Contraction,0.6849527014457377,30,30,1.5070555378456816,up,0.8473512047178571
GO:0006139,Nucleobase-Containing Compound Metabolic Process,0.6853831644141213,35,35,1.942655492308724,up,0.8473512047178571
GO:0032928,Regulation of Superoxide Anion Generation,0.6838246409923282,16,16,1.7371395161567689,up,0.8473512047178571
GO:0150117,Positive Regulation of Cell-Substrate Junction Organization,0.6852383211376678,22,22,1.9518644674209025,up,0.8473512047178571
GO:0009968,Negative Regulation of Signal Transduction,0.6861322599725856,261,261,0.84482624875453,down,0.8473826147577386
GO:0098916,Anterograde Trans-Synaptic Signaling,0.6862490153334074,151,151,1.2120723038653225,up,0.8473826147577386
GO:0090100,+ Reg of Transmembrane Receptor Prot Serine/Threonine Kinase Sgnlng Pway,0.6864022763341049,79,79,0.5603032612149129,down,0.8473826147577386
GO:0045953,Negative Regulation of Natural Killer Cell Mediated Cytotoxicity,0.6863203967049576,20,20,1.0613748995814536,down,0.8473826147577386
GO:0060143,Positive Regulation of Syncytium Formation by Plasma Membrane Fusion,0.6876411054519135,13,13,1.4526529014223504,up,0.8486048519162361
GO:0090497,Mesenchymal Cell Migration,0.6884355869669145,31,31,0.8961421271394694,down,0.8492780423667796
GO:0006595,Polyamine Metabolic Process,0.689683347708738,12,12,1.5834364903870228,up,0.8505097248859382
GO:0038127,ERBB Signaling Pathway,0.6914978388610068,55,55,0.699315049508139,down,0.8511910510252493
GO:0021954,Central Nervous System Neuron Development,0.6907557458866298,13,13,1.3177034975000863,up,0.8511910510252493
GO:0090158,Endoplasmic Reticulum Membrane Organization,0.6914104483902923,10,10,0.6614528009534819,down,0.8511910510252493
GO:0030517,Negative Regulation of Axon Extension,0.6917330968754005,15,15,0.8961421271394694,down,0.8511910510252493
GO:0030949,Positive Regulation of Vascular Endothelial Growth Factor Receptor Signaling Pathway,0.6916398338513946,11,11,1.7828804950300252,up,0.8511910510252493
GO:2000630,Positive Regulation of miRNA Metabolic Process,0.6915242396629481,52,52,1.0170539959995226,down,0.8511910510252493
GO:0062098,Regulation of Programmed Necrotic Cell Death,0.6920251322580004,11,11,1.442737990909003,up,0.8512433199177929
GO:0010884,Positive Regulation of Lipid Storage,0.6933836535451173,15,15,-1.2320676871926537,down,0.8521676630328896
GO:0045662,Negative Regulation of Myoblast Differentiation,0.6942755601197304,15,15,1.2465070254669957,up,0.8521676630328896
GO:1904018,Positive Regulation of Vasculature Development,0.6941817722879767,104,104,1.4793646382618713,up,0.8521676630328896
GO:0030857,Negative Regulation of Epithelial Cell Differentiation,0.6939995415577923,12,12,-0.08779903143873051,down,0.8521676630328896
GO:0007212,G Protein-Coupled Dopamine Receptor Signaling Pathway,0.6931744555095999,14,14,3.0670912244918282,up,0.8521676630328896
GO:0032401,Establishment of Melanosome Localization,0.6936490734149188,16,16,0.9416120675595363,down,0.8521676630328896
GO:0007589,Body Fluid Secretion,0.6945700972483033,11,11,1.36625561519223,up,0.8522225186021448
GO:0048701,Embryonic Cranial Skeleton Morphogenesis,0.6963647537145494,12,12,2.0416490517791774,up,0.8531969019110375
GO:0043001,Golgi to Plasma Membrane Protein Transport,0.6962681315988284,31,31,2.563664672506971,up,0.8531969019110375
GO:0035418,Protein Localization to Synapse,0.6959211924738773,16,16,1.6967678262112569,up,0.8531969019110375
GO:0034163,Regulation of Toll-Like Receptor 9 Signaling Pathway,0.6962242707808373,10,10,-0.10915912443086107,down,0.8531969019110375
GO:0006909,Phagocytosis,0.6969579804476554,68,68,1.1516129995727162,down,0.8533107219335795
GO:0045762,Positive Regulation of Adenylate Cyclase Activity,0.6967585178105294,17,17,1.3634625692594315,up,0.8533107219335795
GO:0032092,Positive Regulation of Protein Binding,0.6974696069275266,38,38,1.2632059545653636,up,0.853630724517328
GO:0048844,Artery Morphogenesis,0.697800784451717,29,29,1.3023883291807157,up,0.853729725884077
GO:1900102,Negative Regulation of Endoplasmic Reticulum Unfolded Protein Response,0.6986653635329657,18,18,1.1647605509659171,down,0.8544810164972916
GO:0014002,Astrocyte Development,0.6989401507250377,15,15,0.9245764733053664,down,0.8545107004025461
GO:0098655,Monoatomic Cation Transmembrane Transport,0.6993600962013737,263,263,0.7263422232192083,down,0.8545193287041626
GO:1903078,Positive Regulation of Protein Localization to Plasma Membrane,0.6994482456001236,55,55,1.0225495212865152,down,0.8545193287041626
GO:0045723,Positive Regulation of Fatty Acid Biosynthetic Process,0.7005225820171992,13,13,-0.2115124561787315,down,0.8555254304549468
GO:0046597,Host-Mediated Suppression of Symbiont Invasion,0.7009645828442242,18,18,0.9828894038920692,down,0.8557588375381706
GO:1901186,Positive Regulation of ERBB Signaling Pathway,0.7015137379721279,24,24,2.113551956790052,up,0.8561228480225146
GO:0008045,Motor Neuron Axon Guidance,0.7017714251069893,12,12,2.4016704587131144,up,0.8561310196852434
GO:0072332,Intrinsic Apoptotic Signaling Pathway by P53 Class Mediator,0.703828795706868,36,36,1.7708869959577656,up,0.8564966186786039
GO:0051205,Protein Insertion Into Membrane,0.7030254936356816,19,19,1.1561840637825596,down,0.8564966186786039
GO:0010894,Negative Regulation of Steroid Biosynthetic Process,0.7033256582700058,10,10,0.6138990951509493,down,0.8564966186786039
GO:0070198,"Protein Localization to Chromosome, Telomeric Region",0.7036228854862133,13,13,2.185210486813233,up,0.8564966186786039
GO:0006047,UDP-N-acetylglucosamine Metabolic Process,0.7030004525760984,10,10,1.8904619740991464,up,0.8564966186786039
GO:0031346,Positive Regulation of Cell Projection Organization,0.7026164650297761,110,110,1.6531385293352887,up,0.8564966186786039
GO:0010633,Negative Regulation of Epithelial Cell Migration,0.7038012142428794,13,13,4.048527679688316,up,0.8564966186786039
GO:0032753,Positive Regulation of Interleukin-4 Production,0.7042945288016289,17,17,0.5015981817685496,down,0.8567577167412112
GO:0002495,Antigen Processing and Presentation of Peptide Antigen via MHC Class II,0.7048737328822066,25,25,0.7781464103671251,down,0.8571566142107688
GO:0050731,Positive Regulation of Peptidyl-Tyrosine Phosphorylation,0.7052417117444008,55,55,0.9163146591073872,down,0.8572984600000538
GO:2000677,Regulation of Transcription Regulatory Region DNA Binding,0.7057927596107165,17,17,1.4798105991973014,up,0.8573270115187241
GO:0006694,Steroid Biosynthetic Process,0.7065219083492036,25,25,1.901064124116076,up,0.8573270115187241
GO:0031529,Ruffle Organization,0.7056160104397655,16,16,1.6570053503434836,up,0.8573270115187241
GO:0051099,Positive Regulation of Binding,0.7064304285841694,64,64,1.2790826935995985,up,0.8573270115187241
GO:0030836,Positive Regulation of Actin Filament Depolymerization,0.7063770944203227,10,10,0.620525207260118,down,0.8573270115187241
GO:0009792,Embryo Development Ending in Birth or Egg Hatching,0.7071023867888235,14,14,1.6156037642118342,up,0.8574928649244999
GO:0072663,Establishment of Protein Localization to Peroxisome,0.7071613688163643,16,16,1.3198250346680087,up,0.8574928649244999
GO:0032231,Regulation of Actin Filament Bundle Assembly,0.707862065354915,25,25,1.0688943800723243,down,0.8577326838101652
GO:0030149,Sphingolipid Catabolic Process,0.7078294469584431,29,29,1.9685530679388876,up,0.8577326838101652
GO:0046479,Glycosphingolipid Catabolic Process,0.7095878304581111,13,13,1.9685530679388876,up,0.8580571261124962
GO:0021545,Cranial Nerve Development,0.7084340100727299,11,11,1.8982445590588413,up,0.8580571261124962
GO:0072112,Podocyte Differentiation,0.7096391535512612,11,11,0.699315049508139,down,0.8580571261124962
GO:2000303,Regulation of Ceramide Biosynthetic Process,0.7090662698696844,10,10,1.3934140594618607,up,0.8580571261124962
GO:0060840,Artery Development,0.7088854360852406,23,23,2.21155992133897,up,0.8580571261124962
GO:0044087,Regulation of Cellular Component Biogenesis,0.7092836552989917,36,36,1.4127759002990443,up,0.8580571261124962
GO:0007141,Male Meiosis I,0.7099842174807397,12,12,0.37863528935804835,down,0.8581701508953945
GO:0048821,Erythrocyte Development,0.710249027089388,10,10,-0.8200539210698836,down,0.8581861251866463
GO:0061028,Establishment of Endothelial Barrier,0.710712762700875,28,28,1.3951147536797706,up,0.8584423631631319
GO:0010587,miRNA Catabolic Process,0.7120448880002905,10,10,0.995037017179554,down,0.8597469426438906
GO:0032926,Negative Regulation of Activin Receptor Signaling Pathway,0.713343710669922,14,14,1.0793469377402254,down,0.8610104023691096
GO:0036294,Cellular Response to Decreased Oxygen Levels,0.71466990691832,76,76,0.8146452776406543,down,0.8622151444125367
GO:0032878,Regulation of Establishment or Maintenance of Cell Polarity,0.7151001593500634,16,16,0.24579323743502995,down,0.8622151444125367
GO:0086002,Cardiac Muscle Cell Action Potential Involved in Contraction,0.7150571910792889,35,35,0.2087606978024152,down,0.8622151444125367
GO:0030218,Erythrocyte Differentiation,0.715402164687077,44,44,0.5384403595917473,down,0.8622744818896182
GO:0034111,Negative Regulation of Homotypic Cell-Cell Adhesion,0.717080324062352,11,11,0.7858770926682934,down,0.8639918704968854
GO:0008645,Hexose Transmembrane Transport,0.7196946894904839,20,20,1.1313388337347994,down,0.8667336326942772
GO:0032024,Positive Regulation of Insulin Secretion,0.7200062832016265,35,35,1.1873688894116108,down,0.8667336326942772
GO:0032413,Negative Regulation of Ion Transmembrane Transporter Activity,0.7201181809016657,16,16,1.1093930800247453,down,0.8667336326942772
GO:0006476,Protein Deacetylation,0.7212471347331295,13,13,1.775133286502072,up,0.8677862351233527
GO:0003161,Cardiac Conduction System Development,0.7231471719879837,20,20,0.5140012075415727,down,0.869765516096972
GO:0090335,Regulation of Brown Fat Cell Differentiation,0.7242077305277957,15,15,1.5420251160934464,up,0.8704272617442957
GO:0062014,Negative Regulation of Small Molecule Metabolic Process,0.7239682056007389,31,31,0.7276693789547368,down,0.8704272617442957
GO:0006940,Regulation of Smooth Muscle Contraction,0.7248234048681673,16,16,0.4872359461297764,down,0.87055374436807
GO:0043123,Positive Regulation of Canonical NF-kappaB Signal Transduction,0.7247098261939333,197,197,1.3355684008940354,up,0.87055374436807
GO:0045786,Negative Regulation of Cell Cycle,0.7259210979623956,78,78,0.6221211819870947,down,0.8706843849276195
GO:0098911,Regulation of Ventricular Cardiac Muscle Cell Action Potential,0.7253997800593963,10,10,1.4837821173234653,up,0.8706843849276195
GO:0008207,C21-steroid Hormone Metabolic Process,0.7259532074858251,14,14,0.9964154899184783,down,0.8706843849276195
GO:0016310,Phosphorylation,0.7259210859066965,290,290,0.9540588807977375,down,0.8706843849276195
GO:0051893,Regulation of Focal Adhesion Assembly,0.7265655912425604,52,52,1.833221467988317,up,0.8711125594827323
GO:0050918,Positive Chemotaxis,0.7272957142078282,15,15,2.21155992133897,up,0.8716815464381245
GO:0042953,Lipoprotein Transport,0.7304400523826803,14,14,1.3296675836872929,up,0.8743522059032649
GO:0001934,Positive Regulation of Protein Phosphorylation,0.7302326802856405,160,160,1.249481837721002,up,0.8743522059032649
GO:0045933,Positive Regulation of Muscle Contraction,0.7305104891731691,11,11,0.6526274121864193,down,0.8743522059032649
GO:0030007,Intracellular Potassium Ion Homeostasis,0.7305493365066857,13,13,0.901971067287924,down,0.8743522059032649
GO:0050818,Regulation of Coagulation,0.7340570391521507,13,13,0.9571920942254898,down,0.8773190471436532
GO:0046636,Negative Regulation of Alpha-Beta T Cell Activation,0.7337998166016679,10,10,1.577671307358572,up,0.8773190471436532
GO:0001936,Regulation of Endothelial Cell Proliferation,0.7339999600314466,83,83,1.8999932480345,up,0.8773190471436532
GO:0034204,Lipid Translocation,0.7337203107329903,23,23,0.2730989733570167,down,0.8773190471436532
GO:0034312,Diol Biosynthetic Process,0.7354018362589864,18,18,1.3906137880099925,up,0.8783288694970817
GO:1904707,Positive Regulation of Vascular Associated Smooth Muscle Cell Proliferation,0.7359319580834534,20,20,-0.08996125821392481,down,0.8783288694970817
GO:0010669,Epithelial Structure Maintenance,0.7356691056897472,20,20,0.8162204310479537,down,0.8783288694970817
GO:1902548,Negative Regulation of Cellular Response to Vascular Endothelial Growth Factor Stimulus,0.7357265695466494,12,12,3.0142595993317354,up,0.8783288694970817
GO:0060765,Regulation of Androgen Receptor Signaling Pathway,0.7376075916547014,29,29,1.2179976902959548,up,0.8792094703004517
GO:0072583,Clathrin-Dependent Endocytosis,0.7381175111727089,29,29,0.7992913752315428,down,0.8792094703004517
GO:0008306,Associative Learning,0.7382163362475795,16,16,1.0742516660925703,down,0.8792094703004517
GO:0045862,Positive Regulation of Proteolysis,0.7370945420820774,49,49,0.8771687615498847,down,0.8792094703004517
GO:1900048,Positive Regulation of Hemostasis,0.7372266857162835,10,10,1.6891056177422523,up,0.8792094703004517
GO:0090109,Regulation of Cell-Substrate Junction Assembly,0.7377915099580654,21,21,1.692169013502835,up,0.8792094703004517
GO:0002474,Antigen Processing and Presentation of Peptide Antigen via MHC Class I,0.7407716420583104,19,19,0.7978539002664049,down,0.879776871974473
GO:1900026,Positive Regulation of Substrate Adhesion-Dependent Cell Spreading,0.7398906134293498,34,34,2.355010581901327,up,0.879776871974473
GO:0000425,Pexophagy,0.7413134635636718,15,15,1.6461813887228582,up,0.879776871974473
GO:0061014,Positive Regulation of mRNA Catabolic Process,0.7422746830865203,45,45,1.0788627413099636,down,0.879776871974473
GO:0034394,Protein Localization to Cell Surface,0.7392237434662451,23,23,1.819901038740097,up,0.879776871974473
GO:0030242,Autophagy of Peroxisome,0.7413134635636718,15,15,1.6461813887228582,up,0.879776871974473
GO:1903671,Negative Regulation of Sprouting Angiogenesis,0.7401151400916447,11,11,-0.5562320328783092,down,0.879776871974473
GO:0010460,Positive Regulation of Heart Rate,0.7420331491570941,13,13,2.0677224943889114,up,0.879776871974473
GO:1901381,Positive Regulation of Potassium Ion Transmembrane Transport,0.7394682950312763,18,18,1.707499527453597,up,0.879776871974473
GO:1904862,Inhibitory Synapse Assembly,0.7422728937823502,16,16,0.6085632685218852,down,0.879776871974473
GO:0070536,Protein K63-linked Deubiquitination,0.7411556764628713,22,22,1.5566275455350125,up,0.879776871974473
GO:0045216,Cell-Cell Junction Organization,0.7397459599109134,62,62,1.437549545682758,up,0.879776871974473
GO:2000145,Regulation of Cell Motility,0.740791750582651,114,114,0.6847594141296114,down,0.879776871974473
GO:0045619,Regulation of Lymphocyte Differentiation,0.7423036756207955,19,19,-0.7152585293564304,down,0.879776871974473
GO:0043405,Regulation of MAP Kinase Activity,0.7428477588736777,66,66,1.6985966329872215,up,0.8798237107161793
GO:1901223,Negative Regulation of Non-Canonical NF-kappaB Signal Transduction,0.7428590697339772,22,22,0.726769998002742,down,0.8798237107161793
GO:0007218,Neuropeptide Signaling Pathway,0.743532978792947,44,44,0.24142808557778922,down,0.8803162064084493
GO:0001656,Metanephros Development,0.7439333131475463,21,21,2.7038618238802283,up,0.8804845701409717
GO:0014032,Neural Crest Cell Development,0.7444201707441437,42,42,1.3028626840063091,up,0.8807551864059223
GO:0048713,Regulation of Oligodendrocyte Differentiation,0.7451024129777918,15,15,0.1296616397658599,down,0.8808631615953277
GO:0034331,Cell Junction Maintenance,0.74486542178871,15,15,0.6772053625781046,down,0.8808631615953277
GO:0032412,Regulation of Monoatomic Ion Transmembrane Transporter Activity,0.7455545964372965,34,34,1.3191453259668,up,0.8808631615953277
GO:0070193,Synaptonemal Complex Organization,0.7458026416556162,11,11,0.5756814153175689,down,0.8808631615953277
GO:0007130,Synaptonemal Complex Assembly,0.7458026416556162,11,11,0.5756814153175689,down,0.8808631615953277
GO:0050921,Positive Regulation of Chemotaxis,0.7461074021976427,45,45,2.21155992133897,up,0.8808980888333325
GO:0050864,Regulation of B Cell Activation,0.7463487178916245,24,24,0.6695571836924503,down,0.8808980888333325
GO:0036159,Inner Dynein Arm Assembly,0.7466138578205557,13,13,0.7319364108397329,down,0.8809062155053322
GO:1903427,Negative Regulation of Reactive Oxygen Species Biosynthetic Process,0.7488669658046914,10,10,0.6995378371078712,down,0.8832590665144545
GO:0043518,"Negative Regulation of DNA Damage Response, Signal Transduction by P53 Class Mediator",0.750474423343958,13,13,1.27503681656223,up,0.8839577635910598
GO:0060349,Bone Morphogenesis,0.750627232633982,12,12,0.9304503579140861,down,0.8839577635910598
GO:0046928,Regulation of Neurotransmitter Secretion,0.7518068126656929,39,39,1.8353273970272883,up,0.8839577635910598
GO:0018231,peptidyl-S-diacylglycerol-L-cysteine Biosynthetic Process From Peptidyl-Cysteine,0.7517094362589356,14,14,0.3873884535623362,down,0.8839577635910598
GO:0071677,Positive Regulation of Mononuclear Cell Migration,0.7514912244535746,32,32,1.4524302748960225,up,0.8839577635910598
GO:0018230,peptidyl-L-cysteine S-palmitoylation,0.7517094362589356,14,14,0.3873884535623362,down,0.8839577635910598
GO:0032370,Positive Regulation of Lipid Transport,0.7505702362608927,10,10,0.4986089290453458,down,0.8839577635910598
GO:0045665,Negative Regulation of Neuron Differentiation,0.7520508443099547,16,16,0.21764514047521066,down,0.8839577635910598
GO:0008406,Gonad Development,0.749996280890048,41,41,1.038147080118023,down,0.8839577635910598
GO:0043649,Dicarboxylic Acid Catabolic Process,0.7517445797233362,14,14,-0.7715955985448797,down,0.8839577635910598
GO:0030335,Positive Regulation of Cell Migration,0.7524193627378906,330,330,1.4594201467112047,up,0.8840862715463124
GO:0034330,Cell Junction Organization,0.7537416655027723,65,65,1.8001579745520446,up,0.8853349934676158
GO:0010715,Regulation of Extracellular Matrix Disassembly,0.7545577190393512,14,14,1.6539556363266872,up,0.8859884267274447
GO:0001959,Regulation of Cytokine-Mediated Signaling Pathway,0.7551803549247411,39,39,2.030485293896799,up,0.8862645420505186
GO:0010470,Regulation of Gastrulation,0.7553125252831597,11,11,2.024897203835766,up,0.8862645420505186
GO:0002483,Antigen Processing and Presentation of Endogenous Peptide Antigen,0.7565604706801687,19,19,1.5126967020557271,up,0.8871185168408579
GO:0055070,Copper Ion Homeostasis,0.7565400013064162,15,15,1.37994605651617,up,0.8871185168408579
GO:0086014,Atrial Cardiac Muscle Cell Action Potential,0.759673825755435,12,12,0.3104366245453129,down,0.8901571348855337
GO:0045597,Positive Regulation of Cell Differentiation,0.7595431457725061,264,264,1.2708162951211954,up,0.8901571348855337
GO:0030216,Keratinocyte Differentiation,0.7607144852999098,30,30,1.4876381564625554,up,0.8909180809943784
GO:0010755,Regulation of Plasminogen Activation,0.7608456083074243,16,16,2.2952341164212204,up,0.8909180809943784
GO:0086009,Membrane Repolarization,0.7613120629798701,17,17,0.1144811142800993,down,0.8911583551215981
GO:2000379,Positive Regulation of Reactive Oxygen Species Metabolic Process,0.7628594754752077,51,51,0.9245764733053664,down,0.8923572259416782
GO:0016073,snRNA Metabolic Process,0.762691600259349,22,22,2.8092234892964325,up,0.8923572259416782
GO:0090201,Negative Regulation of Release of Cytochrome C From Mitochondria,0.7637968865386422,15,15,1.442737990909003,up,0.8931474734258857
GO:0000729,DNA Double-Strand Break Processing,0.7644780011076115,16,16,1.7798387161569713,up,0.8932351520892785
GO:0070234,Positive Regulation of T Cell Apoptotic Process,0.7646574740840496,10,10,2.0184428785610358,up,0.8932351520892785
GO:0001574,Ganglioside Biosynthetic Process,0.7644016361604387,13,13,0.5145942535780421,down,0.8932351520892785
GO:2000027,Regulation of Animal Organ Morphogenesis,0.7654935356672457,10,10,0.9806602948144335,down,0.8939056659229629
GO:0071456,Cellular Response to Hypoxia,0.7661682349250061,75,75,0.8425858281628466,down,0.8943873543221067
GO:1902041,Regulation of Extrinsic Apoptotic Signaling Pathway via Death Domain Receptors,0.7681045196558908,29,29,0.9571920942254898,down,0.8963409225269392
GO:0042063,Gliogenesis,0.7685096766478815,15,15,1.223926858879774,up,0.8965070133535992
GO:0007127,Meiosis I,0.7709415240296272,18,18,0.37863528935804835,down,0.8984957120936405
GO:1902514,Reg of Calcium Ion Transmembrane Transport via High Voltage-Gated Calcium Channel,0.7708448806232993,11,11,1.6090274624089853,up,0.8984957120936405
GO:0098856,Intestinal Lipid Absorption,0.7710046758423001,11,11,2.9059413837270616,up,0.8984957120936405
GO:0048675,Axon Extension,0.7713926678909742,20,20,0.7021928048068518,down,0.8986408436393828
GO:1902307,Positive Regulation of Sodium Ion Transmembrane Transport,0.7722581511624363,13,13,2.5391754259554453,up,0.8993419438767737
GO:0072595,Maintenance of Protein Localization in Organelle,0.7728788113264222,18,18,1.3922509468504214,up,0.8997575513428075
GO:0033123,Positive Regulation of Purine Nucleotide Catabolic Process,0.7765664982333692,17,17,1.7828804950300252,up,0.9017463319109175
GO:0008154,Actin Polymerization or Depolymerization,0.7773339900152555,48,48,0.3291535304579297,down,0.9017463319109175
GO:0021915,Neural Tube Development,0.7771985404911592,16,16,0.24226363062898787,down,0.9017463319109175
GO:0043407,Negative Regulation of MAP Kinase Activity,0.775195513968966,29,29,1.7483621226807422,up,0.9017463319109175
GO:0003181,Atrioventricular Valve Morphogenesis,0.776774754010815,19,19,0.7457527484129083,down,0.9017463319109175
GO:1902916,Positive Regulation of Protein Polyubiquitination,0.7767476283612177,13,13,1.442737990909003,up,0.9017463319109175
GO:1900025,Negative Regulation of Substrate Adhesion-Dependent Cell Spreading,0.7766379699546746,12,12,0.5248628926353216,down,0.9017463319109175
GO:0070232,Regulation of T Cell Apoptotic Process,0.7760831926110097,11,11,0.2476001192139459,down,0.9017463319109175
GO:0046782,Regulation of Viral Transcription,0.7777595158258338,18,18,1.7851227707916197,up,0.9017463319109175
GO:0045821,Positive Regulation of Glycolytic Process,0.7765664982333692,17,17,1.7828804950300252,up,0.9017463319109175
GO:0042149,Cellular Response to Glucose Starvation,0.7767299565491129,43,43,1.6119533162535211,up,0.9017463319109175
GO:0034249,Negative Regulation of Amide Metabolic Process,0.777603901671505,21,21,-0.0250213788055298,down,0.9017463319109175
GO:1990000,Amyloid Fibril Formation,0.7786546373842476,25,25,0.2476001192139459,down,0.9017533326910276
GO:0034392,Negative Regulation of Smooth Muscle Cell Apoptotic Process,0.7788230190875893,10,10,1.533996473649261,up,0.9017533326910276
GO:0001845,Phagolysosome Assembly,0.7785974775896392,14,14,1.3595648825000541,up,0.9017533326910276
GO:2000377,Regulation of Reactive Oxygen Species Metabolic Process,0.778699252959706,58,58,1.6679610163053797,up,0.9017533326910276
GO:0006744,Ubiquinone Biosynthetic Process,0.7802671994214563,14,14,1.3725370284563843,up,0.901987140200922
GO:1901663,Quinone Biosynthetic Process,0.7802671994214563,14,14,1.3725370284563843,up,0.901987140200922
GO:0006508,Proteolysis,0.7803471271571154,286,286,1.2544072588813915,up,0.901987140200922
GO:0006740,NADPH Regeneration,0.7802434892750281,12,12,-0.38296207625526013,down,0.901987140200922
GO:0048593,Camera-Type Eye Morphogenesis,0.7801283460127462,12,12,0.5063251643042246,down,0.901987140200922
GO:0061384,Heart Trabecula Morphogenesis,0.7818373709346711,19,19,1.7666248981231691,up,0.9029953366444512
GO:0032673,Regulation of Interleukin-4 Production,0.7818582969754806,22,22,0.6137343994096485,down,0.9029953366444512
GO:0048679,Regulation of Axon Regeneration,0.7820135515824417,11,11,3.4530891328986946,up,0.9029953366444512
GO:0061951,Establishment of Protein Localization to Plasma Membrane,0.7827325893982566,40,40,2.0459770235855883,up,0.9035197504018455
GO:0060045,Positive Regulation of Cardiac Muscle Cell Proliferation,0.7830527958693941,13,13,0.8574787451816707,down,0.903583588197058
GO:0002724,Regulation of T Cell Cytokine Production,0.7835423689822685,20,20,1.8085598080053034,up,0.9038271655109922
GO:0009395,Phospholipid Catabolic Process,0.7837938304255394,27,27,1.9073379590274504,up,0.9038271655109922
GO:0071676,Negative Regulation of Mononuclear Cell Migration,0.7842799536793097,15,15,0.1697505530984714,down,0.9040645360012504
GO:0007190,Activation of Adenylate Cyclase Activity,0.7845297644572562,13,13,2.091204681972054,up,0.9040645360012504
GO:0050709,Negative Regulation of Protein Secretion,0.7862354185306684,36,36,1.5951396081829707,up,0.9056797175377914
GO:0070555,Response to Interleukin-1,0.7867279399192249,57,57,1.506076375101392,up,0.9056797175377914
GO:0060340,Positive Regulation of Type I Interferon-Mediated Signaling Pathway,0.7865067883648007,12,12,0.8782156510613502,down,0.9056797175377914
GO:0061512,Protein Localization to Cilium,0.7894052171258793,44,44,0.36737581029875455,down,0.9081488012196878
GO:1903580,Positive Regulation of ATP Metabolic Process,0.7893357226881623,25,25,1.819309271808011,up,0.9081488012196878
GO:0002286,T Cell Activation Involved in Immune Response,0.7898786400125107,14,14,1.7096570515620408,up,0.9083870671216029
GO:0007498,Mesoderm Development,0.7904506644569971,17,17,1.2966772278023362,up,0.9087385293100158
GO:0007274,Neuromuscular Synaptic Transmission,0.7910688754870456,18,18,1.035422397533893,down,0.9087424171467294
GO:0090630,Activation of GTPase Activity,0.7912532919747248,31,31,1.416670011986437,up,0.9087424171467294
GO:0046488,Phosphatidylinositol Metabolic Process,0.7909070816669532,67,67,1.1945061253628677,down,0.9087424171467294
GO:0045446,Endothelial Cell Differentiation,0.7915890714001467,12,12,0.7721793469752309,down,0.9088220540376641
GO:0045346,Regulation of MHC Class II Biosynthetic Process,0.7926297959156159,13,13,-0.2094806014632063,down,0.9094089975503593
GO:0010758,Regulation of Macrophage Chemotaxis,0.7926335238103835,21,21,0.017992001205061,down,0.9094089975503593
GO:0050892,Intestinal Absorption,0.7933622655838438,12,12,2.578647366347002,up,0.9099390342658007
GO:2000146,Negative Regulation of Cell Motility,0.7940515205006498,132,132,1.2841826351948114,up,0.9104234408160391
GO:1904385,Cellular Response to Angiotensin,0.797992998874277,12,12,0.550554204571615,down,0.9106066283515952
GO:0071331,Cellular Response to Hexose Stimulus,0.7958560705449949,28,28,1.3755035112759102,up,0.9106066283515952
GO:0090288,Negative Regulation of Cellular Response to Growth Factor Stimulus,0.7976047245883752,62,62,0.8868967021445289,down,0.9106066283515952
GO:0002833,Positive Regulation of Response to Biotic Stimulus,0.7983356668110988,40,40,0.7359700288687168,down,0.9106066283515952
GO:0042058,Regulation of Epidermal Growth Factor Receptor Signaling Pathway,0.7960900299642258,49,49,2.136064118190804,up,0.9106066283515952
GO:0043171,Peptide Catabolic Process,0.795020507703054,16,16,0.6870531064566989,down,0.9106066283515952
GO:0002716,Negative Regulation of Natural Killer Cell Mediated Immunity,0.798342251036929,15,15,0.5015981817685496,down,0.9106066283515952
GO:0007507,Heart Development,0.7976654560472209,152,152,1.2680531596837676,up,0.9106066283515952
GO:0033198,Response to ATP,0.7979700362588722,19,19,0.4379724529331257,down,0.9106066283515952
GO:0006873,Intracellular Monoatomic Ion Homeostasis,0.7946195493085136,16,16,1.617691244480992,up,0.9106066283515952
GO:0072164,Mesonephric Tubule Development,0.7981272742089036,14,14,0.8845191542553741,down,0.9106066283515952
GO:0050982,Detection of Mechanical Stimulus,0.7967368137455779,17,17,2.697194611819722,up,0.9106066283515952
GO:0051283,Negative Regulation of Sequestering of Calcium Ion,0.7984826811491121,36,36,0.20408213965924155,down,0.9106066283515952
GO:0043413,Macromolecule Glycosylation,0.7959499636305376,46,46,1.778987226751593,up,0.9106066283515952
GO:0033962,P-body Assembly,0.7973745055007754,13,13,2.731875305393741,up,0.9106066283515952
GO:2000516,"Positive Regulation of CD4-positive, Alpha-Beta T Cell Activation",0.7958058244274877,11,11,0.2762038574877717,down,0.9106066283515952
GO:0034440,Lipid Oxidation,0.7990359004642037,12,12,1.6679102237687689,up,0.9109329734235959
GO:0051873,Killing by Host of Symbiont Cells,0.8029888545782135,11,11,0.6188932365590577,down,0.9124824737728714
GO:0070269,Pyroptotic Inflammatory Response,0.804140227546541,29,29,0.341769843272501,down,0.9124824737728714
GO:0120034,Positive Regulation of Plasma Membrane Bounded Cell Projection Assembly,0.8020834152299742,83,83,1.819309271808011,up,0.9124824737728714
GO:0071715,Icosanoid Transport,0.8020524037003839,13,13,-0.1830605617586368,down,0.9124824737728714
GO:0050728,Negative Regulation of Inflammatory Response,0.8025042482997532,109,109,0.9204655989106812,down,0.9124824737728714
GO:0086010,Membrane Depolarization During Action Potential,0.8029407033228493,15,15,0.2087606978024152,down,0.9124824737728714
GO:0006695,Cholesterol Biosynthetic Process,0.8037012184153405,25,25,2.1070498345204256,up,0.9124824737728714
GO:0009267,Cellular Response to Starvation,0.8007782668167243,134,134,1.3639428895525536,up,0.9124824737728714
GO:0071243,Cellular Response to Arsenic-Containing Substance,0.8014208404747588,13,13,1.313854064883362,up,0.9124824737728714
GO:1903053,Regulation of Extracellular Matrix Organization,0.8038277427067609,23,23,1.1710995791978405,down,0.9124824737728714
GO:1904064,Positive Regulation of Cation Transmembrane Transport,0.8037157251132424,19,19,1.7121687684141664,up,0.9124824737728714
GO:0035458,Cellular Response to Interferon-Beta,0.8039925259863322,19,19,1.0127939343674035,down,0.9124824737728714
GO:0031401,Positive Regulation of Protein Modification Process,0.8035887310581379,97,97,1.27503681656223,up,0.9124824737728714
GO:0007492,Endoderm Development,0.8010098148680933,11,11,0.6641828315977293,down,0.9124824737728714
GO:0035335,Peptidyl-Tyrosine Dephosphorylation,0.804724944957789,21,21,1.692169013502835,up,0.9125388255488758
GO:1904427,Positive Regulation of Calcium Ion Transmembrane Transport,0.8044906560766452,41,41,0.2868176469008338,down,0.9125388255488758
GO:0035909,Aorta Morphogenesis,0.8060930825898032,17,17,1.7666248981231691,up,0.9137864754781717
GO:0050807,Regulation of Synapse Organization,0.8074146269077739,35,35,1.4940663649701578,up,0.9144045734116123
GO:0015698,Inorganic Anion Transport,0.8076317695894766,46,46,1.029776521467127,down,0.9144045734116123
GO:1902902,Negative Regulation of Autophagosome Assembly,0.8077106360859536,10,10,2.097978368959655,up,0.9144045734116123
GO:0140627,Ubiquitin-Dependent Protein Catabolic Process via the C-end Degron Rule Pathway,0.8071165855725966,10,10,1.9071083991404412,up,0.9144045734116123
GO:0090050,Positive Regulation of Cell Migration Involved in Sprouting Angiogenesis,0.8087517780868505,16,16,1.2227472651002995,up,0.9152794675030681
GO:0006895,Golgi to Endosome Transport,0.8094870629870846,15,15,1.5071663740584078,up,0.9156350738795174
GO:0070918,Regulatory ncRNA Processing,0.8096028680212912,34,34,0.5237723014859814,down,0.9156350738795174
GO:0035666,TRIF-dependent Toll-Like Receptor Signaling Pathway,0.8100030096951345,10,10,2.869950706375452,up,0.9157839794730208
GO:0033135,Regulation of Peptidyl-Serine Phosphorylation,0.8104213242051375,36,36,1.25319799341672,up,0.9159533256672379
GO:0043457,Regulation of Cellular Respiration,0.8111357552095031,16,16,1.2078015928708608,up,0.9159849470697687
GO:0042104,Positive Regulation of Activated T Cell Proliferation,0.8117919950137529,17,17,0.1468823034275805,down,0.9159849470697687
GO:1904294,Positive Regulation of ERAD Pathway,0.8112558480103387,15,15,0.8590989680459596,down,0.9159849470697687
GO:2001257,Regulation of Cation Channel Activity,0.8117136867167143,26,26,0.49993643969791957,down,0.9159849470697687
GO:0050714,Positive Regulation of Protein Secretion,0.8114505114094679,71,71,0.9448692003123718,down,0.9159849470697687
GO:2001239,Regulation of Extrinsic Apoptotic Signaling Pathway in Absence of Ligand,0.8127395772466365,24,24,0.016637568804136152,down,0.9167508921918907
GO:0015748,Organophosphate Ester Transport,0.813974822527944,24,24,0.2416327692196167,down,0.9178407007083692
GO:0042327,Positive Regulation of Phosphorylation,0.8144758426941545,93,93,1.1873688894116108,down,0.9178529362029237
GO:0002092,Positive Regulation of Receptor Internalization,0.8145238457596746,22,22,1.1923981410820197,down,0.9178529362029237
GO:0043954,Cellular Component Maintenance,0.8154164285361357,11,11,1.0512277739848366,down,0.918555296478454
GO:0008589,Regulation of Smoothened Signaling Pathway,0.8168518795032922,51,51,0.4246225515381275,down,0.9198685245908648
GO:0072659,Protein Localization to Plasma Membrane,0.8171999161616335,128,128,1.1330582269490166,down,0.9199567373027497
GO:0140895,Cell Surface Toll-Like Receptor Signaling Pathway,0.818619605909122,30,30,1.8338149235983434,up,0.9212508992926476
GO:1902905,Positive Regulation of Supramolecular Fiber Organization,0.8191370645627432,92,92,0.7535715349366079,down,0.921529197633086
GO:0007173,Epidermal Growth Factor Receptor Signaling Pathway,0.8197938874559308,46,46,0.5298208138833214,down,0.9219640455364919
GO:0035721,Intraciliary Retrograde Transport,0.8216930529438908,13,13,0.4745289697043955,down,0.9237953208937414
GO:0035904,Aorta Development,0.8222485777775943,14,14,1.8181945831298132,up,0.9241152879075368
GO:0042403,Thyroid Hormone Metabolic Process,0.8225497961718347,15,15,1.908001328225228,up,0.9241493263313992
GO:0001658,Branching Involved in Ureteric Bud Morphogenesis,0.8232460363727794,15,15,0.7482574092959198,down,0.9242965040149856
GO:0045638,Negative Regulation of Myeloid Cell Differentiation,0.8237646942848303,20,20,1.7613711713353242,up,0.9242965040149856
GO:0016237,Microautophagy,0.8236440589404384,20,20,1.0303028155700371,down,0.9242965040149856
GO:0060544,Regulation of Necroptotic Process,0.8233123332371798,20,20,0.8451690550614744,down,0.9242965040149856
GO:1903939,Regulation of TORC2 Signaling,0.8241883727304627,11,11,1.6803467520209077,up,0.9244677867095062
GO:0048864,Stem Cell Development,0.8246098573653098,13,13,1.2465070254669957,up,0.9246364968682024
GO:2000300,Regulation of Synaptic Vesicle Exocytosis,0.8276689692458816,19,19,0.0864202781865082,down,0.9250258368603218
GO:0060766,Negative Regulation of Androgen Receptor Signaling Pathway,0.8266465423962606,14,14,1.3950941860386428,up,0.9250258368603218
GO:0002228,Natural Killer Cell Mediated Immunity,0.825439365899999,28,28,1.3931645245597217,up,0.9250258368603218
GO:0031345,Negative Regulation of Cell Projection Organization,0.82642420260716,50,50,1.7852511746374105,up,0.9250258368603218
GO:0043536,Positive Regulation of Blood Vessel Endothelial Cell Migration,0.8274144354832589,48,48,1.6808119098225802,up,0.9250258368603218
GO:0046949,fatty-acyl-CoA Biosynthetic Process,0.8276471698652182,26,26,2.497343563084395,up,0.9250258368603218
GO:0051588,Regulation of Neurotransmitter Transport,0.827571933010017,17,17,1.8353273970272883,up,0.9250258368603218
GO:0043549,Regulation of Kinase Activity,0.8273445820700887,27,27,1.1873688894116108,down,0.9250258368603218
GO:0010811,Positive Regulation of Cell-Substrate Adhesion,0.8270404545723232,71,71,2.382532109144538,up,0.9250258368603218
GO:1905145,Cellular Response to Acetylcholine,0.827571933010017,17,17,1.5378897323629737,up,0.9250258368603218
GO:0045930,Negative Regulation of Mitotic Cell Cycle,0.8282247553046816,30,30,0.9408636445578984,down,0.9250408121624981
GO:1901881,Positive Regulation of Protein Depolymerization,0.8281429486568126,10,10,0.620525207260118,down,0.9250408121624981
GO:0070830,Bicellular Tight Junction Assembly,0.8307856305216494,42,42,1.455117592756152,up,0.9254550985427967
GO:0006111,Regulation of Gluconeogenesis,0.8315801457149434,33,33,0.7276693789547368,down,0.9254550985427967
GO:0009749,Response to Glucose,0.8308015079744537,50,50,1.69638491518301,up,0.9254550985427967
GO:0060043,Regulation of Cardiac Muscle Cell Proliferation,0.830361685708836,18,18,1.5345066136519425,up,0.9254550985427967
GO:0044331,Cell-Cell Adhesion Mediated by Cadherin,0.8310860759445051,25,25,1.5375224854283251,up,0.9254550985427967
GO:0002830,Positive Regulation of Type 2 Immune Response,0.8291168595277049,12,12,0.4187054610959414,down,0.9254550985427967
GO:0038166,Angiotensin-Activated Signaling Pathway,0.8291677469047914,10,10,1.8491830013685777,up,0.9254550985427967
GO:0007416,Synapse Assembly,0.8313313112360667,75,75,1.202111053408209,down,0.9254550985427967
GO:0009890,Negative Regulation of Biosynthetic Process,0.8303281479964554,44,44,0.6596254145738238,down,0.9254550985427967
GO:0032228,"Regulation of Synaptic Transmission, GABAergic",0.8305728841938629,16,16,1.7311234975816685,up,0.9254550985427967
GO:0006865,Amino Acid Transport,0.8303985364618677,40,40,0.31877424688089784,down,0.9254550985427967
GO:0008543,Fibroblast Growth Factor Receptor Signaling Pathway,0.8324223068301857,34,34,1.0307522469707229,down,0.9254864695559855
GO:0016485,Protein Processing,0.8322091960351472,111,111,1.4485230974632357,up,0.9254864695559855
GO:0003209,Cardiac Atrium Morphogenesis,0.8323997464769941,13,13,0.6641828315977293,down,0.9254864695559855
GO:0014706,Striated Muscle Tissue Development,0.8329461507012094,28,28,0.6767231093015671,down,0.9255561764320754
GO:0048562,Embryonic Organ Morphogenesis,0.8330276932414165,39,39,2.457850410021244,up,0.9255561764320754
GO:0007215,Glutamate Receptor Signaling Pathway,0.8336520729561776,33,33,0.9934094182101668,down,0.9259482972496
GO:1900151,"Regulation of Nuclear-Transcribed mRNA Catabolic Process, Deadenylation-Dependent Decay",0.8345780920038989,20,20,0.8634360201194704,down,0.9266750884847978
GO:0051017,Actin Filament Bundle Assembly,0.8357958495092279,33,33,1.0225495212865152,down,0.9271403685349803
GO:0030510,Regulation of BMP Signaling Pathway,0.8358125573864159,64,64,1.2197428305499365,up,0.9271403685349803
GO:0034135,Regulation of Toll-Like Receptor 2 Signaling Pathway,0.8357503820367143,10,10,1.2757200421339263,up,0.9271403685349803
GO:0036092,Phosphatidylinositol-3-Phosphate Biosynthetic Process,0.8368159385180163,11,11,0.1921687883680399,down,0.9276500377916651
GO:0001961,Positive Regulation of Cytokine-Mediated Signaling Pathway,0.8366319244816152,44,44,0.5003137956432838,down,0.9276500377916651
GO:0061036,Positive Regulation of Cartilage Development,0.8370982216210787,16,16,0.6833534709594293,down,0.9276614795157568
GO:1903579,Negative Regulation of ATP Metabolic Process,0.8376898184111934,13,13,2.8977789106007834,up,0.9277142761690197
GO:0032088,Negative Regulation of NF-kappaB Transcription Factor Activity,0.8376702451635214,62,62,0.7452183059177773,down,0.9277142761690197
GO:0010586,miRNA Metabolic Process,0.8384610135343658,14,14,0.18583925958558517,down,0.9282669643510943
GO:0022604,Regulation of Cell Morphogenesis,0.8417644234414456,30,30,1.7955007776192549,up,0.9305501906277568
GO:0061337,Cardiac Conduction,0.8407994240818559,44,44,0.9299301040882806,down,0.9305501906277568
GO:0038128,ERBB2 Signaling Pathway,0.8418873902894334,12,12,0.8800861533814015,down,0.9305501906277568
GO:0045646,Regulation of Erythrocyte Differentiation,0.8414046138893612,36,36,1.3113109207591256,up,0.9305501906277568
GO:0036158,Outer Dynein Arm Assembly,0.8415725297675547,19,19,1.6999794454717427,up,0.9305501906277568
GO:0180012,"Co-Transcriptional RNA 3'-End Processing, Cleavage and Polyadenylation Pathway",0.842473110784802,10,10,1.6221937602348893,up,0.9308959445697959
GO:0008285,Negative Regulation of Cell Population Proliferation,0.8432152057085492,349,349,1.283505152659945,up,0.9312093131325602
GO:1902531,Regulation of Intracellular Signal Transduction,0.8446677264239639,292,292,1.0006419265567952,down,0.9312093131325602
GO:0043066,Negative Regulation of Apoptotic Process,0.8439428283500481,446,446,1.0586986983509634,down,0.9312093131325602
GO:0055007,Cardiac Muscle Cell Differentiation,0.8444124245883629,23,23,0.9163146591073872,down,0.9312093131325602
GO:2000142,Regulation of DNA-templated Transcription Initiation,0.8441877652869978,10,10,1.7383279506392733,up,0.9312093131325602
GO:0002573,Myeloid Leukocyte Differentiation,0.8435616796753479,68,68,1.0556658340822922,down,0.9312093131325602
GO:0071384,Cellular Response to Corticosteroid Stimulus,0.8437479259931866,14,14,1.5177841476261487,up,0.9312093131325602
GO:0050770,Regulation of Axonogenesis,0.8451700255075267,37,37,1.6344177965762234,up,0.9314620216498138
GO:0050910,Detection of Mechanical Stimulus Involved in Sensory Perception of Sound,0.8483059346964826,10,10,0.9025786279116558,down,0.9343872873489841
GO:1901203,Positive Regulation of Extracellular Matrix Assembly,0.8487489300584257,11,11,2.570292338075751,up,0.9343872873489841
GO:0045806,Negative Regulation of Endocytosis,0.8489200244780128,33,33,1.326781058027814,up,0.9343872873489841
GO:0090303,Positive Regulation of Wound Healing,0.8488476576862362,43,43,1.5420251160934464,up,0.9343872873489841
GO:2000738,Positive Regulation of Stem Cell Differentiation,0.8492994972380284,16,16,1.3297872390563976,up,0.9345034145415855
GO:0006085,acetyl-CoA Biosynthetic Process,0.8503044670767784,11,11,0.813411784360997,down,0.9353074934533671
GO:0046466,Membrane Lipid Catabolic Process,0.8509970474577719,16,16,1.0284586664012119,down,0.9357675463824823
GO:0031122,Cytoplasmic Microtubule Organization,0.8520000170591586,52,52,1.5578113711461947,up,0.9359652361316555
GO:0002711,Positive Regulation of T Cell Mediated Immunity,0.851665319978379,42,42,1.5669241597250423,up,0.9359652361316555
GO:0045861,Negative Regulation of Proteolysis,0.8518350487947484,36,36,1.1051514989812283,down,0.9359652361316555
GO:0072348,Sulfur Compound Transport,0.8530925350817378,24,24,0.8653518490103044,down,0.9360140347618816
GO:0023056,Positive Regulation of Signaling,0.8528214963858316,29,29,2.04068198534339,up,0.9360140347618816
GO:0003231,Cardiac Ventricle Development,0.8525629276228541,19,19,0.7457527484129083,down,0.9360140347618816
GO:0072075,Metanephric Mesenchyme Development,0.8534164902109211,10,10,1.5878639809881787,up,0.9360140347618816
GO:0051091,Positive Regulation of DNA-binding Transcription Factor Activity,0.8531822738495298,165,165,0.9448692003123718,down,0.9360140347618816
GO:0030838,Positive Regulation of Actin Filament Polymerization,0.8540145010633826,38,38,1.4047155258618236,up,0.936367596780381
GO:0090317,Negative Regulation of Intracellular Protein Transport,0.8542878807330828,17,17,0.1993308464555488,down,0.936367596780381
GO:0040036,Regulation of Fibroblast Growth Factor Receptor Signaling Pathway,0.8546210371720612,19,19,2.923824088384493,up,0.9364318528088342
GO:0060997,Dendritic Spine Morphogenesis,0.855141991126019,14,14,0.16288102356178305,down,0.9365825010389286
GO:0010820,Positive Regulation of T Cell Chemotaxis,0.8553076783161133,10,10,1.7179117408665943,up,0.9365825010389286
GO:0010596,Negative Regulation of Endothelial Cell Migration,0.8558921449670304,36,36,0.9589610824869179,down,0.9369217286529334
GO:0010544,Negative Regulation of Platelet Activation,0.8568193954648454,15,15,0.8771687615498847,down,0.9374063734829574
GO:0042743,Hydrogen Peroxide Metabolic Process,0.8568845126120965,21,21,1.9703891902086923,up,0.9374063734829574
GO:0006672,Ceramide Metabolic Process,0.8576909595486691,50,50,1.7833104848519032,up,0.9379877726901285
GO:0009100,Glycoprotein Metabolic Process,0.8595441524800933,47,47,0.5386030310500107,down,0.9391111800479175
GO:0050974,Detection of Mechanical Stimulus Involved in Sensory Perception,0.8595290317454487,16,16,0.9025786279116558,down,0.9391111800479175
GO:0006836,Neurotransmitter Transport,0.8590846795828705,40,40,2.420820329255699,up,0.9391111800479175
GO:0032958,Inositol Phosphate Biosynthetic Process,0.8603405358542084,10,10,0.07323929940693419,down,0.9396802970857204
GO:0048143,Astrocyte Activation,0.8607863685318757,12,12,0.5223127849230867,down,0.9398662941940551
GO:0048013,Ephrin Receptor Signaling Pathway,0.8618806495599494,39,39,1.7483621226807422,up,0.9405665662097236
GO:0031054,pre-miRNA Processing,0.8619792101939595,13,13,0.1253123091844691,down,0.9405665662097236
GO:0050865,Regulation of Cell Activation,0.8627281877972156,11,11,-0.6418727132551504,down,0.9410827785661344
GO:1901797,Negative Regulation of Signal Transduction by P53 Class Mediator,0.8630337110191982,21,21,1.27503681656223,up,0.9411150857693367
GO:0018345,Protein Palmitoylation,0.8644495011160951,22,22,1.1500674395451358,down,0.9423577016001919
GO:0048638,Regulation of Developmental Growth,0.8656212380213588,33,33,0.8771687615498847,down,0.9425997753189699
GO:0060173,Limb Development,0.8666059499854264,25,25,1.2361970599214744,up,0.9425997753189699
GO:0032400,Melanosome Localization,0.8665798529104751,18,18,2.0202949971786826,up,0.9425997753189699
GO:0016558,Protein Import Into Peroxisome Matrix,0.865984115259385,13,13,1.1955635495197985,down,0.9425997753189699
GO:0032648,Regulation of Interferon-Beta Production,0.865325491112895,51,51,0.8011067983097309,down,0.9425997753189699
GO:0007156,Homophilic Cell Adhesion via Plasma Membrane Adhesion Molecules,0.8662523711074595,57,57,1.0020571592390783,down,0.9425997753189699
GO:0007409,Axonogenesis,0.8665218400234862,185,185,1.223926858879774,up,0.9425997753189699
GO:0045778,Positive Regulation of Ossification,0.8679358416786895,41,41,1.736130726741176,up,0.942777514654944
GO:0010951,Negative Regulation of Endopeptidase Activity,0.8674979734291153,16,16,0.6876631374692153,down,0.942777514654944
GO:0030224,Monocyte Differentiation,0.8676169493925371,11,11,1.0127939343674035,down,0.942777514654944
GO:1903169,Regulation of Calcium Ion Transmembrane Transport,0.8674885260704742,24,24,1.158606583494873,down,0.942777514654944
GO:0034145,Positive Regulation of Toll-Like Receptor 4 Signaling Pathway,0.8681513261598297,11,11,0.6188932365590577,down,0.942777514654944
GO:0071349,Cellular Response to Interleukin-12,0.8697329912241911,10,10,0.2545436548936178,down,0.944185588946758
GO:0050847,Progesterone Receptor Signaling Pathway,0.870001555573046,11,11,-0.0683357761320597,down,0.944185588946758
GO:0003018,Vascular Process in Circulatory System,0.8711564218128602,10,10,0.5757534317910447,down,0.9442372274558838
GO:0035296,Regulation of Tube Diameter,0.8711564218128602,10,10,0.5757534317910447,down,0.9442372274558838
GO:0008016,Regulation of Heart Contraction,0.8708587680998664,65,65,1.284860117729678,up,0.9442372274558838
GO:0019637,Organophosphate Metabolic Process,0.8706404432602306,78,78,1.3732492962536424,up,0.9442372274558838
GO:0071705,Nitrogen Compound Transport,0.873451895512372,160,160,1.6239809041834343,up,0.9443246959089385
GO:0036376,Sodium Ion Export Across Plasma Membrane,0.8725519246217583,11,11,0.901971067287924,down,0.9443246959089385
GO:0097061,Dendritic Spine Organization,0.8726361571022644,25,25,0.2499545052608809,down,0.9443246959089385
GO:0060538,Skeletal Muscle Organ Development,0.8729567797644863,26,26,0.887311091035862,down,0.9443246959089385
GO:0030183,B Cell Differentiation,0.8718427895090539,51,51,1.0169269831364658,down,0.9443246959089385
GO:0032147,Activation of Protein Kinase Activity,0.8726045604670747,48,48,1.842215852867053,up,0.9443246959089385
GO:0010466,Negative Regulation of Peptidase Activity,0.8732495440178174,19,19,0.9571920942254898,down,0.9443246959089385
GO:0043113,Receptor Clustering,0.8723619498399413,23,23,2.1128897866551326,up,0.9443246959089385
GO:0050820,Positive Regulation of Coagulation,0.8737769921759033,13,13,0.9571920942254898,down,0.9443768442053252
GO:0032801,Receptor Catabolic Process,0.8741307468168779,15,15,2.2392785374393567,up,0.9444599231524772
GO:0090051,Negative Regulation of Cell Migration Involved in Sprouting Angiogenesis,0.8745874505115964,14,14,2.1463325741538655,up,0.9445415953843737
GO:0034446,Substrate Adhesion-Dependent Cell Spreading,0.8747601582583513,35,35,1.1730102903822284,down,0.9445415953843737
GO:0061099,Negative Regulation of Protein Tyrosine Kinase Activity,0.8754267802953898,14,14,1.1255645637774088,down,0.944962261894802
GO:1902624,Positive Regulation of Neutrophil Migration,0.8758043209194849,25,25,1.27503681656223,up,0.9450707177021078
GO:0019377,Glycolipid Catabolic Process,0.8777801771541125,11,11,1.8290124092374755,up,0.9451293057371591
GO:0043588,Skin Development,0.8792691781061266,55,55,1.3691414201667695,up,0.9451293057371591
GO:0001932,Regulation of Protein Phosphorylation,0.8791153212700006,130,130,1.2820817038429222,up,0.9451293057371591
GO:0010954,Positive Regulation of Protein Processing,0.8772607098826363,17,17,0.3273738415144993,down,0.9451293057371591
GO:0120032,Regulation of Plasma Membrane Bounded Cell Projection Assembly,0.8788261087286495,73,73,1.4493801549305472,up,0.9451293057371591
GO:0035249,"Synaptic Transmission, Glutamatergic",0.8796678782322607,24,24,1.6596967885454474,up,0.9451293057371591
GO:0008625,Extrinsic Apoptotic Signaling Pathway via Death Domain Receptors,0.8761655852633446,32,32,1.9779785221959578,up,0.9451293057371591
GO:2000369,Regulation of Clathrin-Dependent Endocytosis,0.8772991985125351,13,13,0.911098448229559,down,0.9451293057371591
GO:0051899,Membrane Depolarization,0.8776359267034418,27,27,1.0065450545046446,down,0.9451293057371591
GO:2000047,Regulation of Cell-Cell Adhesion Mediated by Cadherin,0.8788585874477552,19,19,1.5290325989705051,up,0.9451293057371591
GO:0045765,Regulation of Angiogenesis,0.8786177951518628,197,197,1.5075316804729275,up,0.9451293057371591
GO:0019886,Antigen Processing and Presentation of Exogenous Peptide Antigen via MHC Class II,0.876604655842295,23,23,1.0532047372657094,down,0.9451293057371591
GO:0150063,Visual System Development,0.878294309210282,35,35,1.2743141328351637,up,0.9451293057371591
GO:0007605,Sensory Perception of Sound,0.879737773589997,83,83,1.4591274511447636,up,0.9451293057371591
GO:0035196,miRNA Processing,0.8811437286494468,32,32,0.44626813986508607,down,0.9454486500230459
GO:0043534,Blood Vessel Endothelial Cell Migration,0.8810251822314904,25,25,0.9163146591073872,down,0.9454486500230459
GO:0008584,Male Gonad Development,0.8811141329877952,35,35,1.038147080118023,down,0.9454486500230459
GO:0034727,Piecemeal Microautophagy of the Nucleus,0.880575150022415,17,17,1.032327024661725,down,0.9454486500230459
GO:0001701,in Utero Embryonic Development,0.8828304640919206,25,25,1.34670208428184,up,0.9466629088392144
GO:0045591,Positive Regulation of Regulatory T Cell Differentiation,0.8826311578331644,17,17,1.1873688894116108,down,0.9466629088392144
GO:0035194,Regulatory ncRNA-mediated Post-Transcriptional Gene Silencing,0.8831607230179577,23,23,1.0788627413099636,down,0.9467194299856234
GO:0010634,Positive Regulation of Epithelial Cell Migration,0.8837272829829338,35,35,1.5420251160934464,up,0.9469794518377511
GO:0003180,Aortic Valve Morphogenesis,0.8850690391259897,35,35,0.6641828315977293,down,0.9469794518377511
GO:0006915,Apoptotic Process,0.884584644606857,220,220,1.1541819516786263,down,0.9469794518377511
GO:0071902,Positive Regulation of Protein Serine/Threonine Kinase Activity,0.8843109222337749,70,70,1.6274830180260211,up,0.9469794518377511
GO:1903706,Regulation of Hemopoiesis,0.8846922809764873,13,13,0.1113917202145502,down,0.9469794518377511
GO:0045773,Positive Regulation of Axon Extension,0.8848963001019623,18,18,1.7409699981102102,up,0.9469794518377511
GO:0098661,Inorganic Anion Transmembrane Transport,0.8861867290518058,72,72,0.6300974280390671,down,0.9478779971137378
GO:0050771,Negative Regulation of Axonogenesis,0.8867439842253163,25,25,1.6344177965762234,up,0.9481767179287003
GO:0010821,Regulation of Mitochondrion Organization,0.8877885322884485,29,29,0.8757540945031439,down,0.9482311021675969
GO:1990138,Neuron Projection Extension,0.8872905994343661,35,35,1.4041942542254675,up,0.9482311021675969
GO:0072001,Renal System Development,0.8879068133460288,56,56,1.3366576127110006,up,0.9482311021675969
GO:0009225,Nucleotide-Sugar Metabolic Process,0.8878135333507163,14,14,0.9764762341501749,down,0.9482311021675969
GO:0035567,Non-Canonical Wnt Signaling Pathway,0.8888612080628869,41,41,1.5075316804729275,up,0.9483783853991037
GO:0051494,Negative Regulation of Cytoskeleton Organization,0.8897129385157232,28,28,1.0161140027375544,down,0.9483783853991037
GO:0050810,Regulation of Steroid Biosynthetic Process,0.8896285509558365,15,15,3.362632940360544,up,0.9483783853991037
GO:0032402,Melanosome Transport,0.8892396821757665,15,15,1.3298419181281311,up,0.9483783853991037
GO:0006468,Protein Phosphorylation,0.889282666405094,361,361,1.013376322966839,down,0.9483783853991037
GO:0051904,Pigment Granule Transport,0.8892396821757665,15,15,1.3298419181281311,up,0.9483783853991037
GO:0062208,Positive Regulation of Pattern Recognition Receptor Signaling Pathway,0.8906080426351433,46,46,1.0672808367635045,down,0.9488339217904839
GO:0030193,Regulation of Blood Coagulation,0.8906966337065756,28,28,0.9171804278876872,down,0.9488339217904839
GO:0022407,Regulation of Cell-Cell Adhesion,0.8916011244914832,43,43,1.54295254274037,up,0.9489702833134221
GO:0006898,Receptor-Mediated Endocytosis,0.8917563770170119,134,134,1.7160248417180566,up,0.9489702833134221
GO:0006044,N-acetylglucosamine Metabolic Process,0.891255016171457,15,15,1.548927848851584,up,0.9489702833134221
GO:0045822,Negative Regulation of Heart Contraction,0.8922156841354867,11,11,1.517859597956298,up,0.9489702833134221
GO:1901988,Negative Regulation of Cell Cycle Phase Transition,0.8921330892927171,11,11,0.6480092989289772,down,0.9489702833134221
GO:0002501,Peptide Antigen Assembly With MHC Protein Complex,0.8931948886786307,16,16,0.982757649889368,down,0.9494196837902179
GO:0090136,Epithelial Cell-Cell Adhesion,0.8931656086434486,11,11,1.819901038740097,up,0.9494196837902179
GO:0061098,Positive Regulation of Protein Tyrosine Kinase Activity,0.8946032582379845,13,13,1.152275997117685,down,0.9498915401408693
GO:1902991,Regulation of Amyloid Precursor Protein Catabolic Process,0.8950311961339061,18,18,1.1947671462796101,down,0.9498915401408693
GO:0001881,Receptor Recycling,0.8949019777712561,18,18,1.7191527898184962,up,0.9498915401408693
GO:1905523,Positive Regulation of Macrophage Migration,0.8947117096497251,20,20,0.3475986818915828,down,0.9498915401408693
GO:2000209,Regulation of Anoikis,0.8944353085591921,21,21,1.3584958820774615,up,0.9498915401408693
GO:0034587,piRNA Processing,0.8956773296593327,18,18,1.407605406739738,up,0.9502816085436963
GO:0046635,Positive Regulation of Alpha-Beta T Cell Activation,0.8964202743772011,15,15,1.1873688894116108,down,0.9507741156407441
GO:0046638,Positive Regulation of Alpha-Beta T Cell Differentiation,0.8982200531234816,12,12,0.3954533691762472,down,0.9523868825626969
GO:0046148,Pigment Biosynthetic Process,0.898983007101895,21,21,1.4488561920102083,up,0.9528996386651846
GO:0002698,Negative Regulation of Immune Effector Process,0.8995840414353896,13,13,0.0454859468347096,down,0.953240498706466
GO:0006515,Protein Quality Control for Misfolded or Incompletely Synthesized Proteins,0.9007684130503048,26,26,1.6596901929294439,up,0.9537299732460216
GO:0001764,Neuron Migration,0.90088477683925,56,56,1.64579203663517,up,0.9537299732460216
GO:0046503,Glycerolipid Catabolic Process,0.9006871787726249,18,18,1.751544889297997,up,0.9537299732460216
GO:0070059,Intrinsic Apoptotic Signaling Pathway in Response to Endoplasmic Reticulum Stress,0.901487670311376,30,30,1.1908969898175115,down,0.9540721202085335
GO:0030890,Positive Regulation of B Cell Proliferation,0.902228614175532,27,27,0.5168026594761677,down,0.9540788957108213
GO:0045766,Positive Regulation of Angiogenesis,0.9023331918977161,121,121,1.506076375101392,up,0.9540788957108213
GO:2000403,Positive Regulation of Lymphocyte Migration,0.9019160117704151,18,18,1.4388534351869628,up,0.9540788957108213
GO:0032886,Regulation of Microtubule-Based Process,0.9029407504645954,43,43,2.3723998548546628,up,0.9544254415353998
GO:0015807,L-amino Acid Transport,0.9042627644323342,27,27,0.552065368775965,down,0.9552308112352716
GO:1902476,Chloride Transmembrane Transport,0.9042529408539816,57,57,0.5827745227805854,down,0.9552308112352716
GO:0043304,Regulation of Mast Cell Degranulation,0.9051142372303231,11,11,1.090090844620223,down,0.9555511568219578
GO:0050927,Positive Regulation of Positive Chemotaxis,0.9051262936651263,16,16,1.192586431745801,down,0.9555511568219578
GO:0045214,Sarcomere Organization,0.9054478756822107,30,30,1.695372627173465,up,0.955594896024759
GO:0002702,Positive Regulation of Production of Molecular Mediator of Immune Response,0.9059175588299426,38,38,0.659940310531639,down,0.9557948633371278
GO:0019222,Regulation of Metabolic Process,0.9065029943065922,48,48,1.5699047083645148,up,0.9561167945515726
GO:1903902,Positive Regulation of Viral Life Cycle,0.9068829891091347,23,23,0.8206713920138734,down,0.956221909073032
GO:0017157,Regulation of Exocytosis,0.9073626270149004,46,46,1.8364084548335193,up,0.956431990342344
GO:0048008,Platelet-Derived Growth Factor Receptor Signaling Pathway,0.9082936374932209,17,17,2.3340008370789107,up,0.957117577228723
GO:0002478,Antigen Processing and Presentation of Exogenous Peptide Antigen,0.9090827181541719,29,29,1.0532047372657094,down,0.9576532278023101
GO:0031348,Negative Regulation of Defense Response,0.9107637664304677,108,108,1.2533709621741425,up,0.9583816981930757
GO:0051932,"Synaptic Transmission, GABAergic",0.9108981136153479,12,12,-0.8799658074652517,down,0.9583816981930757
GO:1990535,Neuron Projection Maintenance,0.9100793759085136,10,10,0.5507447909560287,down,0.9583816981930757
GO:1903358,Regulation of Golgi Organization,0.9104871204691057,15,15,2.527762468780393,up,0.9583816981930757
GO:0030521,Androgen Receptor Signaling Pathway,0.9118558972761379,16,16,0.5416146522311427,down,0.9590935755809148
GO:0045745,Positive Regulation of G Protein-Coupled Receptor Signaling Pathway,0.9129277154541013,23,23,1.3099710830394669,up,0.9599249190548519
GO:0050866,Negative Regulation of Cell Activation,0.9146664325738396,12,12,0.044372235832790874,down,0.9611605673165025
GO:0043507,Positive Regulation of JUN Kinase Activity,0.9145694123939255,24,24,1.4486153297033943,up,0.9611605673165025
GO:0016339,Calcium-Dependent Cell-Cell Adhesion via Plasma Membrane Cell Adhesion Molecules,0.915885293900592,38,38,1.6258411414587617,up,0.9621449761302493
GO:0006650,Glycerophospholipid Metabolic Process,0.9167900434961663,60,60,1.4461274444287064,up,0.9623343597026179
GO:0070169,Positive Regulation of Biomineral Tissue Development,0.9166111192732859,40,40,1.8417082090880526,up,0.9623343597026179
GO:0002312,B Cell Activation Involved in Immune Response,0.9171940789777809,15,15,1.9476657659660657,up,0.9623343597026179
GO:1901379,Regulation of Potassium Ion Transmembrane Transport,0.9171935762189806,37,37,1.3912778498885032,up,0.9623343597026179
GO:0034103,Regulation of Tissue Remodeling,0.9188605565819845,17,17,0.0188410357214578,down,0.9637863956030593
GO:0006883,Intracellular Sodium Ion Homeostasis,0.9218463070058771,15,15,0.419024137551245,down,0.9640369286357373
GO:0042795,snRNA Transcription by RNA Polymerase II,0.9209894074315859,10,10,0.8109485124627527,down,0.9640369286357373
GO:0032367,Intracellular Cholesterol Transport,0.920198918403996,14,14,1.8255512913567595,up,0.9640369286357373
GO:1901385,Regulation of Voltage-Gated Calcium Channel Activity,0.9209776599522096,12,12,0.49010970466611875,down,0.9640369286357373
GO:0051788,Response to Misfolded Protein,0.9206996994680754,12,12,2.294851233231353,up,0.9640369286357373
GO:0006622,Protein Targeting to Lysosome,0.9219256702461961,24,24,1.347736684828133,up,0.9640369286357373
GO:0033209,Tumor Necrosis Factor-Mediated Signaling Pathway,0.9212229100542761,34,34,1.6212976576930882,up,0.9640369286357373
GO:2000052,Positive Regulation of Non-Canonical Wnt Signaling Pathway,0.921554892001259,10,10,0.495271418651856,down,0.9640369286357373
GO:0030834,Regulation of Actin Filament Depolymerization,0.9196673598955095,12,12,0.620525207260118,down,0.9640369286357373
GO:0008090,Retrograde Axonal Transport,0.920015110831358,14,14,0.8690190357507251,down,0.9640369286357373
GO:0034138,Toll-Like Receptor 3 Signaling Pathway,0.923055948125368,11,11,2.6111758247950827,up,0.9649230275990285
GO:1903036,Positive Regulation of Response to Wounding,0.9233843538639163,29,29,0.8280443855297455,down,0.9649705977419787
GO:1904705,Regulation of Vascular Associated Smooth Muscle Cell Proliferation,0.9244414070024125,36,36,0.2858994926670072,down,0.9657793688469308
GO:1901021,Positive Regulation of Calcium Ion Transmembrane Transporter Activity,0.9252678060489139,17,17,0.7718499532070074,down,0.9663467502856231
GO:1903672,Positive Regulation of Sprouting Angiogenesis,0.9270573486544804,18,18,0.9595893453440109,down,0.9679193805510967
GO:1902692,Regulation of Neuroblast Proliferation,0.928207922296538,12,12,1.7415930749813493,up,0.9688241196308113
GO:0031272,Regulation of Pseudopodium Assembly,0.9317721630292114,11,11,2.355524395641916,up,0.9707620183545022
GO:0060998,Regulation of Dendritic Spine Development,0.9316026753267488,19,19,1.4344737721505418,up,0.9707620183545022
GO:0007229,Integrin-Mediated Signaling Pathway,0.9306816326765341,86,86,1.983833957423847,up,0.9707620183545022
GO:0002431,Fc Receptor Mediated Stimulatory Signaling Pathway,0.9307460656644473,23,23,0.9142992738552088,down,0.9707620183545022
GO:0031274,Positive Regulation of Pseudopodium Assembly,0.9317721630292114,11,11,2.355524395641916,up,0.9707620183545022
GO:0043433,Negative Regulation of DNA-binding Transcription Factor Activity,0.9315874471196068,115,115,1.6306419991326555,up,0.9707620183545022
GO:0006308,DNA Catabolic Process,0.9325485623090004,17,17,2.396876731241139,up,0.9709708313495713
GO:1905475,Regulation of Protein Localization to Membrane,0.9326552612512402,34,34,1.3451494137503999,up,0.9709708313495713
GO:0098656,Monoatomic Anion Transmembrane Transport,0.933111224029286,64,64,0.6300974280390671,down,0.9709708313495713
GO:1900273,Positive Regulation of Long-Term Synaptic Potentiation,0.9330595611602089,11,11,1.223926858879774,up,0.9709708313495713
GO:0038096,Fc-gamma Receptor Signaling Pathway Involved in Phagocytosis,0.9338477891389586,21,21,0.9142992738552088,down,0.9711447587661548
GO:0045616,Regulation of Keratinocyte Differentiation,0.9338351196160475,27,27,2.45598122323468,up,0.9711447587661548
GO:0010880,Regulation of Release of Sequestered Calcium Ion Into Cytosol by Sarcoplasmic Reticulum,0.9367889042606274,22,22,1.1081387282560913,down,0.9725551200690833
GO:2000147,Positive Regulation of Cell Motility,0.9369147242881875,235,235,1.502170281435972,up,0.9725551200690833
GO:1900226,Negative Regulation of NLRP3 Inflammasome Complex Assembly,0.9355811905318508,13,13,0.7971616073279969,down,0.9725551200690833
GO:0051341,Regulation of Oxidoreductase Activity,0.9367654067481238,18,18,1.6920803744555286,up,0.9725551200690833
GO:0045785,Positive Regulation of Cell Adhesion,0.9362924564779666,89,89,1.913166425051156,up,0.9725551200690833
GO:0045937,Positive Regulation of Phosphate Metabolic Process,0.9365831990385612,22,22,1.0644676396653256,down,0.9725551200690833
GO:0034498,Early Endosome to Golgi Transport,0.9377645543133172,16,16,1.205696259523578,up,0.9726907688682095
GO:0034765,Regulation of Monoatomic Ion Transmembrane Transport,0.9379008908846499,23,23,1.8296885889748475,up,0.9726907688682095
GO:0002062,Chondrocyte Differentiation,0.9375672366433947,31,31,0.1627029759551224,down,0.9726907688682095
GO:0051129,Negative Regulation of Cellular Component Organization,0.938259657817718,73,73,1.40869891745866,up,0.9727670798833544
GO:0071044,Histone mRNA Catabolic Process,0.939852126541156,14,14,2.3866580481835684,up,0.9727962891911893
GO:0034389,Lipid Droplet Organization,0.9388760818797501,32,32,1.9027861614214412,up,0.9727962891911893
GO:0042308,Negative Regulation of Protein Import Into Nucleus,0.9397569608516225,10,10,0.21644656272079815,down,0.9727962891911893
GO:0051928,Positive Regulation of Calcium Ion Transport,0.9387861560481436,29,29,2.31484618069832,up,0.9727962891911893
GO:0009967,Positive Regulation of Signal Transduction,0.9399989941876752,238,238,1.3206462158772299,up,0.9727962891911893
GO:0032780,Negative Regulation of ATP-dependent Activity,0.939288789627911,13,13,0.6188932365590577,down,0.9727962891911893
GO:0042733,Embryonic Digit Morphogenesis,0.9415900051866307,16,16,1.4639180113589134,up,0.974147257413284
GO:0032102,Negative Regulation of Response to External Stimulus,0.9420150737224627,135,135,1.0395815750797306,down,0.9742915149991875
GO:0016126,Sterol Biosynthetic Process,0.9425928105241478,28,28,2.0040569793182508,up,0.97429820505996
GO:0048268,Clathrin Coat Assembly,0.9425451334888112,15,15,0.6959881811053737,down,0.97429820505996
GO:0045022,Early Endosome to Late Endosome Transport,0.9436088673461382,22,22,0.6428588892621244,down,0.9745849054492999
GO:0072337,Modified Amino Acid Transport,0.9432928089623017,15,15,0.552065368775965,down,0.9745849054492999
GO:0003009,Skeletal Muscle Contraction,0.9437273358836228,16,16,0.6941248895269143,down,0.9745849054492999
GO:1902175,Regulation of Oxidative Stress-Induced Intrinsic Apoptotic Signaling Pathway,0.9448529293931405,19,19,0.9959295413780892,down,0.9752069246270237
GO:0046851,Negative Regulation of Bone Remodeling,0.9449014617098545,10,10,1.6059729827461955,up,0.9752069246270237
GO:0002042,Cell Migration Involved in Sprouting Angiogenesis,0.9462736398351095,21,21,0.9163146591073872,down,0.9757374200355377
GO:0016525,Negative Regulation of Angiogenesis,0.946186065071631,87,87,1.4395972352351816,up,0.9757374200355377
GO:1900747,Negative Regulation of Vascular Endothelial Growth Factor Signaling Pathway,0.9459917006761921,10,10,1.7827311869246056,up,0.9757374200355377
GO:0060562,Epithelial Tube Morphogenesis,0.9466494554929166,30,30,0.6062628404510166,down,0.975829946414729
GO:0006692,Prostanoid Metabolic Process,0.9476785211271241,23,23,1.025858360830724,down,0.9765955998684654
GO:0006743,Ubiquinone Metabolic Process,0.9484860525547415,16,16,1.3725370284563843,up,0.9768375378213234
GO:0072665,Protein Localization to Vacuole,0.9484860525547415,16,16,2.0519108476261136,up,0.9768375378213234
GO:0090025,Regulation of Monocyte Chemotaxis,0.949312795976606,25,25,1.0407534034239512,down,0.9773938868325395
GO:0009167,Purine Ribonucleoside Monophosphate Metabolic Process,0.949692963009265,12,12,1.1541216773438006,down,0.9774902525119502
GO:0043406,Positive Regulation of MAP Kinase Activity,0.9514213487158273,61,61,1.6061348927583412,up,0.9789738221628014
GO:0044793,Negative Regulation by Host of Viral Process,0.9524221649685481,14,14,1.0308156137340303,down,0.9793278098257937
GO:0006474,N-terminal Protein Amino Acid Acetylation,0.953102446729243,10,10,0.9707081163641417,down,0.9793278098257937
GO:0002763,Positive Regulation of Myeloid Leukocyte Differentiation,0.9531846718807018,38,38,1.2312028529869203,up,0.9793278098257937
GO:0043506,Regulation of JUN Kinase Activity,0.9537751346353817,33,33,1.2910957666484475,up,0.9793278098257937
GO:0002756,MyD88-independent Toll-Like Receptor Signaling Pathway,0.9527225065818071,11,11,2.6111758247950827,up,0.9793278098257937
GO:0048678,Response to Axon Injury,0.953670553507247,18,18,0.8879900495812474,down,0.9793278098257937
GO:0060612,Adipose Tissue Development,0.9534425752571121,13,13,1.7559345514525728,up,0.9793278098257937
GO:0034113,Heterotypic Cell-Cell Adhesion,0.954544194707791,29,29,2.08597023707805,up,0.9798225242697186
GO:0043651,Linoleic Acid Metabolic Process,0.9560816822594653,15,15,0.7858770926682934,down,0.9800932613623358
GO:0062009,Secondary Palate Development,0.9559390936848998,10,10,0.7531507514704125,down,0.9800932613623358
GO:0031632,Positive Regulation of Synaptic Vesicle Fusion to Presynaptic Active Zone Membrane,0.9562446126689691,10,10,1.088156862542895,down,0.9800932613623358
GO:0048710,Regulation of Astrocyte Differentiation,0.9553855108658341,11,11,0.8574787451816707,down,0.9800932613623358
GO:0099502,Calcium-Dependent Activation of Synaptic Vesicle Fusion,0.9562446126689691,10,10,1.088156862542895,down,0.9800932613623358
GO:0002548,Monocyte Chemotaxis,0.957574982104563,18,18,-0.24562844255621916,down,0.981161989774306
GO:0045089,Positive Regulation of Innate Immune Response,0.9585454876359412,44,44,0.6987775195053141,down,0.981299657502274
GO:0015800,Acidic Amino Acid Transport,0.958417665938289,12,12,1.0770754987653075,down,0.981299657502274
GO:1903307,Positive Regulation of Regulated Secretory Pathway,0.9585724007028956,13,13,1.3298419181281311,up,0.981299657502274
GO:2000629,Negative Regulation of miRNA Metabolic Process,0.9591130272594919,27,27,1.7828804950300252,up,0.9815585166463027
GO:0055010,Ventricular Cardiac Muscle Tissue Morphogenesis,0.9596668967928376,25,25,1.7666248981231691,up,0.9818307693342437
GO:0030032,Lamellipodium Assembly,0.9609375037743472,25,25,1.819901038740097,up,0.9828359296474657
GO:0003177,Pulmonary Valve Development,0.962990621591797,20,20,0.8684230278076666,down,0.9846405906024039
GO:2001259,Positive Regulation of Cation Channel Activity,0.9638381689070465,25,25,0.7718499532070074,down,0.9849167148418022
GO:0048814,Regulation of Dendrite Morphogenesis,0.9637000995871865,29,29,1.8230475138909428,up,0.9849167148418022
GO:0042552,Myelination,0.9648132403090051,48,48,0.8949016072255188,down,0.9853227433215618
GO:1903054,Negative Regulation of Extracellular Matrix Organization,0.9646264782488733,11,11,1.0463874719854016,down,0.9853227433215618
GO:0150011,Regulation of Neuron Projection Arborization,0.9660404533929737,13,13,1.6061348927583412,up,0.9859856333104229
GO:0033144,Negative Regulation of Intracellular Steroid Hormone Receptor Signaling Pathway,0.965759381527326,30,30,1.2590059752661882,up,0.9859856333104229
GO:0035278,miRNA-mediated Gene Silencing by Inhibition of Translation,0.9678522134339547,17,17,1.6697536864264626,up,0.986225681000692
GO:0090314,Positive Regulation of Protein Targeting to Membrane,0.9678773406060438,19,19,1.502170281435972,up,0.986225681000692
GO:1901798,Positive Regulation of Signal Transduction by P53 Class Mediator,0.9675405407782042,27,27,-0.1978447099643446,down,0.986225681000692
GO:1901136,Carbohydrate Derivative Catabolic Process,0.9674491239264785,22,22,2.000145126427737,up,0.986225681000692
GO:0060999,Positive Regulation of Dendritic Spine Development,0.9677822609774556,19,19,1.2584254185238424,up,0.986225681000692
GO:0044273,Sulfur Compound Catabolic Process,0.9680104309558243,25,25,2.1061830576460934,up,0.986225681000692
GO:0061572,Actin Filament Bundle Organization,0.9688513265651779,34,34,1.288938908319888,up,0.9864930969892005
GO:1904262,Negative Regulation of TORC1 Signaling,0.9686243014503315,48,48,1.0651890263539108,down,0.9864930969892005
GO:0032897,Negative Regulation of Viral Transcription,0.9702831018747364,14,14,2.1712809769980774,up,0.9876561207086619
GO:0015936,Coenzyme A Metabolic Process,0.9708369278943013,14,14,2.53153278813609,up,0.9878195709365911
GO:0010557,Positive Regulation of Macromolecule Biosynthetic Process,0.971022873453647,331,331,1.1116808429179137,down,0.9878195709365911
GO:0043009,Chordate Embryonic Development,0.9717580171283408,56,56,1.324545206731278,up,0.9881794998815093
GO:1903376,Regulation of Oxidative Stress-Induced Neuron Intrinsic Apoptotic Signaling Pathway,0.9719560897398017,11,11,1.442737990909003,up,0.9881794998815093
GO:0045579,Positive Regulation of B Cell Differentiation,0.9726199494631452,10,10,0.9658441799080575,down,0.9884004582616694
GO:1904177,Regulation of Adipose Tissue Development,0.9736222631953121,11,11,1.8797411277397045,up,0.9884004582616694
GO:0002009,Morphogenesis of an Epithelium,0.9732784865331879,26,26,1.241352042694235,up,0.9884004582616694
GO:0034109,Homotypic Cell-Cell Adhesion,0.9727562590301626,44,44,1.9529356379090737,up,0.9884004582616694
GO:0010717,Regulation of Epithelial to Mesenchymal Transition,0.9733522498326422,87,87,1.5290325989705051,up,0.9884004582616694
GO:1902532,Negative Regulation of Intracellular Signal Transduction,0.9753105445595492,285,285,1.625447693537111,up,0.9898030963881046
GO:0051251,Positive Regulation of Lymphocyte Activation,0.9755842890814446,47,47,0.7781464103671251,down,0.9898030963881046
GO:0070885,Negative Regulation of calcineurin-NFAT Signaling Cascade,0.9771200229064799,10,10,1.526656783262578,up,0.9902731601509901
GO:0071634,Regulation of Transforming Growth Factor Beta Production,0.9779551802078544,12,12,2.4532028704868702,up,0.9902731601509901
GO:0010804,Negative Regulation of Tumor Necrosis Factor-Mediated Signaling Pathway,0.9780674168011181,20,20,1.001981409087249,down,0.9902731601509901
GO:0009065,Glutamine Family Amino Acid Catabolic Process,0.978079823086686,11,11,1.3875512463624904,up,0.9902731601509901
GO:0031032,Actomyosin Structure Organization,0.9764473022568003,81,81,1.134267992534056,down,0.9902731601509901
GO:2000181,Negative Regulation of Blood Vessel Morphogenesis,0.9779980463093404,76,76,1.6034891179201316,up,0.9902731601509901
GO:0106057,Negative Regulation of Calcineurin-Mediated Signaling,0.9771200229064799,10,10,1.526656783262578,up,0.9902731601509901
GO:0090049,Regulation of Cell Migration Involved in Sprouting Angiogenesis,0.9785162819477079,31,31,1.724250864212041,up,0.9904210794432141
GO:0006936,Muscle Contraction,0.9794464439157713,81,81,1.1937285539549258,down,0.9910627575208143
GO:0014033,Neural Crest Cell Differentiation,0.979731345165695,16,16,1.0146358564584474,down,0.9910627575208143
GO:0106120,Positive Regulation of Sterol Biosynthetic Process,0.9809470761428567,12,12,1.1319061000931485,down,0.9911168473706411
GO:0045542,Positive Regulation of Cholesterol Biosynthetic Process,0.9809470761428567,12,12,1.1319061000931485,down,0.9911168473706411
GO:0006110,Regulation of Glycolytic Process,0.9805317392699894,39,39,1.7828804950300252,up,0.9911168473706411
GO:0007612,Learning,0.9804931119601928,41,41,1.223926858879774,up,0.9911168473706411
GO:0090140,Regulation of Mitochondrial Fission,0.9812785171837645,25,25,1.442737990909003,up,0.9911581350647973
GO:0034982,Mitochondrial Protein Processing,0.9821889315820878,10,10,1.6730091254496169,up,0.9917840277165487
GO:0010556,Regulation of Macromolecule Biosynthetic Process,0.9826708828401358,136,136,1.3808066857678412,up,0.9919770291114837
GO:0032727,Positive Regulation of Interferon-Alpha Production,0.9842812525323275,21,21,0.8011067983097309,down,0.9926635239183488
GO:0016242,Negative Regulation of Macroautophagy,0.9844206954602012,26,26,1.2250389637760084,up,0.9926635239183488
GO:0031648,Protein Destabilization,0.9837761650648509,41,41,1.467160349268554,up,0.9926635239183488
GO:0030501,Positive Regulation of Bone Mineralization,0.9845150106759818,37,37,1.819309271808011,up,0.9926635239183488
GO:0044248,Cellular Catabolic Process,0.9857093375733901,27,27,0.8536894395031787,down,0.9935740397348799
GO:0050679,Positive Regulation of Epithelial Cell Proliferation,0.987005050099538,111,111,1.4041942542254675,up,0.993715972166382
GO:1904994,Regulation of Leukocyte Adhesion to Vascular Endothelial Cell,0.9867321311685536,12,12,1.4409576003960267,up,0.993715972166382
GO:0006470,Protein Dephosphorylation,0.9870154540309887,86,86,1.509084991808746,up,0.993715972166382
GO:0071474,Cellular Hyperosmotic Response,0.9866218015273844,11,11,1.6959376680252762,up,0.993715972166382
GO:0060055,Angiogenesis Involved in Wound Healing,0.9886134693878735,10,10,1.692285105860599,up,0.994444277228557
GO:1905897,Regulation of Response to Endoplasmic Reticulum Stress,0.9882567760969055,15,15,0.9228667568632168,down,0.994444277228557
GO:0035970,Peptidyl-Threonine Dephosphorylation,0.9885260548107705,10,10,1.7412710838543868,up,0.994444277228557
GO:0002840,Regulation of T Cell Mediated Immune Response to Tumor Cell,0.990122427967771,11,11,1.0407534034239512,down,0.9956685146810338
GO:1990778,Protein Localization to Cell Periphery,0.9924997537030045,132,132,1.1330582269490166,down,0.9975572252926819
GO:0010975,Regulation of Neuron Projection Development,0.9925855240819004,168,168,1.560365578459191,up,0.9975572252926819
GO:0051151,Negative Regulation of Smooth Muscle Cell Differentiation,0.9933777422672126,10,10,1.7862945493527271,up,0.9980593457653791
GO:0033138,Positive Regulation of Peptidyl-Serine Phosphorylation,0.994420318942005,28,28,1.25319799341672,up,0.9982247521810415
GO:0007399,Nervous System Development,0.994125461435528,423,423,1.0162337812555755,down,0.9982247521810415
GO:1903779,Regulation of Cardiac Conduction,0.9943135548493055,18,18,1.8092520767298095,up,0.9982247521810415
GO:0001954,Positive Regulation of Cell-Matrix Adhesion,0.9948171924512408,44,44,2.3541897144446766,up,0.99829716649432
GO:0030947,Regulation of Vascular Endothelial Growth Factor Receptor Signaling Pathway,0.9950777971505974,26,26,1.3373209208793941,up,0.99829716649432
GO:0034067,Protein Localization to Golgi Apparatus,0.9958654346831937,29,29,1.0433200847870292,down,0.9983447646498628
GO:0007519,Skeletal Muscle Tissue Development,0.9962959773873155,32,32,1.1696528126946932,down,0.9983447646498628
GO:0003007,Heart Morphogenesis,0.9961909880121556,52,52,1.7237443686221288,up,0.9983447646498628
GO:0045744,Negative Regulation of G Protein-Coupled Receptor Signaling Pathway,0.9961891478182753,35,35,0.7079729206661791,down,0.9983447646498628
GO:2001240,Negative Regulation of Extrinsic Apoptotic Signaling Pathway in Absence of Ligand,0.9978822136178622,20,20,1.111945023370536,down,0.9987606310594273
GO:0000289,Nuclear-Transcribed mRNA poly(A) Tail Shortening,0.9977361672154064,16,16,0.724692112089333,down,0.9987606310594273
GO:1901099,Negative Regulation of Signal Transduction in Absence of Ligand,0.9978822136178622,20,20,1.111945023370536,down,0.9987606310594273
GO:0045088,Regulation of Innate Immune Response,0.9975914540401756,82,82,1.135609676445623,down,0.9987606310594273
GO:0043268,Positive Regulation of Potassium Ion Transport,0.998658749763664,17,17,1.6090274624089853,up,0.9992446451874033
GO:0043302,Positive Regulation of Leukocyte Degranulation,0.9995011849815011,12,12,2.349798912322302,up,0.9995011849815011
GO:0010819,Regulation of T Cell Chemotaxis,0.9993331427377602,11,11,1.6061348927583412,up,0.9995011849815011
