term_id,term_name,gprofiler_padj,wilcoxon_padj,n_methods_tested,n_methods_significant,score
GO:0000070,Mitotic Sister Chromatid Segregation,7.823788874121273e-17,2.3879155441853185e-19,2,2,34.72856391495239
GO:0140014,Mitotic Nuclear Division,2.1537598951588017e-17,8.295872210468714e-10,2,2,25.7479406606673
GO:0000819,Sister Chromatid Segregation,1.3450595463861348e-16,1.221724894128486e-09,2,2,24.78428506558081
GO:0098813,Nuclear Chromosome Segregation,1.507667571448893e-19,0.0002399630220957,2,2,22.441550083537543
GO:0010564,Regulation of Cell Cycle Process,2.4294016686831743e-11,1.9719039732597123e-09,2,2,19.319614912467614
GO:0051310,Metaphase Chromosome Alignment,7.726530918977353e-09,2.2232450223116247e-11,2,2,18.765028124525692
GO:0007094,Mitotic Spindle Assembly Checkpoint Signaling,9.045048863534014e-11,9.448279991676648e-09,2,2,18.068236327893597
GO:0071173,Spindle Assembly Checkpoint Signaling,9.045048863534014e-11,9.448279991676648e-09,2,2,18.068236327893597
GO:0071174,Mitotic Spindle Checkpoint Signaling,9.045048863534014e-11,9.448279991676648e-09,2,2,18.068236327893597
GO:0007052,Mitotic Spindle Organization,1.0685711560649115e-06,3.460257113986944e-12,2,2,17.43208818271258
GO:0045841,Negative Regulation of Mitotic Metaphase/Anaphase Transition,2.37958295195381e-10,1.7891613571822293e-08,2,2,17.37084964156618
GO:0090068,Positive Regulation of Cell Cycle Process,3.456214150219289e-07,5.563392558085732e-11,2,2,16.71605965083312
GO:0044772,Mitotic Cell Cycle Phase Transition,3.800776271245397e-11,7.021478379104513e-07,2,2,16.57369913105553
GO:0007088,Regulation of Mitotic Nuclear Division,7.12633981154064e-13,4.3106343148400384e-05,2,2,16.512592290844783
GO:0051726,Regulation of Cell Cycle,1.2340569534760639e-10,2.508121026026535e-07,2,2,16.509316307571027
GO:0051276,Chromosome Organization,4.654997063223151e-14,0.002286083196738,2,2,15.972988557177981
GO:1902850,Microtubule Cytoskeleton Organization Involved in Mitosis,1.0315387574830277e-08,2.6483722508491962e-08,2,2,15.563535421081289
GO:0051783,Regulation of Nuclear Division,1.40044439638038e-11,6.773972321032879e-05,2,2,15.022890712090714
GO:0006260,DNA Replication,0.0001014130041848,2.0093161084066467e-11,2,2,14.690858085935133
GO:0007080,Mitotic Metaphase Chromosome Alignment,3.5662541564384448e-06,6.41795928852074e-10,2,2,14.640390751289711
GO:1901990,Regulation of Mitotic Cell Cycle Phase Transition,6.645330876315037e-09,3.829965185247794e-07,2,2,14.594288564106957
GO:0006261,DNA-templated DNA Replication,1.5365036728759756e-05,4.374032350059056e-10,2,2,14.172584406536593
GO:0007346,Regulation of Mitotic Cell Cycle,1.1091802787632363e-09,1.1132394294025188e-05,2,2,13.908409280740948
GO:0030071,Regulation of Mitotic Metaphase/Anaphase Transition,1.1068267031340122e-08,1.1165352661016875e-05,2,2,12.908047926735831
GO:0010965,Regulation of Mitotic Sister Chromatid Separation,2.3117796898206839e-10,0.0006024927089905,2,2,12.856101760383652
GO:0032787,Monocarboxylic Acid Metabolic Process,8.119410409331454e-05,4.720432648513122e-09,2,2,12.416493700423771
GO:0033047,Regulation of Mitotic Sister Chromatid Segregation,3.049532672881069e-10,0.0142133083687552,2,2,11.363071530728682
GO:1901992,Positive Regulation of Mitotic Cell Cycle Phase Transition,0.0058715673237419,2.3455962812670898e-08,2,2,9.86099269068087
GO:0019373,Epoxygenase P450 Pathway,9.267060004424995e-06,2.9446948703075377e-05,2,2,9.564017725103287
GO:1902099,Regulation of Metaphase/Anaphase Transition of Cell Cycle,2.4550402147522432e-08,0.0144893083538755,2,2,9.448893734578872
GO:0006270,DNA Replication Initiation,1.657141788637308e-06,0.000225940341729,2,2,9.426646549535926
GO:0008202,Steroid Metabolic Process,0.0008068901570097,8.760175950144283e-07,2,2,9.150672753158105
GO:0007093,Mitotic Cell Cycle Checkpoint Signaling,2.2210449820852733e-07,0.0042651433331174,2,2,9.023509015222924
GO:0010948,Negative Regulation of Cell Cycle Process,1.2597338088613351e-06,0.0010347083425569,2,2,8.884903264154318
GO:0044839,Cell Cycle G2/M Phase Transition,0.0013305196575335,5.076424630573365e-06,2,2,8.170420762036953
GO:0000086,G2/M Transition of Mitotic Cell Cycle,0.0018535105752788,4.445736811525945e-06,2,2,8.084061182935658
GO:0006629,Lipid Metabolic Process,0.0008325157525237,1.050082412228119e-05,2,2,8.058384155634236
GO:0090307,Mitotic Spindle Assembly,0.0022231415041407,4.70185473219102e-06,2,2,7.9807636862481015
GO:0001523,Retinoid Metabolic Process,0.0024758951983218,5.9588874799102096e-06,2,2,7.831102557593253
GO:0051225,Spindle Assembly,0.0066539608431156,2.62328344313681e-06,2,2,7.7580745409658896
GO:0030174,Regulation of DNA-templated DNA Replication Initiation,9.809927906162968e-05,0.0002243510595174,2,2,7.657406059401019
GO:0019752,Carboxylic Acid Metabolic Process,4.873057082518935e-06,0.0098814847406771,2,2,7.31737629697713
GO:0000727,Double-Strand Break Repair via Break-Induced Replication,0.0024313958232116,2.23313201218666e-05,2,2,7.265229936430497
GO:0019369,Arachidonate Metabolic Process,0.0096073566730086,1.881921124648578e-05,2,2,6.742794668561988
GO:0043436,Oxoacid Metabolic Process,8.189885893883685e-06,0.0255243625390976,2,2,6.6797672444727265
GO:0051315,Attachment of Mitotic Spindle Microtubules to Kinetochore,8.188818946099796e-05,0.0027235474190991,2,2,6.6516437899013425
GO:0072330,Monocarboxylic Acid Biosynthetic Process,0.0249599187571435,1.28686536063837e-05,2,2,6.493223721727779
GO:0090266,Regulation of Mitotic Cell Cycle Spindle Assembly Checkpoint,0.0074433855212804,4.771122994551378e-05,2,2,6.449608874300685
GO:0001676,Long-Chain Fatty Acid Metabolic Process,0.0107775334480586,3.959952183856915e-05,2,2,6.36979067875776
GO:1901970,Positive Regulation of Mitotic Sister Chromatid Separation,0.0231854144662389,6.0234965038297246e-05,2,2,5.854936473576202
GO:0042573,Retinoic Acid Metabolic Process,0.0023445943855277,0.000694385271367,2,2,5.78833177890103
GO:0015850,Organic Hydroxy Compound Transport,0.0007485441456992,0.0033084115540434,2,2,5.606163053016882
GO:0051984,Positive Regulation of Chromosome Segregation,0.0007735000107261,0.0036027940559022,2,2,5.554900238394085
GO:0097267,Omega-Hydroxylase P450 Pathway,0.0255032986211001,0.000225940341729,2,2,5.2394098625889995
GO:0010389,Regulation of G2/M Transition of Mitotic Cell Cycle,0.041309711184964,0.0003901267075329,2,2,4.792742158836699
GO:0042178,Xenobiotic Catabolic Process,0.0160606028548994,0.0010282743633761,2,2,4.782129148721086
GO:1905820,Positive Regulation of Chromosome Separation,0.00164645338378,0.0102307972693344,2,2,4.7735410821154325
GO:0090329,Regulation of DNA-templated DNA Replication,0.0252738497031459,0.0006988092943537,2,2,4.752969928887614
GO:1902969,Mitotic DNA Replication,0.0033903200197872,0.0083082499666593,2,2,4.550249751361127
GO:0140694,Membraneless Organelle Assembly,0.0331144094843348,0.0009733902968942,2,2,4.491695972418262
GO:0030509,BMP Signaling Pathway,0.006538640251533,0.0251524721644854,2,2,3.7839318793117
GO:0071773,Cellular Response to BMP Stimulus,0.0079034502080254,0.0382404244334702,2,2,3.51966057453191
GO:0042759,Long-Chain Fatty Acid Biosynthetic Process,0.0320594561026061,0.0113057690984424,2,2,3.4407437383722597
GO:0006570,Tyrosine Metabolic Process,0.046539319998919,0.0417825881373771,2,2,2.711184628655083
GO:0006412,Translation,,1.2425466862148437e-29,1,1,28.905687284538633
GO:0042254,Ribosome Biogenesis,,1.7188913230083954e-28,1,1,27.764751580735737
GO:0002181,Cytoplasmic Translation,,3.2560103702090667e-28,1,1,27.487314220577247
GO:0009059,Macromolecule Biosynthetic Process,,5.9021415897059665e-27,1,1,26.228990376182992
GO:0010467,Gene Expression,,3.39266170786598e-25,1,1,24.46945944295779
GO:0022613,Ribonucleoprotein Complex Biogenesis,,2.265271080085221e-23,1,1,22.644879819460986
GO:0032502,developmental process,3.925435463709469e-23,,1,1,22.40611215828285
GO:0048856,anatomical structure development,4.099751823169073e-22,,1,1,21.387242432326705
GO:0032501,multicellular organismal process,1.4521964547759037e-21,,1,1,20.837974627813736
GO:0000280,nuclear division,2.785811959246453e-21,,1,1,20.55504820155805
GO:0007275,multicellular organism development,4.133921269738941e-21,,1,1,20.383637798740065
GO:0006281,DNA Repair,,9.197026214354671e-21,1,1,20.036352575640485
GO:0048731,system development,1.34580300389352e-20,,1,1,19.87101850666727
GO:0050896,response to stimulus,1.7478522581921972e-20,,1,1,19.75749528003319
GO:0000278,mitotic cell cycle,3.1496799456210585e-20,,1,1,19.501733574754073
GO:0048285,Organelle Fission,5.2460137534393844e-20,0.6184198641050708,2,1,19.488887144161783
GO:1903047,mitotic cell cycle process,1.647794790667101e-19,,1,1,18.783096874453268
GO:0006396,RNA Processing,,3.5453457236882013e-19,1,1,18.45034140827525
GO:0022402,cell cycle process,4.378430047217315e-19,,1,1,18.358681584485527
GO:0006259,DNA Metabolic Process,,8.182630723738214e-19,1,1,18.087107047780464
GO:0007049,cell cycle,1.85711047110608e-18,,1,1,17.73116226127649
GO:0006974,DNA Damage Response,,2.001008734442256e-18,1,1,17.698751015655745
GO:0007059,chromosome segregation,3.791892418853706e-18,,1,1,17.42114399268444
GO:0065007,biological regulation,9.958963866755968e-18,,1,1,17.00178584333915
GO:0000398,"mRNA Splicing, via Spliceosome",,3.2858796419124845e-17,1,1,16.483348348329613
GO:0006397,mRNA Processing,,3.980254255681814e-17,1,1,16.400089184631664
GO:0042274,Ribosomal Small Subunit Biogenesis,,1.129310648307854e-16,1,1,15.947186576862945
GO:0048513,animal organ development,2.3433128377059284e-16,,1,1,15.63016972821057
GO:0000377,"RNA Splicing, via Transesterification Reactions With Bulged Adenosine as Nucleophile",,4.346245199670513e-16,1,1,15.36188577597685
GO:0006364,rRNA Processing,,9.590074045751097e-16,1,1,15.018178039592948
GO:0050789,regulation of biological process,5.678920872745629e-15,,1,1,14.245734182517342
GO:0016072,rRNA Metabolic Process,,1.2532563605124861e-12,1,1,11.90196008258288
GO:0022618,protein-RNA Complex Assembly,,1.2532563605124861e-12,1,1,11.90196008258288
GO:0051716,cellular response to stimulus,4.402062177685636e-12,,1,1,11.356343827472116
GO:0007267,cell-cell signaling,4.458016662937144e-12,,1,1,11.350858312569974
GO:1905818,Regulation of Chromosome Separation,7.784807577680882e-11,0.0687689942178256,2,1,11.27135944510505
GO:0022414,reproductive process,2.2757065750212926e-11,,1,1,10.642883735714673
GO:0051983,Regulation of Chromosome Segregation,5.020441017538953e-10,0.0717674884209894,2,1,10.443330382944385
GO:0044770,cell cycle phase transition,4.915570489729859e-11,,1,1,10.308426071694745
GO:0006325,Chromatin Organization,,5.3888217628236184e-11,1,1,10.268506180609263
GO:0009062,Fatty Acid Catabolic Process,,5.563392558085732e-11,1,1,10.254660294760681
GO:0019395,Fatty Acid Oxidation,,5.563392558085732e-11,1,1,10.254660294760681
GO:0006635,Fatty Acid Beta-Oxidation,,6.874487647373644e-11,1,1,10.16275966407371
GO:0006886,Intracellular Protein Transport,,1.4092341231391292e-10,1,1,9.851016849374128
GO:0031577,spindle checkpoint signaling,1.4774622284422248e-10,,1,1,9.83048361311256
GO:0009888,tissue development,1.7232720142845802e-10,,1,1,9.763646164816222
GO:0006302,Double-Strand Break Repair,,2.0410382378693126e-10,1,1,9.690148858909563
GO:0033046,negative regulation of sister chromatid segregation,2.37958295195381e-10,,1,1,9.623499151151892
GO:0033048,negative regulation of mitotic sister chromatid segregation,2.37958295195381e-10,,1,1,9.623499151151892
GO:2000816,negative regulation of mitotic sister chromatid separation,2.37958295195381e-10,,1,1,9.623499151151892
GO:0006631,Fatty Acid Metabolic Process,,2.9270401250623055e-10,1,1,9.53357132403915
GO:0051301,cell division,3.6537420859643765e-10,,1,1,9.437262112318933
GO:0051985,negative regulation of chromosome segregation,5.933975722821592e-10,,1,1,9.22665423480822
GO:1902100,negative regulation of metaphase/anaphase transition of cell cycle,5.933975722821592e-10,,1,1,9.22665423480822
GO:1905819,negative regulation of chromosome separation,5.933975722821592e-10,,1,1,9.22665423480822
GO:0045839,negative regulation of mitotic nuclear division,7.031189189493958e-10,,1,1,9.152971216266346
GO:1901987,Regulation of Cell Cycle Phase Transition,7.337487547678282e-09,0.1016927721023288,2,1,9.127162536596181
GO:0051306,mitotic sister chromatid separation,7.47715931311882e-10,,1,1,9.12626336589989
GO:0051784,negative regulation of nuclear division,7.47715931311882e-10,,1,1,9.12626336589989
GO:0051304,chromosome separation,8.019120245872905e-10,,1,1,9.09587327427445
GO:0009653,anatomical structure morphogenesis,9.634461406702719e-10,,1,1,9.016172558604266
GO:0030154,cell differentiation,1.1660245133710475e-09,,1,1,8.933292319294095
GO:0048869,cellular developmental process,1.2032416012593248e-09,,1,1,8.919647161056762
GO:0033045,regulation of sister chromatid segregation,1.561502755680842e-09,,1,1,8.806457245006676
GO:1903046,meiotic cell cycle process,1.7760805950366439e-09,,1,1,8.750537330682693
GO:0007091,metaphase/anaphase transition of mitotic cell cycle,4.836358419938977e-09,,1,1,8.315481521286529
GO:0044784,metaphase/anaphase transition of cell cycle,1.068356521552012e-08,,1,1,7.971283794587639
GO:0140013,meiotic nuclear division,1.4117252138803068e-08,,1,1,7.8502498285739115
GO:0009410,response to xenobiotic stimulus,1.4748914859348192e-08,,1,1,7.831239931410119
GO:0006282,Regulation of DNA Repair,,1.5446553772653283e-08,1,1,7.8111683993761645
GO:0051321,meiotic cell cycle,1.7813842392150462e-08,,1,1,7.749242394420792
GO:0050000,chromosome localization,1.901888428302107e-08,,1,1,7.720814963946437
GO:0120254,olefinic compound metabolic process,2.121498288864761e-08,,1,1,7.67335731418579
GO:0050794,regulation of cellular process,2.143769268122275e-08,,1,1,7.6688219591721865
GO:0000724,Double-Strand Break Repair via Homologous Recombination,,2.2355669921542636e-08,1,1,7.650612311308365
GO:0007399,Nervous System Development,5.246761732390194e-08,0.9982247521810416,2,1,7.280880323156127
GO:0042273,Ribosomal Large Subunit Biogenesis,,5.7247004133253567e-08,1,1,7.2422472360176
GO:0007154,cell communication,8.152205429367854e-08,,1,1,7.0887248849735665
GO:0045786,Negative Regulation of Cell Cycle,1.2844516489409232e-07,0.8706843849276195,2,1,6.95142148360474
GO:0030490,Maturation of SSU-rRNA,,1.254144819127611e-07,1,1,6.9016523115782
GO:0000075,cell cycle checkpoint signaling,1.3253609393652294e-07,,1,1,6.877665832951285
GO:0000387,Spliceosomal snRNP Assembly,,1.5441901193642813e-07,1,1,6.811299230743959
GO:0008380,RNA Splicing,,2.1556901647903625e-07,1,1,6.666413659715099
GO:0008283,cell population proliferation,3.560182642613185e-07,,1,1,6.448527721509035
GO:0009636,response to toxic substance,3.747359918584376e-07,,1,1,6.426274592695263
GO:0042445,hormone metabolic process,4.275933279828884e-07,,1,1,6.36896907998997
GO:0048518,positive regulation of biological process,6.673216383330381e-07,,1,1,6.175664792643196
GO:0023052,signaling,7.904701737230549e-07,,1,1,6.102114512362855
GO:0008608,attachment of spindle microtubules to kinetochore,8.71174275397767e-07,,1,1,6.059894957193679
GO:0034728,Nucleosome Organization,,9.57410593812882e-07,1,1,6.01890177132971
GO:0045787,Positive Regulation of Cell Cycle,1.999449590960145e-05,0.0531938113108571,2,1,5.9732284321646265
GO:0048522,positive regulation of cellular process,1.077459004558363e-06,,1,1,5.967599245002766
GO:0048706,Embryonic Skeletal System Development,2.4231867352804744e-06,0.447530946218505,2,1,5.964790045408258
GO:0071466,Cellular Response to Xenobiotic Stimulus,1.8019407428899312e-06,0.6162679392414351,2,1,5.954489920408393
GO:1901988,Negative Regulation of Cell Cycle Phase Transition,1.1926712439473051e-06,0.948970283313422,2,1,5.946226638878671
GO:0007610,behavior,1.2000951924723506e-06,,1,1,5.920784304014213
GO:0006417,Regulation of Translation,,1.2407714997284946e-06,1,1,5.9063081907366834
GO:0099536,synaptic signaling,1.308608516455606e-06,,1,1,5.883190257629556
GO:2000573,Positive Regulation of DNA Biosynthetic Process,,1.4722347803283257e-06,1,1,5.832022926635457
GO:0000462,Maturation of SSU-rRNA Frm Tricistronic rRNA Trnscpt,,1.822296935297765e-06,1,1,5.739380855214715
GO:0002183,Cytoplasmic Translational Initiation,,2.119358419057189e-06,1,1,5.67379559059657
GO:0065008,regulation of biological quality,2.2978675094707477e-06,,1,1,5.638675015493054
GO:0007608,Sensory Perception of Smell,,2.62328344313681e-06,1,1,5.581154781792523
GO:0042127,regulation of cell population proliferation,2.6565226989341984e-06,,1,1,5.575686468864069
GO:0006334,Nucleosome Assembly,,2.742185011339348e-06,1,1,5.561903247324341
GO:0045739,Positive Regulation of DNA Repair,,2.8639183732972474e-06,1,1,5.543039364343152
GO:0051052,Regulation of DNA Metabolic Process,,2.949140506243277e-06,1,1,5.530304535812906
GO:0048519,negative regulation of biological process,3.3413450755659444e-06,,1,1,5.476078670523114
GO:1901991,Negative Regulation of Mitotic Cell Cycle Phase Transition,5.008410385263273e-06,0.711547872694449,2,1,5.448095968000921
GO:0001501,Skeletal System Development,1.0662983887452334e-05,0.3391765624827102,2,1,5.4416954127039
GO:0070887,cellular response to chemical stimulus,4.012924731966147e-06,,1,1,5.396538985992133
GO:0099537,trans-synaptic signaling,4.462153912503075e-06,,1,1,5.350455453729913
GO:0007268,Chemical Synaptic Transmission,6.343597877329869e-06,0.7240371633488124,2,1,5.337903496664097
GO:0140053,Mitochondrial Gene Expression,,4.708158413943889e-06,1,1,5.327148933011216
GO:0051054,Positive Regulation of DNA Metabolic Process,,5.076424630573365e-06,1,1,5.294442057380776
GO:0080135,Regulation of Cellular Response to Stress,,5.2389767359096e-06,1,1,5.280753530066755
GO:0098916,Anterograde Trans-Synaptic Signaling,6.343597877329869e-06,0.8473826147577386,2,1,5.269584805285847
GO:0000470,Maturation of LSU-rRNA,,5.564432421145104e-06,1,1,5.254579127633992
GO:0036297,Interstrand Cross-Link Repair,,5.564432421145104e-06,1,1,5.254579127633992
GO:0060429,Epithelium Development,8.771499671309757e-06,0.6384442490222535,2,1,5.251803169278696
GO:0006082,organic acid metabolic process,5.8235488311660735e-06,,1,1,5.2348122785653555
GO:0044818,Mitotic G2/M Transition Checkpoint,,7.073103479077462e-06,1,1,5.150389988168989
GO:0008284,Positive Regulation of Cell Population Proliferation,1.5758875693769275e-05,0.4674013615135763,2,1,5.132784797051464
GO:0010817,regulation of hormone levels,8.547606879830985e-06,,1,1,5.068155460051038
GO:0044773,Mitotic DNA Damage Checkpoint Signaling,,8.943991831664266e-06,1,1,5.048468606088327
GO:0007095,Mitotic G2 DNA Damage Checkpoint Signaling,,9.6715397183324e-06,1,1,5.014504380317775
GO:0065004,protein-DNA Complex Assembly,,1.0259356627234848e-05,1,1,4.988879873337521
GO:0034504,Protein Localization to Nucleus,,1.0981332380107814e-05,1,1,4.95934496314428
GO:0061982,meiosis I cell cycle process,1.1458340573892231e-05,,1,1,4.940878273449305
GO:0031507,Heterochromatin Formation,,1.28686536063837e-05,1,1,4.890466889141143
GO:0051084,'De Novo' Post-Translational Protein Folding,,1.3459257804733415e-05,1,1,4.870978888120653
GO:0009887,animal organ morphogenesis,1.3830800305938002e-05,,1,1,4.859152689131712
GO:0044281,small molecule metabolic process,1.4020660830251698e-05,,1,1,4.853231516457215
GO:0006366,Transcription by RNA Polymerase II,,1.4221514992472388e-05,1,1,4.847054136529996
GO:1903241,U2-type Prespliceosome Assembly,,1.5217241057188128e-05,1,1,4.817664079645014
GO:0010971,Positive Regulation of G2/M Transition of Mitotic Cell Cycle,,1.5968832648904195e-05,1,1,4.796726830428159
GO:0045727,Positive Regulation of Translation,,1.8652525737148637e-05,1,1,4.729262352089259
GO:0045930,Negative Regulation of Mitotic Cell Cycle,2.2942761251885037e-05,0.925040812162498,2,1,4.673193420299126
GO:0009083,Branched-Chain Amino Acid Catabolic Process,,2.759762213795714e-05,1,1,4.559128335936666
GO:0010569,Regulation of Double-Strand Break Repair via Homologous Recombination,,2.759762213795714e-05,1,1,4.559128335936666
GO:0006310,DNA Recombination,,2.7906445682545834e-05,1,1,4.554295474108111
GO:0045132,meiotic chromosome segregation,2.8374615906361837e-05,,1,1,4.547070008596234
GO:0043648,Dicarboxylic Acid Metabolic Process,,3.271461264232201e-05,1,1,4.4852582176030635
GO:0000281,Mitotic Cytokinesis,,3.312484029276983e-05,1,1,4.479846206946034
GO:2001251,negative regulation of chromosome organization,3.477239117509072e-05,,1,1,4.458765443385184
GO:0045814,"Negative Regulation of Gene Expression, Epigenetic",,3.5347261644146885e-05,1,1,4.451644225400351
GO:0050911,Detection of Chemical Stimulus Involved in Sensory Perception of Smell,,3.683386867408654e-05,1,1,4.433752664648429
GO:0051294,Establishment of Spindle Orientation,,3.683386867408654e-05,1,1,4.433752664648429
GO:0006950,response to stress,3.831534578581949e-05,,1,1,4.416627250697255
GO:0006418,tRNA Aminoacylation for Protein Translation,,4.243303790884784e-05,1,1,4.372295874671753
GO:0033044,Regulation of Chromosome Organization,0.000542267933352,0.0798381276673075,2,1,4.36357573302251
GO:1902751,Positive Regulation of Cell Cycle G2/M Phase Transition,,4.7868624041205005e-05,1,1,4.319949055908491
GO:0008210,Estrogen Metabolic Process,,4.943684590117268e-05,1,1,4.305949245269815
GO:0006351,DNA-templated Transcription,,5.150003943546957e-05,1,1,4.288192438403464
GO:0035295,tube development,5.206174038507501e-05,,1,1,4.283481317844133
GO:0006275,Regulation of DNA Replication,,5.4532419313522176e-05,1,1,4.263345234548545
GO:0050907,Detection of Chemical Stimulus Involved in Sensory Perception,,5.550873585324844e-05,1,1,4.255638663106079
GO:0006338,Chromatin Remodeling,,5.681015024765336e-05,1,1,4.245574062128472
GO:0006405,RNA Export From Nucleus,,6.037261257980602e-05,1,1,4.219160029969903
GO:0170040,Proteinogenic Amino Acid Catabolic Process,,6.165982877751457e-05,1,1,4.209997685595301
GO:0009790,embryo development,6.483347287881441e-05,,1,1,4.18820071429546
GO:0071459,"Protein Localization to Chromosome, Centromeric Region",,6.806451838937944e-05,1,1,4.167079224114142
GO:0000725,Recombinational Repair,,6.995455783478756e-05,1,1,4.155183984131242
GO:0019953,sexual reproduction,7.113669731149479e-05,,1,1,4.147906301825091
GO:0051128,Regulation of Cellular Component Organization,0.000365776538598,0.2955849744137916,2,1,3.966101800578625
GO:0051239,regulation of multicellular organismal process,0.0001098058702661,,1,1,3.9593744417071774
GO:0042255,Ribosome Assembly,,0.0001265441644175,1,1,3.897757877528355
GO:0007167,Enzyme-Linked Receptor Protein Signaling Pathway,,0.000129428860882,1,1,3.8879688710844595
GO:0032543,Mitochondrial Translation,,0.000129428860882,1,1,3.8879688710844595
GO:0006959,humoral immune response,0.0001448739278469,,1,1,3.8390097650535284
GO:0006805,xenobiotic metabolic process,0.0001480901419456,,1,1,3.829473850601841
GO:0022616,DNA Strand Elongation,,0.0001691163093252,1,1,3.771814507669038
GO:0043161,Proteasome-Mediated Ubiquitin-Dependent Protein Catabolic Process,,0.0001691163093252,1,1,3.771814507669038
GO:0033539,Fatty Acid Beta-Oxidation Using acyl-CoA Dehydrogenase,,0.0001747073547571,1,1,3.7576888118848952
GO:0007051,spindle organization,0.0001816307019444,,1,1,3.740810738645091
GO:0072359,Circulatory System Development,0.0003372262781579,0.5545734533846882,2,1,3.728119513887011
GO:1903027,Regulation of Opsonization,,0.0001917117012498,1,1,3.7173513788635586
GO:0044771,meiotic cell cycle phase transition,0.0001980355255009,,1,1,3.703256894864395
GO:0051170,Import Into Nucleus,,0.0002031133090782,1,1,3.6922616183487773
GO:0006626,Protein Targeting to Mitochondrion,,0.000206782110135,1,1,3.6844870371725427
GO:0031570,DNA Integrity Checkpoint Signaling,,0.000206782110135,1,1,3.6844870371725427
GO:0051303,Establishment of Chromosome Localization,,0.000206782110135,1,1,3.6844870371725427
GO:0044786,cell cycle DNA replication,0.0002118156540978,,1,1,3.674041946791949
GO:0001510,RNA Methylation,,0.000225940341729,1,1,3.6460062187206996
GO:0016070,RNA Metabolic Process,,0.000225940341729,1,1,3.6460062187206996
GO:0032774,RNA Biosynthetic Process,,0.000225940341729,1,1,3.6460062187206996
GO:0045048,Protein Insertion Into ER Membrane,,0.000225940341729,1,1,3.6460062187206996
GO:1904666,Regulation of Ubiquitin Protein Ligase Activity,,0.000225940341729,1,1,3.6460062187206996
GO:0019221,Cytokine-Mediated Signaling Pathway,,0.0002282235258561,1,1,3.6416395894407514
GO:0000723,Telomere Maintenance,,0.0002662475504169,1,1,3.5747143792163687
GO:0048598,embryonic morphogenesis,0.0002679033504591,,1,1,3.5720218549740976
GO:0010498,Proteasomal Protein Catabolic Process,,0.0002679476817868,1,1,3.571949996006284
GO:0042572,Retinol Metabolic Process,,0.0002710748199036,1,1,3.566910822090509
GO:0051169,Nuclear Transport,,0.0002710748199036,1,1,3.566910822090509
GO:0170035,L-amino Acid Catabolic Process,,0.0002710748199036,1,1,3.566910822090509
GO:0051988,Regulation of Attachment of Spindle Microtubules to Kinetochore,,0.0002786323099643,1,1,3.5549685245753615
GO:0032467,Positive Regulation of Cytokinesis,,0.0002840242193653,1,1,3.546644625135246
GO:0006367,Transcription Initiation at RNA Polymerase II Promoter,,0.0002841910534864,1,1,3.5463895980575493
GO:0009074,Aromatic Amino Acid Family Catabolic Process,,0.0002908057699335,1,1,3.53639698080674
GO:0048523,Negative Regulation of Cellular Process,0.000634593583049,0.4699281645602546,2,1,3.525472849055835
GO:0048704,Embryonic Skeletal System Morphogenesis,0.0018554808547547,0.1882623415153562,2,1,3.456780066505779
GO:0032465,Regulation of Cytokinesis,,0.0003569734444304,1,1,3.447364090235995
GO:0032986,protein-DNA Complex Disassembly,,0.0003569734444304,1,1,3.447364090235995
GO:0035239,tube morphogenesis,0.000364213682051,,1,1,3.438643743528359
GO:0071345,Cellular Response to Cytokine Stimulus,,0.0003684080330024,1,1,3.4336709087396287
GO:0007417,Central Nervous System Development,0.0010009396771487,0.3721452686726354,2,1,3.4288795931272094
GO:0000132,Establishment of Mitotic Spindle Orientation,,0.000374184180961,1,1,3.426914576714591
GO:0040001,Establishment of Mitotic Spindle Localization,,0.000374724047727,1,1,3.4262884353822667
GO:1901606,Alpha-Amino Acid Catabolic Process,,0.000374724047727,1,1,3.4262884353822667
GO:0006337,Nucleosome Disassembly,,0.0003929860737671,1,1,3.405622839429316
GO:0050793,regulation of developmental process,0.0004116711171397,,1,1,3.3854496020500524
GO:0040007,growth,0.0004137250313621,,1,1,3.383288202446118
GO:0045911,Positive Regulation of DNA Recombination,,0.0004150988295985,1,1,3.3818484911447992
GO:0051383,Kinetochore Organization,0.0051322754954396,0.0821513933116564,2,1,3.3750751055809567
GO:1904872,Regulation of Telomerase RNA Localization to Cajal Body,,0.0004260750601146,1,1,3.370513886056765
GO:0006913,Nucleocytoplasmic Transport,,0.0004564147767,1,1,3.3406403034839163
GO:0006271,DNA Strand Elongation Involved in DNA Replication,,0.0004578920298014,1,1,3.3392369158594977
GO:0006520,Amino Acid Metabolic Process,,0.0004599590400854,1,1,3.3372808410508554
GO:0009063,Amino Acid Catabolic Process,,0.0004800078331974,1,1,3.3187516753605615
GO:0051231,spindle elongation,0.0004875346558565,,1,1,3.311994507529968
GO:0033559,Unsaturated Fatty Acid Metabolic Process,0.0019071990764425,0.256113501382681,2,1,3.311171498731024
GO:0032200,Telomere Organization,,0.0005059772528993,1,1,3.29586900719651
GO:1901605,Alpha-Amino Acid Metabolic Process,,0.0005069449792722,1,1,3.295039173793186
GO:0034501,Protein Localization to Kinetochore,,0.0005156195200792,1,1,3.2876706496929304
GO:0098754,detoxification,0.0005271589700297,,1,1,3.278058399216637
GO:0060236,Regulation of Mitotic Spindle Organization,,0.0005333353470661,1,1,3.272999632279905
GO:0090169,Regulation of Spindle Assembly,,0.0006024927089905,1,1,3.220048204295588
GO:0006721,terpenoid metabolic process,0.0006109461099728,,1,1,3.2139970960972537
GO:0007127,Meiosis I,0.0006941714259806,0.8984957120936405,2,1,3.205017258201967
GO:0045842,Positive Regulation of Mitotic Metaphase/Anaphase Transition,,0.0006268067180874,1,1,3.202866357428956
GO:2000059,Negative Regulation of Ubiquitin-Dependent Protein Catabolic Process,,0.0006277752977724,1,1,3.202195777282365
GO:2000781,Positive Regulation of Double-Strand Break Repair,,0.0006350906599633,1,1,3.1971642742176676
GO:0007586,digestion,0.0006531623953536,,1,1,3.1849788269368156
GO:0043410,Positive Regulation of MAPK Cascade,,0.0006790470639698,1,1,3.1681001242260654
GO:0007188,Adenylate Cyclase-Modulating G Protein-Coupled Receptor Signaling Pathway,0.0080164835014528,0.0854606946115491,2,1,3.164249678530788
GO:0072594,Establishment of Protein Localization to Organelle,,0.000694385271367,1,1,3.1583994995710176
GO:0010212,Response to Ionizing Radiation,,0.0006966363984589,1,1,3.1569938378926015
GO:0006511,Ubiquitin-Dependent Protein Catabolic Process,,0.000697560897471,1,1,3.1564178722391025
GO:0042221,response to chemical,0.0007038197532282,,1,1,3.1525385485300657
GO:0046686,Response to Cadmium Ion,,0.0007137189371241,1,1,3.1464727799428176
GO:0000245,Spliceosomal Complex Assembly,,0.000728128692006,1,1,3.137791855180558
GO:0060173,Limb Development,0.0007922741485797,0.94259977531897,2,1,3.1267971827013823
GO:0016101,Diterpenoid Metabolic Process,0.0049680446249434,0.1593576851693486,2,1,3.1014414992477057
GO:0048736,appendage development,0.0007922741485797,,1,1,3.1011245146052207
GO:0007008,Outer Mitochondrial Membrane Organization,,0.0008825241888588,1,1,3.0542733823209516
GO:0040029,Epigenetic Regulation of Gene Expression,,0.0008825241888588,1,1,3.0542733823209516
GO:0045040,Protein Insertion Into Mitochondrial Outer Membrane,,0.0008825241888588,1,1,3.0542733823209516
GO:0006637,acyl-CoA Metabolic Process,,0.0009269311270575,1,1,3.0329525336549454
GO:0032879,regulation of localization,0.0009269367131535,,1,1,3.032949916412642
GO:0090231,regulation of spindle checkpoint,0.0010295778113909,,1,1,2.9873408255581473
GO:0070374,Positive Regulation of ERK1 and ERK2 Cascade,,0.0010315383778381,1,1,2.9865146096944537
GO:0006446,Regulation of Translational Initiation,,0.0010429933438754,1,1,2.981718463124196
GO:0010506,Regulation of Autophagy,,0.0010429933438754,1,1,2.981718463124196
GO:0016071,mRNA Metabolic Process,,0.0010535404258277,1,1,2.9773487952461473
GO:0051256,mitotic spindle midzone assembly,0.0010649664897877,,1,1,2.972664057510928
GO:0070372,Regulation of ERK1 and ERK2 Cascade,,0.0011159595902484,1,1,2.952351531249583
GO:0048705,Skeletal System Morphogenesis,0.0019196847277382,0.5817234058293075,2,1,2.9520535520459488
GO:0061640,Cytoskeleton-Dependent Cytokinesis,,0.0011431209213189,1,1,2.9419078267492007
GO:1901836,Regulation of Transcription of Nucleolar Large rRNA by RNA Polymerase I,,0.0012169915407155,1,1,2.91471244053193
GO:2000779,Regulation of Double-Strand Break Repair,,0.0012169915407155,1,1,2.91471244053193
GO:0031297,Replication Fork Processing,,0.0012174200137724,1,1,2.914559562941586
GO:0043039,tRNA Aminoacylation,,0.0012887328704782,1,1,2.889837094205991
GO:0002699,Positive Regulation of Immune Effector Process,,0.0012955677745678,1,1,2.887539862993936
GO:0090151,Establishment of Protein Localization to Mitochondrial Membrane,,0.0013850847278655,1,1,2.85852365929342
GO:0048609,multicellular organismal reproductive process,0.001444818519323,,1,1,2.84018670031667
GO:1903083,Protein Localization to Condensed Chromosome,,0.001527960005942,1,1,2.815888013185731
GO:1903490,Positive Regulation of Mitotic Cytokinesis,,0.001527960005942,1,1,2.815888013185731
GO:0070934,CRD-mediated mRNA Stabilization,,0.001535067734595,1,1,2.813872456596027
GO:0071168,Protein Localization to Chromatin,,0.0015537775605292,1,1,2.8086111548718793
GO:0170044,Non-Proteinogenic Amino Acid Catabolic Process,,0.0015765125244711,1,1,2.8023025746864025
GO:0000463,Maturation of LSU-rRNA Frm Tricistronic rRNA Trnscpt,,0.0015808038882794,1,1,2.801122004527569
GO:0006706,Steroid Catabolic Process,0.0074433855212804,0.2166112464246245,2,1,2.7925484852791422
GO:1901796,Regulation of Signal Transduction by P53 Class Mediator,,0.0016283721249115,1,1,2.7882463406458284
GO:1901989,Positive Regulation of Cell Cycle Phase Transition,0.0088008940738126,0.2046009522299704,2,1,2.7445655554534176
GO:1901976,Regulation of Cell Cycle Checkpoint,0.028203100186848,0.0649086441200511,2,1,2.7374006126088357
GO:0000076,DNA Replication Checkpoint Signaling,,0.001946983487861,1,1,2.710637731665002
GO:0051443,Positive Regulation of Ubiquitin-Protein Transferase Activity,0.0231854144662389,0.0854832073746913,2,1,2.702904327425959
GO:0045595,Regulation of Cell Differentiation,0.0078113344673867,0.2644716139256611,2,1,2.6848957005883314
GO:1903321,Negative Regulation of Protein Modification by Small Protein Conjugation or Removal,,0.0020722238357369,1,1,2.6835633351357857
GO:0044089,Positive Regulation of Cellular Component Biogenesis,,0.0020941188390728,1,1,2.678998676196296
GO:0035108,Limb Morphogenesis,0.0031794618530566,0.6720308692812718,2,1,2.6702571587476394
GO:0045833,Negative Regulation of Lipid Metabolic Process,,0.0021484449572187,1,1,2.6678757683856644
GO:0009719,response to endogenous stimulus,0.0021486362207077,,1,1,2.6678371074088396
GO:0003008,system process,0.0021794423739538,,1,1,2.6616546095573947
GO:0002220,Innate Immune Response Activating Cell Surface Receptor Signaling Pathway,,0.0021992001398592,1,1,2.657735245545419
GO:1902806,Regulation of Cell Cycle G1/S Phase Transition,,0.0023258319075594,1,1,2.633421675788707
GO:0007042,Lysosomal Lumen Acidification,,0.002390110098384,1,1,2.62158209318603
GO:0000022,mitotic spindle elongation,0.0024313958232116,,1,1,2.6141443336934147
GO:0006699,Bile Acid Biosynthetic Process,,0.0027210155551617,1,1,2.5652689754927223
GO:0030195,Negative Regulation of Blood Coagulation,,0.0027235474190991,1,1,2.5648650589170847
GO:0009081,Branched-Chain Amino Acid Metabolic Process,,0.0028026935863115,1,1,2.55242438031613
GO:0051049,Regulation of Transport,0.0051739522407064,0.5459239096169748,2,1,2.549045469101952
GO:0071772,Response to BMP,0.0079034502080254,0.359943592573288,2,1,2.5459488314238943
GO:0032446,Protein Modification by Small Protein Conjugation,,0.0029300366918487,1,1,2.53312694109038
GO:0010968,Regulation of Microtubule Nucleation,,0.0029963682938248,1,1,2.523404807078862
GO:0008104,Protein Localization,,0.0030630194453648,1,1,2.5138502460965206
GO:0030326,Embryonic Limb Morphogenesis,0.0037795708569367,0.8274373326129334,2,1,2.5048223967206464
GO:0051094,Positive Regulation of Developmental Process,0.0415827678930213,0.0757519256748215,2,1,2.50169292846845
GO:0035107,appendage morphogenesis,0.0031794618530566,,1,1,2.497646381281533
GO:0001944,Vasculature Development,0.0056544837042211,0.5790683116492448,2,1,2.4848772435054602
GO:0007035,Vacuolar Acidification,,0.0035633360769944,1,1,2.4481432151171325
GO:0007096,Regulation of Exit From Mitosis,,0.0035633360769944,1,1,2.4481432151171325
GO:0050821,Protein Stabilization,,0.0035633360769944,1,1,2.4481432151171325
GO:0009072,aromatic amino acid metabolic process,0.0036647243738227,,1,1,2.4359586833500626
GO:0033260,nuclear DNA replication,0.0036647243738227,,1,1,2.4359586833500626
GO:0000466,Maturation of 5.8S rRNA Frm Tricistronic rRNA Trnscpt,,0.0037164710577082,1,1,2.4298692449480934
GO:1904358,Positive Regulation of Telomere Maintenance via Telomere Lengthening,,0.0037717287566564,1,1,2.4234595470383793
GO:0035113,embryonic appendage morphogenesis,0.0037795708569367,,1,1,2.422557508375652
GO:0046394,Carboxylic Acid Biosynthetic Process,0.0119931205687509,0.3256971684673539,2,1,2.408253817335966
GO:0061448,Connective Tissue Development,0.0067592369249562,0.5864643233492289,2,1,2.401860732766254
GO:0006839,Mitochondrial Transport,,0.0039874956219998,1,1,2.399299780760436
GO:0090435,Protein Localization to Nuclear Envelope,,0.0041707482196805,1,1,2.379786026913669
GO:0006997,Nucleus Organization,,0.0041770894870496,1,1,2.379126220613369
GO:0065009,regulation of molecular function,0.0043793099461878,,1,1,2.3585943164759517
GO:0000154,rRNA Modification,,0.0044214534205869,1,1,2.3544349458583103
GO:0051338,Regulation of Transferase Activity,0.0055948194425025,0.8058586746833946,2,1,2.3459550393303634
GO:0009954,proximal/distal pattern formation,0.0045557232675032,,1,1,2.341442664541676
GO:0006103,2-Oxoglutarate Metabolic Process,,0.0046431320182002,1,1,2.3331889678606945
GO:0042176,Regulation of Protein Catabolic Process,,0.0046431320182002,1,1,2.3331889678606945
GO:0003013,circulatory system process,0.0046532968513866,,1,1,2.33223924129719
GO:0071294,Cellular Response to Zinc Ion,,0.0046717171367594,1,1,2.3305234607722602
GO:0042770,Signal Transduction in Response to DNA Damage,,0.0047962708558401,1,1,2.319096299327309
GO:0048732,Gland Development,0.0076209743481981,0.6309271832512391,2,1,2.3180102609662487
GO:0045931,Positive Regulation of Mitotic Cell Cycle,0.0106702672280937,0.4689159510316291,2,1,2.3007296975808145
GO:0034308,Primary Alcohol Metabolic Process,,0.005127269834615,1,1,2.2901138261912317
GO:0097696,Cell Surface Receptor Signaling Pathway via STAT,,0.005127269834615,1,1,2.2901138261912317
GO:0051085,Chaperone Cofactor-Dependent Protein Refolding,,0.0051342371765179,1,1,2.289524072931078
GO:0051248,Negative Regulation of Protein Metabolic Process,,0.0051631963220233,1,1,2.2870813613075307
GO:0006301,Postreplication Repair,,0.0052586559746011,1,1,2.2791252401428985
GO:0032210,Regulation of Telomere Maintenance via Telomerase,,0.0054684252906453,1,1,2.262137716818559
GO:0032388,Positive Regulation of Intracellular Transport,,0.0054982851828599,1,1,2.259772738095616
GO:0030855,Epithelial Cell Differentiation,0.0110409166656994,0.5083939802233383,2,1,2.2507944685316406
GO:0072384,Organelle Transport Along Microtubule,,0.0060059977998786,1,1,2.2214148312280733
GO:0048514,Blood Vessel Morphogenesis,0.0082964302384669,0.749901988124981,2,1,2.2061042292829565
GO:0000244,Spliceosomal tri-snRNP Complex Assembly,,0.0062439427020405,1,1,2.2045410909238115
GO:0006352,DNA-templated Transcription Initiation,,0.0064292948869287,1,1,2.191836654370895
GO:0141188,Nucleic Acid Catabolic Process,,0.0064292948869287,1,1,2.191836654370895
GO:0072655,Establishment of Protein Localization to Mitochondrion,,0.0065409901346703,1,1,2.1843565058843137
GO:1902101,Positive Regulation of Metaphase/Anaphase Transition of Cell Cycle,,0.0065409901346703,1,1,2.1843565058843137
GO:0034502,Protein Localization to Chromosome,,0.0065458739447377,1,1,2.1840323622470716
GO:0035825,Homologous Recombination,,0.0065458739447377,1,1,2.1840323622470716
GO:0010043,Response to Zinc Ion,,0.0066330958092921,1,1,2.178283729650762
GO:0051987,Positive Regulation of Attachment of Spindle Microtubules to Kinetochore,,0.0066330958092921,1,1,2.178283729650762
GO:0000028,Ribosomal Small Subunit Assembly,,0.0068882016031308,1,1,2.1618941504850127
GO:0032212,Positive Regulation of Telomere Maintenance via Telomerase,,0.0068882016031308,1,1,2.1618941504850127
GO:1905168,Positive Regulation of Double-Strand Break Repair via Homologous Recombination,,0.0069601309153279,1,1,2.157382591528836
GO:0006720,isoprenoid metabolic process,0.0071098349291615,,1,1,2.1481404822781793
GO:0016098,monoterpenoid metabolic process,0.0072111926995667,,1,1,2.141992898941877
GO:2001252,Positive Regulation of Chromosome Organization,,0.0072479284653464,1,1,2.1397861016527986
GO:1903504,regulation of mitotic spindle checkpoint,0.0074433855212804,,1,1,2.1282294866605875
GO:0001732,Formation of Cytoplasmic Translation Initiation Complex,,0.0075112173854379,1,1,2.124289668730757
GO:0000460,Maturation of 5.8S rRNA,,0.0077293531904224,1,1,2.1118568472955794
GO:0006406,mRNA Export From Nucleus,,0.0077293531904224,1,1,2.1118568472955794
GO:0009792,Embryo Development Ending in Birth or Egg Hatching,0.0090767755511012,0.8574928649244999,2,1,2.1088378885513106
GO:0006066,alcohol metabolic process,0.0078231007319529,,1,1,2.1066210776474117
GO:0031397,Negative Regulation of Protein Ubiquitination,,0.0079264475345984,1,1,2.1009214106392857
GO:0031468,Nuclear Membrane Reassembly,,0.0079264475345984,1,1,2.1009214106392857
GO:0034243,Regulation of Transcription Elongation by RNA Polymerase II,,0.0079927298946361,1,1,2.097304863278234
GO:0002295,T-helper Cell Lineage Commitment,,0.0082542999065434,1,1,2.0833197557892684
GO:0051444,Negative Regulation of Ubiquitin-Protein Transferase Activity,,0.0083082499666593,1,1,2.08049044551348
GO:0006986,Response to Unfolded Protein,,0.0083105841006178,1,1,2.080368451214631
GO:2000780,Negative Regulation of Double-Strand Break Repair,,0.0083497612118173,1,1,2.0783259443814224
GO:2000026,Regulation of Multicellular Organismal Development,0.0244998727842277,0.3441107267880136,2,1,2.074137959834838
GO:0044283,small molecule biosynthetic process,0.0085493503400138,,1,1,2.068066885794262
GO:0050995,Negative Regulation of Lipid Catabolic Process,,0.0085822342860349,1,1,2.06639963385563
GO:0042417,Dopamine Metabolic Process,,0.0088760501316934,1,1,2.0517802535495013
GO:0090670,RNA Localization to Cajal Body,,0.0088760501316934,1,1,2.0517802535495013
GO:0072539,T-helper 17 Cell Differentiation,,0.0089486233189597,1,1,2.0482437726133536
GO:0031396,Regulation of Protein Ubiquitination,,0.0091977970980357,1,1,2.036316175124604
GO:0070925,Organelle Assembly,,0.0092402431441841,1,1,2.034316600772519
GO:0034508,Centromere Complex Assembly,,0.009243377875836,1,1,2.034169292334389
GO:0010273,detoxification of copper ion,0.0095356138758959,,1,1,2.020651343065547
GO:0051255,spindle midzone assembly,0.0095356138758959,,1,1,2.020651343065547
GO:1990169,stress response to copper ion,0.0095356138758959,,1,1,2.020651343065547
GO:0006890,"Retrograde Vesicle-Mediated Transport, Golgi to Endoplasmic Reticulum",,0.0095845027751294,1,1,2.0184304125322714
GO:0015031,Protein Transport,,0.0097049371169826,1,1,2.0130072742721086
GO:0090232,Positive Regulation of Spindle Checkpoint,,0.0097153828881264,1,1,2.01254007896294
GO:1902600,Proton Transmembrane Transport,,0.0099482100715227,1,1,2.0022550525195277
GO:0000209,Protein Polyubiquitination,,0.0100771713451183,1,1,1.9966613569386502
GO:0006298,Mismatch Repair,,0.0102307972693344,1,1,1.9900905211088726
GO:0006953,Acute-Phase Response,,0.0102556214603369,1,1,1.9890380175367268
GO:0090181,Regulation of Cholesterol Metabolic Process,,0.0102904757638641,1,1,1.987564545855217
GO:0051438,Regulation of Ubiquitin-Protein Transferase Activity,0.0345388480200717,0.3051759409077027,2,1,1.9771418593744254
GO:0006641,Triglyceride Metabolic Process,,0.0113057690984424,1,1,1.9466998885288578
GO:0051131,Chaperone-Mediated Protein Complex Assembly,,0.0113057690984424,1,1,1.9466998885288578
GO:0006278,RNA-templated DNA Biosynthetic Process,,0.0113171455869332,1,1,1.946263097190502
GO:0007004,Telomere Maintenance via Telomerase,,0.0113171455869332,1,1,1.946263097190502
GO:2001141,Regulation of RNA Biosynthetic Process,,0.0117503872246811,1,1,1.929947821326604
GO:0000027,Ribosomal Large Subunit Assembly,,0.0118427505444962,1,1,1.9265474185956846
GO:0007143,Female Meiotic Nuclear Division,0.0252738497031459,0.4756973237105113,2,1,1.9199978934005668
GO:0071897,DNA Biosynthetic Process,,0.0123345092933455,1,1,1.9088781234690448
GO:0033540,Fatty Acid Beta-Oxidation Using acyl-CoA Oxidase,,0.0125375877272341,1,1,1.9017860151423818
GO:0060261,Positive Regulation of Transcription Initiation by RNA Polymerase II,,0.0125489441643539,1,1,1.9013928130582174
GO:0090267,Positive Regulation of Mitotic Cell Cycle Spindle Assembly Checkpoint,,0.0125489441643539,1,1,1.9013928130582174
GO:0062197,Cellular Response to Chemical Stress,,0.0126214750668843,1,1,1.8988898862984842
GO:0031113,Regulation of Microtubule Polymerization,,0.0126217796860835,1,1,1.898879404731143
GO:0000077,DNA Damage Checkpoint Signaling,,0.0133117777487359,1,1,1.8757639419024612
GO:0033108,Mitochondrial Respiratory Chain Complex Assembly,,0.0133117777487359,1,1,1.8757639419024612
GO:0045910,Negative Regulation of DNA Recombination,,0.0133117777487359,1,1,1.8757639419024612
GO:0090148,Membrane Fission,,0.0134367082364243,1,1,1.8717071129678695
GO:0043009,Chordate Embryonic Development,0.0140214454770492,0.9881794998815092,2,1,1.858371372389483
GO:2000105,Positive Regulation of DNA-templated DNA Replication,,0.0142133083687552,1,1,1.8473048215051837
GO:2000232,Regulation of rRNA Processing,,0.0142133083687552,1,1,1.8473048215051837
GO:0006303,Double-Strand Break Repair via Nonhomologous End Joining,,0.0142936821129525,1,1,1.8448558807017437
GO:0035751,Regulation of Lysosomal Lumen pH,,0.0143339780186212,1,1,1.8436332658633277
GO:0051053,Negative Regulation of DNA Metabolic Process,,0.0144893083538755,1,1,1.8389523450508716
GO:0140861,DNA Repair-Dependent Chromatin Remodeling,,0.0144893083538755,1,1,1.8389523450508716
GO:0007165,signal transduction,0.0147916486386468,,1,1,1.8299834179730856
GO:0033157,Regulation of Intracellular Protein Transport,,0.0148647716934059,1,1,1.8278417566948613
GO:0035383,Thioester Metabolic Process,,0.0148647716934059,1,1,1.8278417566948613
GO:0016053,organic acid biosynthetic process,0.0150437620464624,,1,1,1.8226435446145433
GO:0008206,Bile Acid Metabolic Process,,0.0150927596387591,1,1,1.8212313442993717
GO:0006606,Protein Import Into Nucleus,,0.0153802249745939,1,1,1.8130373118356213
GO:0006869,Lipid Transport,,0.0153802249745939,1,1,1.8130373118356213
GO:0007259,Cell Surface Receptor Signaling Pathway via JAK-STAT,,0.0153802249745939,1,1,1.8130373118356213
GO:0042632,Cholesterol Homeostasis,,0.0153802249745939,1,1,1.8130373118356213
GO:0045005,DNA-templated DNA Replication Maintenance of Fidelity,,0.0153802249745939,1,1,1.8130373118356213
GO:2000045,Regulation of G1/S Transition of Mitotic Cell Cycle,,0.0153802249745939,1,1,1.8130373118356213
GO:0051897,+ Reg of Phosphatidylinositol 3-Kinase/Prot Kinase B Signal Transduction,,0.015889531942306,1,1,1.798888895609966
GO:0019933,cAMP-mediated Signaling,,0.0161174959840831,1,1,1.792702429327855
GO:0051216,Cartilage Development,0.0207971150590653,0.7774694085058081,2,1,1.7913135958379085
GO:0000380,"Alternative mRNA Splicing, via Spliceosome",,0.0163440224644986,1,1,1.7866410494470066
GO:0006888,Endoplasmic Reticulum to Golgi Vesicle-Mediated Transport,,0.0163962185095268,1,1,1.7852563025506207
GO:0010972,Negative Regulation of G2/M Transition of Mitotic Cell Cycle,,0.016474075073547,1,1,1.783198959236582
GO:0032206,Positive Regulation of Telomere Maintenance,,0.016752930207322,1,1,1.7759092207720173
GO:0001568,blood vessel development,0.0169576520156603,,1,1,1.7706342810436262
GO:0050808,Synapse Organization,0.0254220263690612,0.6877879412683598,2,1,1.7573352779138942
GO:0031347,Regulation of Defense Response,,0.0176211592727051,1,1,1.7539655233259397
GO:0019730,Antimicrobial Humoral Response,0.0220312819904906,0.8204482819221142,2,1,1.7429090208052131
GO:0048562,Embryonic Organ Morphogenesis,0.0201578380363607,0.9255561764320754,2,1,1.7291532652784896
GO:0042659,Regulation of Cell Fate Specification,,0.0190805097608536,1,1,1.7194100267300123
GO:0051261,Protein Depolymerization,,0.0198445703021657,1,1,1.702358300506816
GO:0061024,Membrane Organization,,0.01991554074154,1,1,1.700807897244673
GO:0051028,mRNA Transport,,0.0202565559081771,1,1,1.693434392994644
GO:0009303,rRNA Transcription,,0.0202962959632276,1,1,1.6925832128015292
GO:0042423,Catecholamine Biosynthetic Process,,0.0202962959632276,1,1,1.6925832128015292
GO:1903051,Negative Regulation of Proteolysis Involved in Protein Catabolic Process,,0.0202962959632276,1,1,1.6925832128015292
GO:0050867,Positive Regulation of Cell Activation,,0.0204825971781092,1,1,1.6886149759868643
GO:0010970,Transport Along Microtubule,,0.0206708461093415,1,1,1.6846417462514027
GO:1902222,Erythrose 4-Phosphate/Phosphoenolpyruvate Family Amino Acid Catabolic Process,,0.0212969529018853,1,1,1.6716825295453908
GO:2000318,Positive Regulation of T-helper 17 Type Immune Response,,0.0215948667928819,1,1,1.6656494705372868
GO:0043583,ear development,0.0217123557198215,,1,1,1.6632930544535869
GO:0071763,Nuclear Membrane Organization,,0.0224240822859295,1,1,1.6492853215865344
GO:2000027,Regulation of Animal Organ Morphogenesis,0.0251029013161909,0.8939056659229629,2,1,1.6489843911821747
GO:0071900,Regulation of Protein Serine/Threonine Kinase Activity,,0.0227016816484133,1,1,1.643941970843187
GO:0002752,Cell Surface Pattern Recognition Receptor Signaling Pathway,,0.0227104024853105,1,1,1.6437751689242337
GO:0033233,Regulation of Protein Sumoylation,,0.0228076682234641,1,1,1.641919113208539
GO:0042832,Defense Response to Protozoan,,0.0228946136672608,1,1,1.6402666805307986
GO:1990166,Protein Localization to Site of Double-Strand Break,,0.0229903349475569,1,1,1.6384547014224986
GO:0010833,Telomere Maintenance via Telomere Lengthening,,0.0230502088335344,1,1,1.6373251355740823
GO:0051293,Establishment of Spindle Localization,,0.0230502088335344,1,1,1.6373251355740823
GO:0030279,Negative Regulation of Ossification,0.041487056690391,0.5671748780798864,2,1,1.6283703888463048
GO:0071816,Tail-Anchored Membrane Protein Insertion Into ER Membrane,,0.0236558209924409,1,1,1.6260619748485805
GO:0070316,Regulation of G0 to G1 Transition,,0.0236616630814093,1,1,1.6259547338545035
GO:0000082,G1/S Transition of Mitotic Cell Cycle,,0.0238240079184245,1,1,1.6229851752447073
GO:0009451,RNA Modification,,0.0238240079184245,1,1,1.6229851752447073
GO:0050855,Regulation of B Cell Receptor Signaling Pathway,,0.0238286458748596,1,1,1.62290063687242
GO:0002933,lipid hydroxylation,0.0240640982817284,,1,1,1.61863040735486
GO:0009437,Carnitine Metabolic Process,,0.0243940959199021,1,1,1.6127152728283483
GO:0071280,Cellular Response to Copper Ion,,0.0243940959199021,1,1,1.6127152728283483
GO:0022409,Positive Regulation of Cell-Cell Adhesion,,0.024639936045597,1,1,1.6083604237430165
GO:0044843,Cell Cycle G1/S Phase Transition,,0.0249461211895702,1,1,1.6029969721617199
GO:0061844,Antimicrobial Humoral Immune Response Mediated by Antimicrobial Peptide,0.031353377676188,0.7964013161906961,2,1,1.6025836969870415
GO:0000226,microtubule cytoskeleton organization,0.0250133217678007,,1,1,1.601828630155484
GO:0010038,response to metal ion,0.0251434286655913,,1,1,1.599575500356691
GO:0019229,Regulation of Vasoconstriction,,0.0252941274648357,1,1,1.596980297229633
GO:0006605,Protein Targeting,,0.0255243625390976,1,1,1.5930450954392645
GO:0016567,Protein Ubiquitination,,0.0255243625390976,1,1,1.5930450954392645
GO:0048313,Golgi Inheritance,,0.0255243625390976,1,1,1.5930450954392645
GO:0060382,Regulation of DNA Strand Elongation,,0.0256419403644698,1,1,1.5910491141884187
GO:1901700,response to oxygen-containing compound,0.0258123797152318,,1,1,1.5881719547915936
GO:0000731,DNA Synthesis Involved in DNA Repair,,0.0259413210711676,1,1,1.5860079110850445
GO:0050727,Regulation of Inflammatory Response,,0.0259413210711676,1,1,1.5860079110850445
GO:0007064,Mitotic Sister Chromatid Cohesion,,0.0260692387785458,1,1,1.5838716500400982
GO:0032695,Negative Regulation of Interleukin-12 Production,,0.0262044950596496,1,1,1.5816242043994972
GO:0055092,Sterol Homeostasis,,0.0267316291648806,1,1,1.572974572266403
GO:0006400,tRNA Modification,,0.0267659782478377,1,1,1.5724168793168265
GO:0034644,Cellular Response to UV,,0.0267659782478377,1,1,1.5724168793168265
GO:0000375,"RNA Splicing, via Transesterification Reactions",,0.0273312709383293,1,1,1.5633401726004383
GO:0007423,Sensory Organ Development,0.043407270018767,0.6308775137460042,2,1,1.5624924788615375
GO:1900182,Positive Regulation of Protein Localization to Nucleus,,0.0277159625029948,1,1,1.5572700348964819
GO:0006633,Fatty Acid Biosynthetic Process,,0.0282118452707768,1,1,1.5495685067298923
GO:0051247,Positive Regulation of Protein Metabolic Process,,0.0282118452707768,1,1,1.5495685067298923
GO:0071248,Cellular Response to Metal Ion,,0.0283105677923214,1,1,1.5480514204053224
GO:0006399,tRNA Metabolic Process,,0.0285701431369235,1,1,1.5440875837887547
GO:0032785,"Negative Regulation of DNA-templated Transcription, Elongation",,0.0287708149861519,1,1,1.5410478357469526
GO:0070979,Protein K11-linked Ubiquitination,,0.0287708149861519,1,1,1.5410478357469526
GO:0006690,Icosanoid Metabolic Process,,0.0290612649565095,1,1,1.5366854859885957
GO:1901799,Negative Regulation of Proteasomal Protein Catabolic Process,,0.0291534428284476,1,1,1.5353101505754039
GO:0006998,Nuclear Envelope Organization,,0.0295615824029385,1,1,1.5292723222910596
GO:1901380,Negative Regulation of Potassium Ion Transmembrane Transport,,0.0295615824029385,1,1,1.5292723222910596
GO:1904505,Regulation of Telomere Maintenance in Response to DNA Damage,,0.0304254303423969,1,1,1.5167632703203606
GO:0051791,Medium-Chain Fatty Acid Metabolic Process,,0.0304918768904392,1,1,1.5158158423426085
GO:0031638,Zymogen Activation,,0.0312245658724232,1,1,1.5055035910810233
GO:0006996,Organelle Organization,,0.0312576474191596,1,1,1.5050437118998592
GO:1900087,Positive Regulation of G1/S Transition of Mitotic Cell Cycle,,0.0316094174923358,1,1,1.5001835073934229
GO:0042789,mRNA Transcription by RNA Polymerase II,,0.0320423690395997,1,1,1.4942753820138168
GO:2000641,Regulation of Early Endosome to Late Endosome Transport,,0.0321905682247374,1,1,1.492271357123337
GO:0071479,Cellular Response to Ionizing Radiation,,0.0324447942864528,1,1,1.4888549751049076
GO:0043691,Reverse Cholesterol Transport,,0.0327322008427901,1,1,1.4850247926832845
GO:0000491,Small Nucleolar Ribonucleoprotein Complex Assembly,,0.0335036437222161,1,1,1.474907958264691
GO:0030198,Extracellular Matrix Organization,,0.0335036437222161,1,1,1.474907958264691
GO:0050890,Cognition,0.041667961073546,0.8059967516531574,2,1,1.4738644587259035
GO:0007076,Mitotic Chromosome Condensation,,0.0339006722105169,1,1,1.4697916901619985
GO:0090224,Regulation of Spindle Organization,,0.0339006722105169,1,1,1.4697916901619985
GO:0007007,Inner Mitochondrial Membrane Organization,,0.0340715753118677,1,1,1.4676077862021482
GO:0031579,Membrane Raft Organization,,0.0341172454571034,1,1,1.4670260399626427
GO:0016241,Regulation of Macroautophagy,,0.0345890733622707,1,1,1.4610610725344413
GO:0035795,Negative Regulation of Mitochondrial Membrane Permeability,,0.0345890733622707,1,1,1.4610610725344413
GO:0008209,Androgen Metabolic Process,,0.0347513566216315,1,1,1.4590282367777987
GO:0010800,Positive Regulation of Peptidyl-Threonine Phosphorylation,,0.03528408494707,1,1,1.4524211410211523
GO:0007606,Sensory Perception of Chemical Stimulus,,0.0360202511220166,1,1,1.4434532637395303
GO:0070328,Triglyceride Homeostasis,,0.0360202511220166,1,1,1.4434532637395303
GO:0061136,Regulation of Proteasomal Protein Catabolic Process,,0.0360244363940715,1,1,1.4434028050416465
GO:0072329,Monocarboxylic Acid Catabolic Process,,0.0360244363940715,1,1,1.4434028050416465
GO:1901673,Regulation of Mitotic Spindle Assembly,,0.0365110475427762,1,1,1.437575706477257
GO:0071276,Cellular Response to Cadmium Ion,,0.0367835906330882,1,1,1.4343458793387196
GO:0045943,Positive Regulation of Transcription by RNA Polymerase I,,0.0368774923401872,1,1,1.4332386185253048
GO:1902808,Positive Regulation of Cell Cycle G1/S Phase Transition,,0.0373017898147778,1,1,1.4282703293700534
GO:0009895,Negative Regulation of Catabolic Process,,0.0382404244334702,1,1,1.4174772961006683
GO:2000042,Negative Regulation of Double-Strand Break Repair via Homologous Recombination,,0.0382404244334702,1,1,1.4174772961006683
GO:1902117,Positive Regulation of Organelle Assembly,,0.0395769696643844,1,1,1.4025574619845733
GO:0035987,Endodermal Cell Differentiation,,0.0398344143462704,1,1,1.3997415635380221
GO:1904507,Positive Regulation of Telomere Maintenance in Response to DNA Damage,,0.0405956834000635,1,1,1.3915201431518207
GO:0032456,Endocytic Recycling,,0.0407608774652112,1,1,1.3897564754458493
GO:0033235,Positive Regulation of Protein Sumoylation,,0.0408548393856011,1,1,1.3887564925225124
GO:0046822,Regulation of Nucleocytoplasmic Transport,,0.0408548393856011,1,1,1.3887564925225124
GO:0043401,Steroid Hormone Receptor Signaling Pathway,,0.0412440638017935,1,1,1.3846385499902683
GO:0030261,Chromosome Condensation,,0.041457607266294,1,1,1.382395766907667
GO:0034114,Regulation of Heterotypic Cell-Cell Adhesion,,0.041457607266294,1,1,1.382395766907667
GO:0060627,Regulation of Vesicle-Mediated Transport,,0.041457607266294,1,1,1.382395766907667
GO:0031109,Microtubule Polymerization or Depolymerization,,0.0414895327245565,1,1,1.3820614563807019
GO:0000184,"Nuclear-Transcribed mRNA Catabolic Process, Nonsense-Mediated Decay",,0.0416528723345485,1,1,1.380355044772617
GO:1905332,Positive Regulation of Morphogenesis of an Epithelium,,0.0417825881373771,1,1,1.3790046620347867
GO:0006892,post-Golgi Vesicle-Mediated Transport,,0.0419709994874448,1,1,1.3770506884793956
GO:0034116,Positive Regulation of Heterotypic Cell-Cell Adhesion,,0.0422007982197929,1,1,1.3746793343659836
GO:0010453,Regulation of Cell Fate Commitment,,0.0427717999284823,1,1,1.3688424733214057
GO:0046321,Positive Regulation of Fatty Acid Oxidation,,0.0440840355822831,1,1,1.3557186557421637
GO:0051896,Regulation of Phosphatidylinositol 3-Kinase/Protein Kinase B Signal Transduction,,0.0443164228943058,1,1,1.3534353019790946
GO:0007611,learning or memory,0.0445255874139482,,1,1,1.3513903422981048
GO:0048646,anatomical structure formation involved in morphogenesis,0.0449299224768934,,1,1,1.3474643307478706
GO:0010714,Positive Regulation of Collagen Metabolic Process,,0.0451411741203436,1,1,1.3454271491272236
GO:0050994,Regulation of Lipid Catabolic Process,,0.0451411741203436,1,1,1.3454271491272236
GO:0051965,Positive Regulation of Synapse Assembly,,0.0452296805312999,1,1,1.3445764797752748
GO:0071478,Cellular Response to Radiation,,0.0452296805312999,1,1,1.3445764797752748
GO:1904407,Positive Regulation of Nitric Oxide Metabolic Process,,0.0452296805312999,1,1,1.3445764797752748
GO:0062012,Regulation of Small Molecule Metabolic Process,,0.0456303429222862,1,1,1.3407462673944004
GO:2000767,Positive Regulation of Cytoplasmic Translation,,0.0456303429222862,1,1,1.3407462673944004
GO:0008033,tRNA Processing,,0.0457046671494238,1,1,1.3400394495199148
GO:0001525,angiogenesis,0.0460654032535287,,1,1,1.3366251226991055
GO:0043247,Telomere Maintenance in Response to DNA Damage,,0.0467172509266417,1,1,1.3305227211721309
GO:1901029,- Reg of Mt Outer Membrane Permeabilization Inv in Apoptotic Sgnlng Pway,,0.0470811653278428,1,1,1.3271527962706509
GO:0045055,Regulated Exocytosis,,0.0471283055764019,1,1,1.3267181743300562
GO:0019674,NAD Metabolic Process,,0.0473391824111806,1,1,1.3247792469852828
GO:0046688,Response to Copper Ion,,0.0475522195524733,1,1,1.3228292070778895
GO:2000144,Positive Regulation of DNA-templated Transcription Initiation,,0.0475709911364149,1,1,1.3226578000076443
GO:0045429,Positive Regulation of Nitric Oxide Biosynthetic Process,,0.0478936476530006,1,1,1.3197220851699067
GO:0071539,Protein Localization to Centrosome,,0.0478936476530006,1,1,1.3197220851699067
GO:1905521,Regulation of Macrophage Migration,,0.0484257581311634,1,1,1.3149235714430592
GO:0032967,Positive Regulation of Collagen Biosynthetic Process,,0.0490290250638562,1,1,1.3095467425604126
GO:0045292,"mRNA Cis Splicing, via Spliceosome",,0.0491699068792728,1,1,1.3083006142003055
GO:0051347,Positive Regulation of Transferase Activity,,0.0491699068792728,1,1,1.3083006142003055
GO:0097435,Supramolecular Fiber Organization,,0.0492891597149989,1,1,1.3072485856645064
GO:0071482,Cellular Response to Light Stimulus,,0.049458130164458,1,1,1.3057623067900934
GO:0007032,Endosome Organization,,0.0496641695778235,1,1,1.3039568218611126
GO:0031110,Regulation of Microtubule Polymerization or Depolymerization,,0.0496641695778235,1,1,1.3039568218611126
GO:0045116,Protein Neddylation,,0.0496641695778235,1,1,1.3039568218611126
GO:0045840,Positive Regulation of Mitotic Nuclear Division,,0.0496641695778235,1,1,1.3039568218611126
GO:0008089,Anterograde Axonal Transport,,0.0496975633739314,1,1,1.3036649038058479
GO:0051123,RNA Polymerase II Preinitiation Complex Assembly,,0.0508685773304791,1,0,1.2935504083517866
GO:0070534,Protein K63-linked Ubiquitination,,0.0513089134043347,1,0,1.2898071825283675
GO:0034605,Cellular Response to Heat,,0.0517538073340067,1,0,1.2860576952753475
GO:0034374,Low-Density Lipoprotein Particle Remodeling,,0.0527471768024742,1,0,1.2778007802372569
GO:0002221,Pattern Recognition Receptor Signaling Pathway,,0.0528010035117991,1,0,1.2773578233848364
GO:0002891,Positive Regulation of Immunoglobulin Mediated Immune Response,,0.0528010035117991,1,0,1.2773578233848364
GO:0009069,Serine Family Amino Acid Metabolic Process,,0.0528010035117991,1,0,1.2773578233848364
GO:0006833,Water Transport,,0.0531185689364509,1,0,1.2747536337788659
GO:0042407,Cristae Formation,,0.0531599550276857,1,0,1.2744153951340498
GO:1901654,Response to Ketone,,0.0532631800819637,1,0,1.273572907539982
GO:0034620,Cellular Response to Unfolded Protein,,0.0534159209881214,1,0,1.2723292791747582
GO:0048490,Anterograde Synaptic Vesicle Transport,,0.0534159209881214,1,0,1.2723292791747582
GO:0099517,Synaptic Vesicle Transport Along Microtubule,,0.0534159209881214,1,0,1.2723292791747582
GO:1902904,Negative Regulation of Supramolecular Fiber Organization,,0.0534159209881214,1,0,1.2723292791747582
GO:0032434,Regulation of Proteasomal Ubiquitin-Dependent Protein Catabolic Process,,0.0537520994040082,1,0,1.2696045687747672
GO:0032651,Regulation of Interleukin-1 Beta Production,,0.054558509058798,1,0,1.2631375063204948
GO:0051963,Regulation of Synapse Assembly,,0.0549034896085287,1,0,1.2604000513684028
GO:1902459,Positive Regulation of Stem Cell Population Maintenance,,0.0556634648471482,1,0,1.2544297639171196
GO:0031167,rRNA Methylation,,0.0575370328259314,1,0,1.240052538353781
GO:0030001,Metal Ion Transport,,0.0575762127779392,1,0,1.2397569053442865
GO:0033365,Protein Localization to Organelle,,0.0584137298844535,1,0,1.2334850619246858
GO:2000036,Regulation of Stem Cell Population Maintenance,,0.0585137134223126,1,0,1.2327423396324926
GO:0055090,Acylglycerol Homeostasis,,0.058848512987143,1,0,1.2302645066461617
GO:0006284,Base-Excision Repair,,0.0588854775911492,1,0,1.2299917982465862
GO:0032438,Melanosome Organization,,0.0589092458132646,1,0,1.2298165372917467
GO:0034244,Negative Regulation of Transcription Elongation by RNA Polymerase II,,0.0591761961583469,1,0,1.2278529546964005
GO:0090162,Establishment of Epithelial Cell Polarity,,0.0602726456455881,1,0,1.219879744917315
GO:0002824,+ Reg of Adaptive Imm Resp Based on Som Recomb of Imm Rcptrs Built Frm IgSF Domains,,0.0603106113054498,1,0,1.2196062695187981
GO:0006787,Porphyrin-Containing Compound Catabolic Process,,0.06090939845236,1,0,1.2153156896154842
GO:0051445,Regulation of Meiotic Cell Cycle,,0.0613899665785312,1,0,1.2119026030550086
GO:1905508,Protein Localization to Microtubule Organizing Center,,0.0614793760194829,1,0,1.211270548990617
GO:0043267,Negative Regulation of Potassium Ion Transport,,0.0615060810113392,1,0,1.2110819440764304
GO:0051168,Nuclear Export,,0.0615060810113392,1,0,1.2110819440764304
GO:0030199,Collagen Fibril Organization,,0.061632115221911,1,0,1.210192926972553
GO:0009064,Glutamine Family Amino Acid Metabolic Process,,0.0631714253233448,1,0,1.1994793241016708
GO:0060155,Platelet Dense Granule Organization,,0.0634682361800671,1,0,1.1974435708196163
GO:0010799,Regulation of Peptidyl-Threonine Phosphorylation,,0.0637416207469918,1,0,1.195576897992404
GO:0070897,Transcription Preinitiation Complex Assembly,,0.0641072029093224,1,0,1.1930931716039797
GO:0043567,Regulation of Insulin-Like Growth Factor Receptor Signaling Pathway,,0.0648166030105788,1,0,1.1883137337545888
GO:0006882,Intracellular Zinc Ion Homeostasis,,0.064946084586493,1,0,1.1874470261727368
GO:0019432,Triglyceride Biosynthetic Process,,0.064946084586493,1,0,1.1874470261727368
GO:0046337,Phosphatidylethanolamine Metabolic Process,,0.0658400140411256,1,0,1.18151008517758
GO:0050848,Regulation of Calcium-Mediated Signaling,,0.0658400140411256,1,0,1.18151008517758
GO:0034035,Purine Ribonucleoside Bisphosphate Metabolic Process,,0.0664778070790396,1,0,1.1773233151743105
GO:0038202,TORC1 Signaling,,0.0664778070790396,1,0,1.1773233151743105
GO:0050850,Positive Regulation of Calcium-Mediated Signaling,,0.0667170748398603,1,0,1.1757630032689448
GO:0006954,Inflammatory Response,,0.0674575924688632,1,0,1.1709691626449732
GO:0009411,Response to UV,,0.0674575924688632,1,0,1.1709691626449732
GO:1902749,Regulation of Cell Cycle G2/M Phase Transition,,0.0678858810541894,1,0,1.168220541151859
GO:0046500,S-adenosylmethionine Metabolic Process,,0.0679041974342552,1,0,1.168103379383815
GO:0141124,Intracellular Signaling Cassette,,0.0687689942178256,1,0,1.1626073273933646
GO:1904263,Positive Regulation of TORC1 Signaling,,0.0687689942178256,1,0,1.1626073273933646
GO:0002526,Acute Inflammatory Response,,0.0688995652438864,1,0,1.1617835184810072
GO:0015721,Bile Acid and Bile Salt Transport,,0.0692743145222613,1,0,1.159427762921007
GO:1903008,Organelle Disassembly,,0.0694223927030626,1,0,1.1585004220701194
GO:0030162,Regulation of Proteolysis,,0.0694565913358521,1,0,1.1582865340162558
GO:0050766,Positive Regulation of Phagocytosis,,0.0694565913358521,1,0,1.1582865340162558
GO:0030003,Intracellular Monoatomic Cation Homeostasis,,0.0699301141211108,1,0,1.1553357630206182
GO:0070936,Protein K48-linked Ubiquitination,,0.0699301141211108,1,0,1.1553357630206182
GO:0010896,Regulation of Triglyceride Catabolic Process,,0.0704427780251857,1,0,1.152163525259862
GO:0045197,Establishment or Maintenance of Epithelial Cell Apical/Basal Polarity,,0.0704427780251857,1,0,1.152163525259862
GO:2000058,Regulation of Ubiquitin-Dependent Protein Catabolic Process,,0.0705898578512461,1,0,1.151257692654275
GO:0042542,Response to Hydrogen Peroxide,,0.0708690077911017,1,0,1.1495436475808838
GO:0042908,Xenobiotic Transport,,0.0710636988904735,1,0,1.1483521910781287
GO:0015718,Monocarboxylic Acid Transport,,0.0715118781532598,1,0,1.145621815709856
GO:0031124,mRNA 3'-End Processing,,0.0715817703712996,1,0,1.1451975647755974
GO:0031344,Regulation of Cell Projection Organization,,0.0715817703712996,1,0,1.1451975647755974
GO:0009299,mRNA Transcription,,0.0719450429130702,1,0,1.142999124029871
GO:0050685,Positive Regulation of mRNA Processing,,0.0719450429130702,1,0,1.142999124029871
GO:1904779,Regulation of Protein Localization to Centrosome,,0.0731153293048198,1,0,1.1359915596420063
GO:0050427,3'-Phosphoadenosine 5'-Phosphosulfate Metabolic Process,,0.0746376793606411,1,0,1.1270418721626259
GO:0099116,tRNA 5'-End Processing,,0.07538048343242,1,0,1.122741081646839
GO:0032731,Positive Regulation of Interleukin-1 Beta Production,,0.0768412643008401,1,0,1.1144054981263098
GO:0043412,Macromolecule Modification,,0.0768412643008401,1,0,1.1144054981263098
GO:0045598,Regulation of Fat Cell Differentiation,,0.0768412643008401,1,0,1.1144054981263098
GO:0046599,Regulation of Centriole Replication,,0.0768412643008401,1,0,1.1144054981263098
GO:0048388,Endosomal Lumen Acidification,,0.0768412643008401,1,0,1.1144054981263098
GO:0060260,Regulation of Transcription Initiation by RNA Polymerase II,,0.0768412643008401,1,0,1.1144054981263098
GO:0051452,Intracellular pH Reduction,,0.0770022761187651,1,0,1.1134964372793361
GO:0046825,Regulation of Protein Export From Nucleus,,0.0770127679743811,1,0,1.1134372670205754
GO:0050891,Multicellular Organismal-Level Water Homeostasis,,0.0770127679743811,1,0,1.1134372670205754
GO:0007005,Mitochondrion Organization,,0.0772563022558951,1,0,1.1120660824750677
GO:0030203,Glycosaminoglycan Metabolic Process,,0.0775837730140925,1,0,1.1102291038368115
GO:0046831,Regulation of RNA Export From Nucleus,,0.0775837730140925,1,0,1.1102291038368115
GO:0051254,Positive Regulation of RNA Metabolic Process,,0.0775837730140925,1,0,1.1102291038368115
GO:0051923,Sulfation,,0.0775837730140925,1,0,1.1102291038368115
GO:0010257,NADH Dehydrogenase Complex Assembly,,0.0781154703562549,1,0,1.1072629478767317
GO:0032981,Mitochondrial Respiratory Chain Complex I Assembly,,0.0781154703562549,1,0,1.1072629478767317
GO:0045954,Positive Regulation of Natural Killer Cell Mediated Cytotoxicity,,0.0781154703562549,1,0,1.1072629478767317
GO:0045444,Fat Cell Differentiation,,0.078168788162145,1,0,1.1069666207865547
GO:1900153,"+ Reg of Nuclear-Transcribed mRNA Cat Proc, Deadenylation-Dep Decay",,0.078511159734306,1,0,1.105068607375018
GO:0032693,Negative Regulation of Interleukin-10 Production,,0.0786227654773359,1,0,1.1044516843721492
GO:1901701,Cellular Response to Oxygen-Containing Compound,,0.0786227654773359,1,0,1.1044516843721492
GO:0086003,Cardiac Muscle Cell Contraction,,0.0786898551151934,1,0,1.1040812543180174
GO:0001682,tRNA 5'-Leader Removal,,0.0791073986491254,1,0,1.1017828964994856
GO:0002831,Regulation of Response to Biotic Stimulus,,0.0791073986491254,1,0,1.1017828964994856
GO:0007187,"GPCR Sgnlng Pway, Coupled to Cyclic Nucleotide Second Messenger",,0.0791073986491254,1,0,1.1017828964994856
GO:0009304,tRNA Transcription,,0.0791073986491254,1,0,1.1017828964994856
GO:0010572,Positive Regulation of Platelet Activation,,0.0791073986491254,1,0,1.1017828964994856
GO:0016125,Sterol Metabolic Process,,0.0791073986491254,1,0,1.1017828964994856
GO:0032732,Positive Regulation of Interleukin-1 Production,,0.0791073986491254,1,0,1.1017828964994856
GO:0043254,Regulation of Protein-Containing Complex Assembly,,0.0791073986491254,1,0,1.1017828964994856
GO:0097494,Regulation of Vesicle Size,,0.0791073986491254,1,0,1.1017828964994856
GO:0006825,Copper Ion Transport,,0.0798381276673075,1,0,1.0977896565063985
GO:0006383,Transcription by RNA Polymerase III,,0.0799405313418098,1,0,1.0972329694353198
GO:0035089,Establishment of Apical/Basal Cell Polarity,,0.0801483743053012,1,0,1.0961052822605202
GO:0120036,Plasma Membrane Bounded Cell Projection Organization,,0.0801483743053012,1,0,1.0961052822605202
GO:0009952,Anterior/Posterior Pattern Specification,,0.0808175980384186,1,0,1.092494061269789
GO:0030097,Hemopoiesis,,0.0808967358048064,1,0,1.092069001880443
GO:0046395,Carboxylic Acid Catabolic Process,,0.0809377347334827,1,0,1.0918489547074304
GO:0030301,Cholesterol Transport,,0.0809528056344018,1,0,1.0917680950214905
GO:0071396,Cellular Response to Lipid,,0.0811213528491132,1,0,1.090864815283846
GO:1902455,Negative Regulation of Stem Cell Population Maintenance,,0.0813150972017044,1,0,1.0898288145204098
GO:1902679,Negative Regulation of RNA Biosynthetic Process,,0.0813935783783399,1,0,1.0894098578241205
GO:0010565,Regulation of Ketone Metabolic Process,,0.081556104947034,1,0,1.0885435239483843
GO:0042797,tRNA Transcription by RNA Polymerase III,,0.081556104947034,1,0,1.0885435239483843
GO:0033363,Secretory Granule Organization,,0.0821513933116564,1,0,1.08538506640503
GO:0046824,Positive Regulation of Nucleocytoplasmic Transport,,0.0827212642164938,1,0,1.0823828369429314
GO:1901028,Reg of Mt Outer Membrane Permeabilization Inv in Apoptotic Sgnlng Pway,,0.0829056710683432,1,0,1.0814157610124573
GO:0070873,Regulation of Glycogen Metabolic Process,,0.0840037787986775,1,0,1.0757011773369076
GO:0045445,Myoblast Differentiation,,0.0840199843677675,1,0,1.075617403600133
GO:0060259,Regulation of Feeding Behavior,,0.0840199843677675,1,0,1.075617403600133
GO:0032418,Lysosome Localization,,0.0840663567964322,1,0,1.075377773297599
GO:0001819,Positive Regulation of Cytokine Production,,0.0841917936798544,1,0,1.0747302378737826
GO:2000351,Regulation of Endothelial Cell Apoptotic Process,,0.084623203469768,1,0,1.0725105381762026
GO:0006096,Glycolytic Process,,0.0849767733852168,1,0,1.0706997633335757
GO:0046032,ADP Catabolic Process,,0.0849767733852168,1,0,1.0706997633335757
GO:0006611,Protein Export From Nucleus,,0.0854832073746913,1,0,1.068119191245948
GO:0032652,Regulation of Interleukin-1 Production,,0.0854832073746913,1,0,1.068119191245948
GO:0032786,"Positive Regulation of DNA-templated Transcription, Elongation",,0.0854832073746913,1,0,1.068119191245948
GO:1901570,Fatty Acid Derivative Biosynthetic Process,,0.0855344866086789,1,0,1.06785874697839
GO:0007189,Adenylate Cyclase-Activating G Protein-Coupled Receptor Signaling Pathway,,0.0857149138819279,1,0,1.0669436068619675
GO:0019934,cGMP-mediated Signaling,,0.0857149138819279,1,0,1.0669436068619675
GO:0061620,Glycolytic Process Through Glucose-6-Phosphate,,0.0859383126977853,1,0,1.0658131774526138
GO:0090316,Positive Regulation of Intracellular Protein Transport,,0.0859383126977853,1,0,1.0658131774526138
GO:0170041,Non-Proteinogenic Amino Acid Metabolic Process,,0.0859383126977853,1,0,1.0658131774526138
GO:0000963,Mitochondrial RNA Processing,,0.0864792048982693,1,0,1.063088311999723
GO:0002717,Positive Regulation of Natural Killer Cell Mediated Immunity,,0.0868965884176944,1,0,1.0609972737291715
GO:0043067,Regulation of Programmed Cell Death,,0.0868965884176944,1,0,1.0609972737291715
GO:0035519,Protein K29-linked Ubiquitination,,0.0881516611706751,1,0,1.054769499241459
GO:0032435,Negative Regulation of Proteasomal Ubiquitin-Dependent Protein Catabolic Process,,0.08818889821236,1,0,1.0545860832193807
GO:0071103,DNA Conformation Change,,0.0885205975231327,1,0,1.0529556632024897
GO:0051493,Regulation of Cytoskeleton Organization,,0.0885714572466731,1,0,1.0527062099119882
GO:0050853,B Cell Receptor Signaling Pathway,,0.0887024412873733,1,0,1.0520644272590878
GO:0043414,Macromolecule Methylation,,0.0897698450828597,1,0,1.0468695242842752
GO:0042167,Heme Catabolic Process,,0.0901836104473672,1,0,1.0448723819593502
GO:0046149,Pigment Catabolic Process,,0.0901836104473672,1,0,1.0448723819593502
GO:0170039,Proteinogenic Amino Acid Metabolic Process,,0.0912149651315526,1,0,1.0399339035479518
GO:0007019,Microtubule Depolymerization,,0.0913949801467709,1,0,1.0390776571592422
GO:0030522,Intracellular Receptor Signaling Pathway,,0.0913949801467709,1,0,1.0390776571592422
GO:0051781,Positive Regulation of Cell Division,,0.0915355428942759,1,0,1.0384102383315676
GO:0006368,Transcription Elongation by RNA Polymerase II,,0.0917612255886491,1,0,1.037340794509221
GO:0071875,Adrenergic Receptor Signaling Pathway,,0.0917612255886491,1,0,1.037340794509221
GO:0010866,Regulation of Triglyceride Biosynthetic Process,,0.0919153711063679,1,0,1.0366118550071157
GO:0001325,Formation of Extrachromosomal Circular DNA,,0.0943724094247547,1,0,1.0251549568247504
GO:0051093,Negative Regulation of Developmental Process,,0.0943724094247547,1,0,1.0251549568247504
GO:0090656,T-Circle Formation,,0.0943724094247547,1,0,1.0251549568247504
GO:0090737,Telomere Maintenance via Telomere Trimming,,0.0943724094247547,1,0,1.0251549568247504
GO:0032042,Mitochondrial DNA Metabolic Process,,0.0946011677368693,1,0,1.0241035027256002
GO:0042730,Fibrinolysis,,0.0946011677368693,1,0,1.0241035027256002
GO:0046890,Regulation of Lipid Biosynthetic Process,,0.0953792610561261,1,0,1.0205460465539657
GO:0010613,Positive Regulation of Cardiac Muscle Hypertrophy,,0.0969357736513417,1,0,1.0135159192110859
GO:0006509,Membrane Protein Ectodomain Proteolysis,,0.0973601469008741,1,0,1.0116187794966554
GO:0007178,Cell Surface Receptor Protein Serine/Threonine Kinase Signaling Pathway,,0.0974167481123565,1,0,1.0113663717918697
GO:0034976,Response to Endoplasmic Reticulum Stress,,0.0976002167644022,1,0,1.010549217789464
GO:0042168,Heme Metabolic Process,,0.0980772546311691,1,0,1.0084316993837887
GO:0010907,Positive Regulation of Glucose Metabolic Process,,0.0984096724206743,1,0,1.0069622138401824
GO:0002357,Defense Response to Tumor Cell,,0.0986693111220747,1,0,1.005817903893822
GO:0006119,Oxidative Phosphorylation,,0.0986841709325359,1,0,1.0057525031354422
GO:0008631,Intrinsic Apoptotic Signaling Pathway in Response to Oxidative Stress,,0.0994447046119554,1,0,1.0024183379195033
GO:0046931,Pore Complex Assembly,,0.100357228286856,1,0,0.99845134174111
GO:0048584,Positive Regulation of Response to Stimulus,,0.1004580077618323,1,0,0.9980154388245097
GO:0034314,Arp2/3 Complex-Mediated Actin Nucleation,,0.1007420526832395,1,0,0.9967892043625459
GO:1903432,Regulation of TORC1 Signaling,,0.1010986925130916,1,0,0.995254461006638
GO:0033617,Mitochondrial Cytochrome C Oxidase Assembly,,0.1023715145697978,1,0,0.989820871349933
GO:0002091,Negative Regulation of Receptor Internalization,,0.1030025289699752,1,0,0.9871521121470435
GO:0070199,Establishment of Protein Localization to Chromosome,,0.1036111834709438,1,0,0.9845933656565239
GO:0061756,Leukocyte Adhesion to Vascular Endothelial Cell,,0.1045983119597782,1,0,0.9804753241921583
GO:0140105,Interleukin-10-Mediated Signaling Pathway,,0.1045983119597782,1,0,0.9804753241921583
GO:0035036,Sperm-Egg Recognition,,0.104647684867115,1,0,0.980270375166275
GO:0006536,Glutamate Metabolic Process,,0.105224450213047,1,0,0.9778833347181076
GO:0002827,Positive Regulation of T-helper 1 Type Immune Response,,0.105365852068041,1,0,0.9773001164604905
GO:0097212,Lysosomal Membrane Organization,,0.1056399197570985,1,0,0.9761719373502193
GO:0006907,Pinocytosis,,0.1063571017135085,1,0,0.9732335059303571
GO:0034315,Regulation of Arp2/3 Complex-Mediated Actin Nucleation,,0.1063571017135085,1,0,0.9732335059303571
GO:0180046,GPI Anchored Protein Biosynthesis,,0.1063571017135085,1,0,0.9732335059303571
GO:0045922,Negative Regulation of Fatty Acid Metabolic Process,,0.1070990616515246,1,0,0.9702143342227681
GO:0043687,Post-Translational Protein Modification,,0.1080408853111849,1,0,0.9664118657638622
GO:0034310,Primary Alcohol Catabolic Process,,0.1083338553400686,1,0,0.9652358010875716
GO:0051055,Negative Regulation of Lipid Biosynthetic Process,,0.1090436522373631,1,0,0.962399610952084
GO:0060211,Regulation of Nuclear-Transcribed mRNA poly(A) Tail Shortening,,0.1090436522373631,1,0,0.962399610952084
GO:0007169,Cell Surface Receptor Protein Tyrosine Kinase Signaling Pathway,,0.110115168011116,1,0,0.9581528542361245
GO:0042775,Mitochondrial ATP Synthesis Coupled Electron Transport,,0.1104009660558089,1,0,0.9570271263271879
GO:0045717,Negative Regulation of Fatty Acid Biosynthetic Process,,0.1114694437193179,1,0,0.9528441661833752
GO:0015986,Proton Motive Force-Driven ATP Synthesis,,0.1116580541641268,1,0,0.9521099447566421
GO:0032008,Positive Regulation of TOR Signaling,,0.1116580541641268,1,0,0.9521099447566421
GO:0070593,Dendrite Self-Avoidance,,0.1116580541641268,1,0,0.9521099447566421
GO:2001032,Regulation of Double-Strand Break Repair via Nonhomologous End Joining,,0.1116580541641268,1,0,0.9521099447566421
GO:0045606,Positive Regulation of Epidermal Cell Differentiation,,0.1126591610460194,1,0,0.9482334872071919
GO:0006767,Water-Soluble Vitamin Metabolic Process,,0.1132747375619884,1,0,0.9458669353329506
GO:0050851,Antigen Receptor-Mediated Signaling Pathway,,0.1163602101936547,1,0,0.9341955029125866
GO:0097576,Vacuole Fusion,,0.118869938056448,1,0,0.924927963606238
GO:0038093,Fc Receptor Signaling Pathway,,0.1189558404782052,1,0,0.9246142301699086
GO:0031111,Negative Regulation of Microtubule Polymerization or Depolymerization,,0.1192184276752652,1,0,0.9236566102070863
GO:0032880,Regulation of Protein Localization,,0.1192184276752652,1,0,0.9236566102070863
GO:0042269,Regulation of Natural Killer Cell Mediated Cytotoxicity,,0.1192184276752652,1,0,0.9236566102070863
GO:0051289,Protein Homotetramerization,,0.1192748413690064,1,0,0.9234511523637626
GO:0006123,"Mitochondrial Electron Transport, Cytochrome C to Oxygen",,0.1194927234290266,1,0,0.9226585404969248
GO:0006753,Nucleoside Phosphate Metabolic Process,,0.1194927234290266,1,0,0.9226585404969248
GO:0009892,Negative Regulation of Metabolic Process,,0.1194927234290266,1,0,0.9226585404969248
GO:0045830,Positive Regulation of Isotype Switching,,0.1194927234290266,1,0,0.9226585404969248
GO:0050778,Positive Regulation of Immune Response,,0.1194927234290266,1,0,0.9226585404969248
GO:2000107,Negative Regulation of Leukocyte Apoptotic Process,,0.1197501589210925,1,0,0.9217239015584285
GO:0000018,Regulation of DNA Recombination,,0.1197569472155836,1,0,0.9216992833423985
GO:0031123,RNA 3'-End Processing,,0.1197569472155836,1,0,0.9216992833423985
GO:0060396,Growth Hormone Receptor Signaling Pathway,,0.1197569472155836,1,0,0.9216992833423985
GO:0006775,Fat-Soluble Vitamin Metabolic Process,,0.1197986105352093,1,0,0.9215482190117393
GO:0010646,Regulation of Cell Communication,,0.1197986105352093,1,0,0.9215482190117393
GO:0071880,Adenylate Cyclase-Activating Adrenergic Receptor Signaling Pathway,,0.1197986105352093,1,0,0.9215482190117393
GO:1900227,Positive Regulation of NLRP3 Inflammasome Complex Assembly,,0.1197986105352093,1,0,0.9215482190117393
GO:0006094,Gluconeogenesis,,0.1208322156636319,1,0,0.9178172609163368
GO:0008593,Regulation of Notch Signaling Pathway,,0.1208322156636319,1,0,0.9178172609163368
GO:0019319,Hexose Biosynthetic Process,,0.1208322156636319,1,0,0.9178172609163368
GO:0030859,Polarized Epithelial Cell Differentiation,,0.1208322156636319,1,0,0.9178172609163368
GO:0045916,Negative Regulation of Complement Activation,,0.1208322156636319,1,0,0.9178172609163368
GO:0046034,ATP Metabolic Process,,0.1208322156636319,1,0,0.9178172609163368
GO:0051044,Positive Regulation of Membrane Protein Ectodomain Proteolysis,,0.1208322156636319,1,0,0.9178172609163368
GO:0006354,DNA-templated Transcription Elongation,,0.1217861881114423,1,0,0.9144019626646878
GO:0050435,Amyloid-Beta Metabolic Process,,0.1224358786743393,1,0,0.9120912976561854
GO:0051130,Positive Regulation of Cellular Component Organization,,0.1224848443495415,1,0,0.9119176453611589
GO:0010743,Regulation of Macrophage Derived Foam Cell Differentiation,,0.1228276199888941,1,0,0.9107039633251676
GO:0036336,Dendritic Cell Migration,,0.1228276199888941,1,0,0.9107039633251676
GO:0032204,Regulation of Telomere Maintenance,,0.1230785778036346,1,0,0.9098175307508889
GO:0010232,Vascular Transport,,0.1236165408964251,1,0,0.9079234132325721
GO:0030101,Natural Killer Cell Activation,,0.1242965817272523,1,0,0.905540814700309
GO:0048232,Male Gamete Generation,,0.1242965817272523,1,0,0.905540814700309
GO:0085020,Protein K6-linked Ubiquitination,,0.1242965817272523,1,0,0.905540814700309
GO:0071354,Cellular Response to Interleukin-6,,0.1246468764334648,1,0,0.9043186001502361
GO:0065003,Protein-Containing Complex Assembly,,0.1251326850979737,1,0,0.9026292362406924
GO:0032653,Regulation of Interleukin-10 Production,,0.1260184242023962,1,0,0.8995659553230401
GO:0032375,Negative Regulation of Cholesterol Transport,,0.1260526121566172,1,0,0.8994481501188306
GO:0046601,Positive Regulation of Centriole Replication,,0.1260526121566172,1,0,0.8994481501188306
GO:0019218,Regulation of Steroid Metabolic Process,,0.1265912102334525,1,0,0.8975964481862234
GO:0008535,Respiratory Chain Complex IV Assembly,,0.1266191677212548,1,0,0.8975005454603728
GO:0045039,Protein Insertion Into Mitochondrial Inner Membrane,,0.1266191677212548,1,0,0.8975005454603728
GO:0051604,Protein Maturation,,0.1266191677212548,1,0,0.8975005454603728
GO:1901137,Carbohydrate Derivative Biosynthetic Process,,0.1266191677212548,1,0,0.8975005454603728
GO:0002227,Innate Immune Response in Mucosa,,0.1266824724689755,1,0,0.8972834690674595
GO:0006612,Protein Targeting to Membrane,,0.1266824724689755,1,0,0.8972834690674595
GO:0040019,Positive Regulation of Embryonic Development,,0.1266824724689755,1,0,0.8972834690674595
GO:0045428,Regulation of Nitric Oxide Biosynthetic Process,,0.1266824724689755,1,0,0.8972834690674595
GO:0006402,mRNA Catabolic Process,,0.126795416406424,1,0,0.8968964457080484
GO:0032272,Negative Regulation of Protein Polymerization,,0.126795416406424,1,0,0.8968964457080484
GO:0018126,Protein Hydroxylation,,0.1278463172392238,1,0,0.8933117778114382
GO:0021782,Glial Cell Development,,0.1298055689571773,1,0,0.8867066749047539
GO:0045995,Regulation of Embryonic Development,,0.130170348636511,1,0,0.8854879319744324
GO:2000001,Regulation of DNA Damage Checkpoint,,0.130170348636511,1,0,0.8854879319744324
GO:0006999,Nuclear Pore Organization,,0.1305103750679502,1,0,0.88435496222871
GO:0009311,Oligosaccharide Metabolic Process,,0.1311023757283052,1,0,0.882389438314912
GO:0030150,Protein Import Into Mitochondrial Matrix,,0.1323547442053047,1,0,0.8782604869636335
GO:1900034,Regulation of Cellular Response to Heat,,0.1323547442053047,1,0,0.8782604869636335
GO:0010165,Response to X-ray,,0.1325275009478314,1,0,0.8776939913830359
GO:0006486,Protein Glycosylation,,0.1335229634372611,1,0,0.8744440373970555
GO:0010608,Post-Transcriptional Regulation of Gene Expression,,0.1335349543528936,1,0,0.8744050377033654
GO:0062013,Positive Regulation of Small Molecule Metabolic Process,,0.1335921830711839,1,0,0.8742189531506704
GO:0050776,Regulation of Immune Response,,0.1349342382685432,1,0,0.8698778382862626
GO:0031116,Positive Regulation of Microtubule Polymerization,,0.1355302597935996,1,0,0.8679637291865676
GO:0000038,Very Long-Chain Fatty Acid Metabolic Process,,0.1357204567735369,1,0,0.8673546873860951
GO:0017148,Negative Regulation of Translation,,0.1358287515102834,1,0,0.8670082911702579
GO:0031145,Anaphase-Promoting Complex-Dependent Catabolic Process,,0.1358287515102834,1,0,0.8670082911702579
GO:0050658,RNA Transport,,0.1358287515102834,1,0,0.8670082911702579
GO:0006465,Signal Peptide Processing,,0.1361020601542675,1,0,0.8661353009035084
GO:0110075,Regulation of Ferroptosis,,0.136354236126637,1,0,0.8653313652555722
GO:0032469,Endoplasmic Reticulum Calcium Ion Homeostasis,,0.1364082891344112,1,0,0.8651592380669751
GO:0071027,Nuclear RNA Surveillance,,0.1367460928489403,1,0,0.8640850736116173
GO:0072376,Protein Activation Cascade,,0.1367460928489403,1,0,0.8640850736116173
GO:0072378,"Blood Coagulation, Fibrin Clot Formation",,0.1367460928489403,1,0,0.8640850736116173
GO:0006487,Protein N-linked Glycosylation,,0.1367766531304576,1,0,0.8639880274838003
GO:0032680,Regulation of Tumor Necrosis Factor Production,,0.1374987629295226,1,0,0.861701209144983
GO:0009893,Positive Regulation of Metabolic Process,,0.1381644396564399,1,0,0.8596037199736404
GO:0002223,Stimulatory C-type Lectin Receptor Signaling Pathway,,0.1384506328259258,1,0,0.8587050548539107
GO:0042219,Modified Amino Acid Catabolic Process,,0.1384506328259258,1,0,0.8587050548539107
GO:0097305,Response to Alcohol,,0.1384506328259258,1,0,0.8587050548539107
GO:1990858,Cellular Response to Lectin,,0.1384506328259258,1,0,0.8587050548539107
GO:2000819,Regulation of Nucleotide-Excision Repair,,0.1384506328259258,1,0,0.8587050548539107
GO:0001818,Negative Regulation of Cytokine Production,,0.1385165124024897,1,0,0.8584984517415609
GO:0042100,B Cell Proliferation,,0.1385165124024897,1,0,0.8584984517415609
GO:0120161,Regulation of Cold-Induced Thermogenesis,,0.1385530364320484,1,0,0.8583839520814371
GO:0006414,Translational Elongation,,0.1392518191321242,1,0,0.8561991226613574
GO:0045948,Positive Regulation of Translational Initiation,,0.1392518191321242,1,0,0.8561991226613574
GO:0007269,Neurotransmitter Secretion,,0.1394963671360529,1,0,0.8554371024499519
GO:0046320,Regulation of Fatty Acid Oxidation,,0.1400090962941851,1,0,0.8538437475929197
GO:0023057,Negative Regulation of Signaling,,0.1409008854011459,1,0,0.8510862778372456
GO:0060586,Multicellular Organismal-Level Iron Ion Homeostasis,,0.1409008854011459,1,0,0.8510862778372456
GO:0044774,Mitotic DNA Integrity Checkpoint Signaling,,0.1410062656172447,1,0,0.8507615890287505
GO:0071320,Cellular Response to cAMP,,0.1410062656172447,1,0,0.8507615890287505
GO:0032006,Regulation of TOR Signaling,,0.1419889479501324,1,0,0.8477454586526482
GO:0034144,Negative Regulation of Toll-Like Receptor 4 Signaling Pathway,,0.1419889479501324,1,0,0.8477454586526482
GO:0043542,Endothelial Cell Migration,,0.1419889479501324,1,0,0.8477454586526482
GO:0098930,Axonal Transport,,0.1424110979149778,1,0,0.8464561653660753
GO:0032376,Positive Regulation of Cholesterol Transport,,0.1425074158532069,1,0,0.8461625350917807
GO:0032103,Positive Regulation of Response to External Stimulus,,0.1425646287518452,1,0,0.8459882125163045
GO:0044743,Protein Transmembrane Import Into Intracellular Organelle,,0.1428793162784356,1,0,0.8450306366835036
GO:0044782,Cilium Organization,,0.1428793162784356,1,0,0.8450306366835036
GO:0032956,Regulation of Actin Cytoskeleton Organization,,0.1432993752350879,1,0,0.8437557030607525
GO:0042129,Regulation of T Cell Proliferation,,0.1432993752350879,1,0,0.8437557030607525
GO:0010762,Regulation of Fibroblast Migration,,0.1433570036416013,1,0,0.8435810849386308
GO:0010883,Regulation of Lipid Storage,,0.1434142992713629,1,0,0.8434075447278707
GO:0032101,Regulation of Response to External Stimulus,,0.1434142992713629,1,0,0.8434075447278707
GO:0051292,Nuclear Pore Complex Assembly,,0.1436136811173431,1,0,0.842804185784878
GO:0030201,Heparan Sulfate Proteoglycan Metabolic Process,,0.1444713320685803,1,0,0.8402183228702105
GO:0045198,Establishment of Epithelial Cell Apical/Basal Polarity,,0.1444713320685803,1,0,0.8402183228702105
GO:0045740,Positive Regulation of DNA Replication,,0.1444713320685803,1,0,0.8402183228702105
GO:0031663,Lipopolysaccharide-Mediated Signaling Pathway,,0.144591953524988,1,0,0.8398558746551079
GO:0061668,Mitochondrial Ribosome Assembly,,0.1458447449110682,1,0,0.836109214792106
GO:0055002,Striated Muscle Cell Development,,0.1462646368765921,1,0,0.8348606627044922
GO:0042987,Amyloid Precursor Protein Catabolic Process,,0.1468748446405995,1,0,0.8330525797664253
GO:0099177,Regulation of Trans-Synaptic Signaling,,0.1468748446405995,1,0,0.8330525797664253
GO:0010906,Regulation of Glucose Metabolic Process,,0.1470472500534674,1,0,0.8325430928690629
GO:0000079,Regulation of Cyclin-Dependent Protein Serine/Threonine Kinase Activity,,0.147494344730671,1,0,0.8312246312068214
GO:0007200,Phospholipase C-activating G Protein-Coupled Receptor Signaling Pathway,,0.147494344730671,1,0,0.8312246312068214
GO:0032663,Regulation of Interleukin-2 Production,,0.147494344730671,1,0,0.8312246312068214
GO:0036258,Multivesicular Body Assembly,,0.147494344730671,1,0,0.8312246312068214
GO:0046463,Acylglycerol Biosynthetic Process,,0.147494344730671,1,0,0.8312246312068214
GO:0048026,"Positive Regulation of mRNA Splicing, via Spliceosome",,0.147494344730671,1,0,0.8312246312068214
GO:0061180,Mammary Gland Epithelium Development,,0.147494344730671,1,0,0.8312246312068214
GO:2000272,Negative Regulation of Signaling Receptor Activity,,0.147494344730671,1,0,0.8312246312068214
GO:0019646,Aerobic Electron Transport Chain,,0.14769744058699,1,0,0.8306270304062489
GO:0036010,Protein Localization to Endosome,,0.14769744058699,1,0,0.8306270304062489
GO:0042461,Photoreceptor Cell Development,,0.14769744058699,1,0,0.8306270304062489
GO:0032511,Late Endosome to Vacuole Transport via Multivesicular Body Sorting Pathway,,0.1483489991555716,1,0,0.8287153793281217
GO:0051249,Regulation of Lymphocyte Activation,,0.1483489991555716,1,0,0.8287153793281217
GO:0031338,Regulation of Vesicle Fusion,,0.1484807281850195,1,0,0.8283299112359331
GO:0031115,Negative Regulation of Microtubule Polymerization,,0.1487363597193449,1,0,0.827582851954005
GO:0031573,Mitotic intra-S DNA Damage Checkpoint Signaling,,0.1487363597193449,1,0,0.827582851954005
GO:1902373,Negative Regulation of mRNA Catabolic Process,,0.1487363597193449,1,0,0.827582851954005
GO:0008334,Histone mRNA Metabolic Process,,0.1502761581957423,1,0,0.8231099161886153
GO:0032509,Endosome Transport via Multivesicular Body Sorting Pathway,,0.1502761581957423,1,0,0.8231099161886153
GO:0032743,Positive Regulation of Interleukin-2 Production,,0.1502761581957423,1,0,0.8231099161886153
GO:0006749,Glutathione Metabolic Process,,0.1509690876220284,1,0,0.8211119695911924
GO:0021952,Central Nervous System Projection Neuron Axonogenesis,,0.1512801378432545,1,0,0.8202180884429114
GO:0034379,Very-Low-Density Lipoprotein Particle Assembly,,0.1512801378432545,1,0,0.8202180884429114
GO:0070509,Calcium Ion Import,,0.1512801378432545,1,0,0.8202180884429114
GO:0032760,Positive Regulation of Tumor Necrosis Factor Production,,0.1515126305256603,1,0,0.8195511616240293
GO:0042982,Amyloid Precursor Protein Metabolic Process,,0.1527165625308388,1,0,0.8161138599593982
GO:1902656,Calcium Ion Import Into Cytosol,,0.1527165625308388,1,0,0.8161138599593982
GO:0007616,Long-Term Memory,,0.1536089008150133,1,0,0.8135836185307578
GO:0034472,snRNA 3'-End Processing,,0.1538581707794923,1,0,0.8128794351966927
GO:0035542,Regulation of SNARE Complex Assembly,,0.1538581707794923,1,0,0.8128794351966927
GO:0036257,Multivesicular Body Organization,,0.1538581707794923,1,0,0.8128794351966927
GO:0042776,Proton Motive Force-Driven Mitochondrial ATP Synthesis,,0.1538581707794923,1,0,0.8128794351966927
GO:0010507,Negative Regulation of Autophagy,,0.1562529969519757,1,0,0.8061716440816571
GO:0034616,Response to Laminar Fluid Shear Stress,,0.1564399404519073,1,0,0.8056523580319307
GO:0000096,Sulfur Amino Acid Metabolic Process,,0.1566524779913225,1,0,0.8050627308847604
GO:0061621,Canonical Glycolysis,,0.1570956519055159,1,0,0.8038358351991988
GO:0061718,Glucose Catabolic Process to Pyruvate,,0.1570956519055159,1,0,0.8038358351991988
GO:0048255,mRNA Stabilization,,0.1572351158261634,1,0,0.8034504550751128
GO:0090189,Regulation of Branching Involved in Ureteric Bud Morphogenesis,,0.1580035865146136,1,0,0.8013330549074265
GO:0018108,Peptidyl-Tyrosine Phosphorylation,,0.1587613100741996,1,0,0.7992553260180344
GO:0038083,Peptidyl-Tyrosine Autophosphorylation,,0.1587613100741996,1,0,0.7992553260180344
GO:0032722,Positive Regulation of Chemokine Production,,0.1589769316908191,1,0,0.7986658893035142
GO:1990869,Cellular Response to Chemokine,,0.1589769316908191,1,0,0.7986658893035142
GO:0022904,Respiratory Electron Transport Chain,,0.1604277512992468,1,0,0.7947205039218586
GO:0043162,Ub-dep Prot Cat Proc via Multivsiclr Bdy Sorting Pway,,0.1604277512992468,1,0,0.7947205039218586
GO:0006639,Acylglycerol Metabolic Process,,0.1604644230079283,1,0,0.7946212411659123
GO:0045050,Protein Insertion Into ER Membrane by Stop-Transfer Membrane-Anchor Sequence,,0.1604644230079283,1,0,0.7946212411659123
GO:0070098,Chemokine-Mediated Signaling Pathway,,0.1604644230079283,1,0,0.7946212411659123
GO:0002456,T Cell Mediated Immunity,,0.1605486311491663,1,0,0.7943933929121653
GO:0036315,Cellular Response to Sterol,,0.160567764624279,1,0,0.7943416387022882
GO:0032740,Positive Regulation of Interleukin-17 Production,,0.1628383436652507,1,0,0.7882433237619344
GO:0120162,Positive Regulation of Cold-Induced Thermogenesis,,0.1629375207189275,1,0,0.7879788962632595
GO:0036465,Synaptic Vesicle Recycling,,0.1644892257473795,1,0,0.7838625436210165
GO:0033043,Regulation of Organelle Organization,,0.1648895540661339,1,0,0.7828068565151719
GO:0050680,Negative Regulation of Epithelial Cell Proliferation,,0.1648895540661339,1,0,0.7828068565151719
GO:1903557,Positive Regulation of Tumor Necrosis Factor Superfamily Cytokine Production,,0.1648895540661339,1,0,0.7828068565151719
GO:1903894,Regulation of IRE1-mediated Unfolded Protein Response,,0.1648895540661339,1,0,0.7828068565151719
GO:0032649,Regulation of Type II Interferon Production,,0.1650890639683743,1,0,0.782281694850442
GO:0055078,Sodium Ion Homeostasis,,0.1661610146471137,1,0,0.7794708644851315
GO:0008015,Blood Circulation,,0.166217952220823,1,0,0.7793220724327955
GO:0006287,"Base-Excision Repair, Gap-Filling",,0.1667105471982399,1,0,0.7780369229968713
GO:0031998,Regulation of Fatty Acid Beta-Oxidation,,0.1667105471982399,1,0,0.7780369229968713
GO:0032755,Positive Regulation of Interleukin-6 Production,,0.1667105471982399,1,0,0.7780369229968713
GO:0050996,Positive Regulation of Lipid Catabolic Process,,0.1667105471982399,1,0,0.7780369229968713
GO:0051101,Regulation of DNA Binding,,0.1705453295335727,1,0,0.7681601694584064
GO:0051607,Defense Response to Virus,,0.1722775460087602,1,0,0.7637713231321248
GO:0032970,Regulation of Actin Filament-Based Process,,0.1731258606673455,1,0,0.7616380545610081
GO:0009894,Regulation of Catabolic Process,,0.1741060321927061,1,0,0.759186181768236
GO:0003382,Epithelial Cell Morphogenesis,,0.1758398340946435,1,0,0.7548827346784034
GO:0032729,Positive Regulation of Type II Interferon Production,,0.1758398340946435,1,0,0.7548827346784034
GO:0042471,Ear Morphogenesis,,0.1758398340946435,1,0,0.7548827346784034
GO:0044319,"Wound Healing, Spreading of Cells",,0.1758398340946435,1,0,0.7548827346784034
GO:0014742,Positive Regulation of Muscle Hypertrophy,,0.1785341092553495,1,0,0.7482787989006896
GO:0090200,Positive Regulation of Release of Cytochrome C From Mitochondria,,0.1785341092553495,1,0,0.7482787989006896
GO:2000773,Negative Regulation of Cellular Senescence,,0.1785341092553495,1,0,0.7482787989006896
GO:0060395,SMAD Protein Signal Transduction,,0.1795407731107161,1,0,0.7458369090568012
GO:1902745,Positive Regulation of Lamellipodium Organization,,0.1795407731107161,1,0,0.7458369090568012
GO:0141091,Transforming Growth Factor Beta Receptor Superfamily Signaling Pathway,,0.1803761575654696,1,0,0.743820868801109
GO:0032872,Regulation of Stress-Activated MAPK Cascade,,0.1808242724722506,1,0,0.7427432735662403
GO:0051180,Vitamin Transport,,0.1808242724722506,1,0,0.7427432735662403
GO:0051246,Regulation of Protein Metabolic Process,,0.1808242724722506,1,0,0.7427432735662403
GO:0051382,Kinetochore Assembly,,0.1808242724722506,1,0,0.7427432735662403
GO:0007009,Plasma Membrane Organization,,0.1811433293924558,1,0,0.7419776542399215
GO:0002244,Hematopoietic Progenitor Cell Differentiation,,0.1815246403147957,1,0,0.7410644151103849
GO:0043491,Phosphatidylinositol 3-Kinase/Protein Kinase B Signal Transduction,,0.1820277849971771,1,0,0.739862315586606
GO:0032211,Negative Regulation of Telomere Maintenance via Telomerase,,0.182515684974026,1,0,0.7386998073447089
GO:0051154,Negative Regulation of Striated Muscle Cell Differentiation,,0.1827231738812327,1,0,0.7382063697218216
GO:0001754,Eye Photoreceptor Cell Differentiation,,0.1832710285585121,1,0,0.7369061827825145
GO:0045471,Response to Ethanol,,0.1839352746796502,1,0,0.7353349747877488
GO:0010039,Response to Iron Ion,,0.1841622412188392,1,0,0.7347994084023164
GO:2000179,Positive Regulation of Neural Precursor Cell Proliferation,,0.1862470455862227,1,0,0.7299106076845147
GO:0009891,Positive Regulation of Biosynthetic Process,,0.1873154979018391,1,0,0.7274262889632279
GO:0045652,Regulation of Megakaryocyte Differentiation,,0.1873154979018391,1,0,0.7274262889632279
GO:0007097,Nuclear Migration,,0.1912922964747722,1,0,0.7183025190780987
GO:0032790,Ribosome Disassembly,,0.1918945898516837,1,0,0.7169372693014291
GO:0006730,One-Carbon Metabolic Process,,0.1921513901943487,1,0,0.7163564691150612
GO:0150104,Transport Across Blood-Brain Barrier,,0.1921513901943487,1,0,0.7163564691150612
GO:0070741,Response to Interleukin-6,,0.1942542266094432,1,0,0.7116295229868234
GO:0001990,Regulation of Systemic Arterial Blood Pressure by Hormone,,0.1947570851141579,1,0,0.7105067340661203
GO:0031016,Pancreas Development,,0.1948122920287276,1,0,0.7103836440085964
GO:0006814,Sodium Ion Transport,,0.1948153054866672,1,0,0.7103769261674425
GO:0008213,Protein Alkylation,,0.1955684581476665,1,0,0.7087011881834955
GO:0006816,Calcium Ion Transport,,0.1962027550413498,1,0,0.7072948986336692
GO:0019364,Pyridine Nucleotide Catabolic Process,,0.1962027550413498,1,0,0.7072948986336692
GO:0034763,Negative Regulation of Transmembrane Transport,,0.1962027550413498,1,0,0.7072948986336692
GO:0007006,Mitochondrial Membrane Organization,,0.1964251363401971,1,0,0.7068029367358247
GO:0050901,Leukocyte Tethering or Rolling,,0.1968232581626933,1,0,0.7059235832680231
GO:0006356,Regulation of Transcription by RNA Polymerase I,,0.196865939056654,1,0,0.7058294172257066
GO:0042462,Eye Photoreceptor Cell Development,,0.196865939056654,1,0,0.7058294172257066
GO:0042531,Positive Regulation of Tyrosine Phosphorylation of STAT Protein,,0.196865939056654,1,0,0.7058294172257066
GO:0035967,Cellular Response to Topologically Incorrect Protein,,0.1970962751739244,1,0,0.7053215831619387
GO:0009057,Macromolecule Catabolic Process,,0.1978639919112056,1,0,0.7036332332677048
GO:0000959,Mitochondrial RNA Metabolic Process,,0.1985070943928773,1,0,0.7022239674871538
GO:0051403,Stress-Activated MAPK Cascade,,0.1985070943928773,1,0,0.7022239674871538
GO:0000302,Response to Reactive Oxygen Species,,0.1989862724825705,1,0,0.7011768833425985
GO:2000279,Negative Regulation of DNA Biosynthetic Process,,0.1991648345168658,1,0,0.7007873402268932
GO:0032386,Regulation of Intracellular Transport,,0.1995316674169716,1,0,0.6999881681825972
GO:0043085,Positive Regulation of Catalytic Activity,,0.1995316674169716,1,0,0.6999881681825972
GO:0051962,Positive Regulation of Nervous System Development,,0.1995316674169716,1,0,0.6999881681825972
GO:0007158,Neuron Cell-Cell Adhesion,,0.1999448912021479,1,0,0.699089688059899
GO:0007264,Small GTPase-mediated Signal Transduction,,0.200284922436912,1,0,0.6983517434119451
GO:0010744,Positive Regulation of Macrophage Derived Foam Cell Differentiation,,0.200284922436912,1,0,0.6983517434119451
GO:0035330,Regulation of Hippo Signaling,,0.200284922436912,1,0,0.6983517434119451
GO:0045667,Regulation of Osteoblast Differentiation,,0.2004212711831921,1,0,0.6980561876588667
GO:0030100,Regulation of Endocytosis,,0.2006005301907875,1,0,0.6976679234660041
GO:0046655,Folic Acid Metabolic Process,,0.2006005301907875,1,0,0.6976679234660041
GO:0150078,Positive Regulation of Neuroinflammatory Response,,0.2006005301907875,1,0,0.6976679234660041
GO:0002449,Lymphocyte Mediated Immunity,,0.2011545729147588,1,0,0.6964700900175437
GO:0030038,Contractile Actin Filament Bundle Assembly,,0.2016780451152654,1,0,0.6953413769694907
GO:0035437,Maintenance of Protein Localization in Endoplasmic Reticulum,,0.2016780451152654,1,0,0.6953413769694907
GO:0043149,Stress Fiber Assembly,,0.2016780451152654,1,0,0.6953413769694907
GO:0141087,Positive Regulation of Inflammasome-Mediated Signaling Pathway,,0.2016780451152654,1,0,0.6953413769694907
GO:0050729,Positive Regulation of Inflammatory Response,,0.2017965839258136,1,0,0.6950861899064726
GO:0050672,Negative Regulation of Lymphocyte Proliferation,,0.2032796630635512,1,0,0.6919060678010643
GO:0098657,Import Into Cell,,0.2036411054930136,1,0,0.6911345540025425
GO:2000319,Regulation of T-helper 17 Cell Differentiation,,0.2037703208202552,1,0,0.690859070784078
GO:0002460,Adaptive Imm Resp Based on Som Recomb of Imm Rcptrs Built Frm IgSF Domains,,0.2038192095154319,1,0,0.6907548870940454
GO:0042551,Neuron Maturation,,0.2041508875350431,1,0,0.6900487276648937
GO:1901655,Cellular Response to Ketone,,0.2041508875350431,1,0,0.6900487276648937
GO:0030968,Endoplasmic Reticulum Unfolded Protein Response,,0.2048492520831572,1,0,0.6885656173430122
GO:0045936,Negative Regulation of Phosphate Metabolic Process,,0.2048492520831572,1,0,0.6885656173430122
GO:0099560,Synaptic Membrane Adhesion,,0.2048492520831572,1,0,0.6885656173430122
GO:1903232,Melanosome Assembly,,0.2048492520831572,1,0,0.6885656173430122
GO:0085029,Extracellular Matrix Assembly,,0.2056864864681238,1,0,0.6867942403670719
GO:0071375,Cellular Response to Peptide Hormone Stimulus,,0.2063069574600997,1,0,0.6854861257079969
GO:0140719,Constitutive Heterochromatin Formation,,0.2063203530553306,1,0,0.6854579277048868
GO:0006029,Proteoglycan Metabolic Process,,0.2063375947277296,1,0,0.6854216363249376
GO:0002230,Positive Regulation of Defense Response to Virus by Host,,0.2065878880098794,1,0,0.6848951442136385
GO:0016236,Macroautophagy,,0.2068941517338082,1,0,0.6842517853402231
GO:0035088,Establishment or Maintenance of Apical/Basal Cell Polarity,,0.2090449416122715,1,0,0.679760336874421
GO:2000352,Negative Regulation of Endothelial Cell Apoptotic Process,,0.2090449416122715,1,0,0.679760336874421
GO:2000736,Regulation of Stem Cell Differentiation,,0.2093299330964689,1,0,0.6791686653587435
GO:0050795,Regulation of Behavior,,0.2100718724331142,1,0,0.6776320935476801
GO:0030488,tRNA Methylation,,0.210174433543256,1,0,0.6774201144085736
GO:0045736,Negative Regulation of Cyclin-Dependent Protein Serine/Threonine Kinase Activity,,0.210174433543256,1,0,0.6774201144085736
GO:0099111,Microtubule-Based Transport,,0.210174433543256,1,0,0.6774201144085736
GO:2000402,Negative Regulation of Lymphocyte Migration,,0.210174433543256,1,0,0.6774201144085736
GO:0055013,Cardiac Muscle Cell Development,,0.2106163487268981,1,0,0.6765079204900288
GO:2001242,Regulation of Intrinsic Apoptotic Signaling Pathway,,0.2111303563806048,1,0,0.6754493192230383
GO:0031112,Positive Regulation of Microtubule Polymerization or Depolymerization,,0.2114125160944999,1,0,0.6748693050613684
GO:0002407,Dendritic Cell Chemotaxis,,0.2148180901550795,1,0,0.6679291488397233
GO:0010648,Negative Regulation of Cell Communication,,0.2148180901550795,1,0,0.6679291488397233
GO:0032496,Response to Lipopolysaccharide,,0.2148180901550795,1,0,0.6679291488397233
GO:0034599,Cellular Response to Oxidative Stress,,0.2148180901550795,1,0,0.6679291488397233
GO:0045010,Actin Nucleation,,0.2148180901550795,1,0,0.6679291488397233
GO:0043488,Regulation of mRNA Stability,,0.2153832898450857,1,0,0.6667879937473217
GO:0043065,Positive Regulation of Apoptotic Process,,0.2157500904944601,1,0,0.6660490134517497
GO:0060213,Positive Regulation of Nuclear-Transcribed mRNA poly(A) Tail Shortening,,0.2157500904944601,1,0,0.6660490134517497
GO:0002673,Regulation of Acute Inflammatory Response,,0.2159946769150691,1,0,0.665556951695821
GO:0032784,Regulation of DNA-templated Transcription Elongation,,0.2159946769150691,1,0,0.665556951695821
GO:0032924,Activin Receptor Signaling Pathway,,0.2159946769150691,1,0,0.665556951695821
GO:0098703,Calcium Ion Import Across Plasma Membrane,,0.2159946769150691,1,0,0.665556951695821
GO:0045907,Positive Regulation of Vasoconstriction,,0.2163713536311843,1,0,0.6648002379435827
GO:0051177,Meiotic Sister Chromatid Cohesion,,0.2163713536311843,1,0,0.6648002379435827
GO:0061763,Multivesicular Body-Lysosome Fusion,,0.2163713536311843,1,0,0.6648002379435827
GO:0000479,Endonucleolytic Clvg of Tricistronic rRNA Trnscpt,,0.2166112464246245,1,0,0.6643189986185547
GO:0032660,Regulation of Interleukin-17 Production,,0.2166112464246245,1,0,0.6643189986185547
GO:0007041,Lysosomal Transport,,0.2181499353771914,1,0,0.6612449113287006
GO:1904357,Negative Regulation of Telomere Maintenance via Telomere Lengthening,,0.2181566142813775,1,0,0.6612316151210883
GO:0000002,Mitochondrial Genome Maintenance,,0.2190172965402569,1,0,0.6595215860942839
GO:0032870,Cellular Response to Hormone Stimulus,,0.2201146874232673,1,0,0.657350977646282
GO:1903322,Positive Regulation of Protein Modification by Small Protein Conjugation or Removal,,0.2201146874232673,1,0,0.657350977646282
GO:0141137,"Positive Regulation of Gene Expression, Epigenetic",,0.2213067651109797,1,0,0.6550053099522678
GO:0034112,Positive Regulation of Homotypic Cell-Cell Adhesion,,0.2218153572119315,1,0,0.6540083891088004
GO:0008637,Apoptotic Mitochondrial Changes,,0.2226537768179129,1,0,0.6523699336463128
GO:0042509,Regulation of Tyrosine Phosphorylation of STAT Protein,,0.2226537768179129,1,0,0.6523699336463128
GO:0007520,Myoblast Fusion,,0.2239567742444961,1,0,0.6498357964811455
GO:0010830,Regulation of Myotube Differentiation,,0.2239567742444961,1,0,0.6498357964811455
GO:1902652,Secondary Alcohol Metabolic Process,,0.2240832757101569,1,0,0.649590555503449
GO:0010575,Positive Regulation of Vascular Endothelial Growth Factor Production,,0.2269527705739968,1,0,0.6440645111469349
GO:2000392,Regulation of Lamellipodium Morphogenesis,,0.2269527705739968,1,0,0.6440645111469349
GO:0000165,MAPK Cascade,,0.2273141536267182,1,0,0.6433735222573728
GO:0043523,Regulation of Neuron Apoptotic Process,,0.2273141536267182,1,0,0.6433735222573728
GO:0140374,Antiviral Innate Immune Response,,0.2289898469768523,1,0,0.6401837731172254
GO:0010818,T Cell Chemotaxis,,0.2293954370469716,1,0,0.639415224991988
GO:0001941,Postsynaptic Membrane Organization,,0.2303108983801058,1,0,0.6376855106056609
GO:0034614,Cellular Response to Reactive Oxygen Species,,0.2309873688538476,1,0,0.6364117681037763
GO:0032965,Regulation of Collagen Biosynthetic Process,,0.2319738303533747,1,0,0.634561006377104
GO:0014074,Response to Purine-Containing Compound,,0.2321252065578397,1,0,0.6342776967927553
GO:0031398,Positive Regulation of Protein Ubiquitination,,0.2341536942617451,1,0,0.6304989859287338
GO:0006563,L-serine Metabolic Process,,0.2352589272165677,1,0,0.6284538876995008
GO:0018212,Peptidyl-Tyrosine Modification,,0.2357516426142739,1,0,0.6275452726062023
GO:0019433,Triglyceride Catabolic Process,,0.2357526782773827,1,0,0.6275433647434179
GO:0046330,Positive Regulation of JNK Cascade,,0.2357526782773827,1,0,0.6275433647434179
GO:0032655,Regulation of Interleukin-12 Production,,0.2368803184115343,1,0,0.6254710218452036
GO:0048667,Cell Morphogenesis Involved in Neuron Differentiation,,0.2368803184115343,1,0,0.6254710218452036
GO:0099643,Signal Release From Synapse,,0.2368803184115343,1,0,0.6254710218452036
GO:1905907,Negative Regulation of Amyloid Fibril Formation,,0.2368803184115343,1,0,0.6254710218452036
GO:0019985,Translesion Synthesis,,0.2379041551003121,1,0,0.6235979727530714
GO:0022617,Extracellular Matrix Disassembly,,0.2392589481045226,1,0,0.6211318109607409
GO:0051930,Regulation of Sensory Perception of Pain,,0.2402880805989485,1,0,0.6192677716783807
GO:0006401,RNA Catabolic Process,,0.241075252530444,1,0,0.6178473696354038
GO:0006684,Sphingomyelin Metabolic Process,,0.241075252530444,1,0,0.6178473696354038
GO:0019220,Regulation of Phosphate Metabolic Process,,0.2413646682465731,1,0,0.617326303039727
GO:0034097,Response to Cytokine,,0.2442662214264396,1,0,0.6121365856764759
GO:0046651,Lymphocyte Proliferation,,0.2442662214264396,1,0,0.6121365856764759
GO:1902410,Mitotic Cytokinetic Process,,0.2442662214264396,1,0,0.6121365856764759
GO:1900017,Positive Regulation of Cytokine Production Involved in Inflammatory Response,,0.2443392011535555,1,0,0.6120068503458871
GO:0006901,Vesicle Coating,,0.2446956279901253,1,0,0.6113737901771271
GO:0031929,TOR Signaling,,0.2446956279901253,1,0,0.6113737901771271
GO:0051302,Regulation of Cell Division,,0.2446956279901253,1,0,0.6113737901771271
GO:1902930,Regulation of Alcohol Biosynthetic Process,,0.2446956279901253,1,0,0.6113737901771271
GO:0046653,Tetrahydrofolate Metabolic Process,,0.2449026474403874,1,0,0.6110065200507175
GO:0050805,Negative Regulation of Synaptic Transmission,,0.2467141330981999,1,0,0.6078059710990337
GO:0006656,Phosphatidylcholine Biosynthetic Process,,0.2478514425784909,1,0,0.6058085490119871
GO:0048488,Synaptic Vesicle Endocytosis,,0.2487823319403729,1,0,0.6041804656743928
GO:1903320,Regulation of Protein Modification by Small Protein Conjugation or Removal,,0.2487823319403729,1,0,0.6041804656743928
GO:0042325,Regulation of Phosphorylation,,0.2487920892483752,1,0,0.6041634328654552
GO:0060485,Mesenchyme Development,,0.249395489193127,1,0,0.6031114058544694
GO:0010256,Endomembrane System Organization,,0.2494362069802858,1,0,0.603040506148403
GO:0030970,"Retrograde Protein Transport, ER to Cytosol",,0.2494362069802858,1,0,0.603040506148403
GO:0016226,Iron-Sulfur Cluster Assembly,,0.2498825485299439,1,0,0.6022640733725364
GO:0031163,Metallo-Sulfur Cluster Assembly,,0.2498825485299439,1,0,0.6022640733725364
GO:2001034,Positive Regulation of Double-Strand Break Repair via Nonhomologous End Joining,,0.2498825485299439,1,0,0.6022640733725364
GO:0046579,Positive Regulation of Ras Protein Signal Transduction,,0.2512091881248086,1,0,0.5999644800664984
GO:0032968,Positive Regulation of Transcription Elongation by RNA Polymerase II,,0.2513221553238142,1,0,0.5997692244565541
GO:0030262,Apoptotic Nuclear Changes,,0.2516563075697922,1,0,0.5991921798767169
GO:0006027,Glycosaminoglycan Catabolic Process,,0.2517002174481046,1,0,0.5991164092570758
GO:0043200,Response to Amino Acid,,0.252294571505049,1,0,0.5980920938770561
GO:0050832,Defense Response to Fungus,,0.252294571505049,1,0,0.5980920938770561
GO:1903955,Positive Regulation of Protein Targeting to Mitochondrion,,0.2527664778343106,1,0,0.5972805231780988
GO:0002639,Positive Regulation of Immunoglobulin Production,,0.2544452974081183,1,0,0.5944055712343002
GO:2000008,Regulation of Protein Localization to Cell Surface,,0.2544452974081183,1,0,0.5944055712343002
GO:0032814,Regulation of Natural Killer Cell Activation,,0.256113501382681,1,0,0.5915675264849464
GO:0034375,High-Density Lipoprotein Particle Remodeling,,0.2561377987117076,1,0,0.591526327191056
GO:0003091,Renal Water Homeostasis,,0.2567424784124195,1,0,0.5905022707368388
GO:0090208,Positive Regulation of Triglyceride Metabolic Process,,0.2567424784124195,1,0,0.5905022707368388
GO:0002237,Response to Molecule of Bacterial Origin,,0.2583651894726014,1,0,0.5877660008873632
GO:2000772,Regulation of Cellular Senescence,,0.2584303993789887,1,0,0.5876564012573715
GO:0046329,Negative Regulation of JNK Cascade,,0.2590198961182403,1,0,0.5866668751369247
GO:0032527,Protein Exit From Endoplasmic Reticulum,,0.2592840278442999,1,0,0.586224235381561
GO:0042446,Hormone Biosynthetic Process,,0.26085752899742,1,0,0.5835966239412382
GO:0045618,Positive Regulation of Keratinocyte Differentiation,,0.2611899077073277,1,0,0.5830436080696115
GO:0042574,Retinal Metabolic Process,,0.2632222790668216,1,0,0.5796773549277718
GO:0048660,Regulation of Smooth Muscle Cell Proliferation,,0.2632222790668216,1,0,0.5796773549277718
GO:0001558,Regulation of Cell Growth,,0.2632523844824952,1,0,0.5796276863802731
GO:0033077,T Cell Differentiation in Thymus,,0.2632523844824952,1,0,0.5796276863802731
GO:0051592,Response to Calcium Ion,,0.2632523844824952,1,0,0.5796276863802731
GO:0007020,Microtubule Nucleation,,0.2644716139256611,1,0,0.57762093450596
GO:0043489,RNA Stabilization,,0.2644716139256611,1,0,0.57762093450596
GO:0080171,Lytic Vacuole Organization,,0.2644716139256611,1,0,0.57762093450596
GO:1903077,Negative Regulation of Protein Localization to Plasma Membrane,,0.2644716139256611,1,0,0.57762093450596
GO:0061045,Negative Regulation of Wound Healing,,0.265376065564632,1,0,0.5761382489996209
GO:2001238,Positive Regulation of Extrinsic Apoptotic Signaling Pathway,,0.2657975531616058,1,0,0.5754490213364918
GO:0043031,Negative Regulation of Macrophage Activation,,0.266058738832648,1,0,0.5750224718850262
GO:1902882,Regulation of Response to Oxidative Stress,,0.266058738832648,1,0,0.5750224718850262
GO:1905517,Macrophage Migration,,0.2674518555141962,1,0,0.5727543847318315
GO:0032355,Response to Estradiol,,0.2684658073292487,1,0,0.5711110195876686
GO:0051924,Regulation of Calcium Ion Transport,,0.2684658073292487,1,0,0.5711110195876686
GO:0070129,Regulation of Mitochondrial Translation,,0.2684658073292487,1,0,0.5711110195876686
GO:0140888,Interferon-Mediated Signaling Pathway,,0.268576093468063,1,0,0.5709326474266896
GO:0032816,Positive Regulation of Natural Killer Cell Activation,,0.2732911350045039,1,0,0.5633744556877589
GO:0010629,Negative Regulation of Gene Expression,,0.2750779382552568,1,0,0.5605442394111575
GO:0006893,Golgi to Plasma Membrane Transport,,0.2767133623344689,1,0,0.5579698685135237
GO:0061013,Regulation of mRNA Catabolic Process,,0.2767133623344689,1,0,0.5579698685135237
GO:1901890,Positive Regulation of Cell Junction Assembly,,0.2773114518714057,1,0,0.5570321953991852
GO:0010574,Regulation of Vascular Endothelial Growth Factor Production,,0.278776750892794,1,0,0.554743447862351
GO:0034695,Response to Prostaglandin E,,0.2793324353179109,1,0,0.5538786322842649
GO:0046631,Alpha-Beta T Cell Activation,,0.2793324353179109,1,0,0.5538786322842649
GO:0042102,Positive Regulation of T Cell Proliferation,,0.2795777500272918,1,0,0.5534973945317645
GO:0045824,Negative Regulation of Innate Immune Response,,0.2795777500272918,1,0,0.5534973945317645
GO:0051496,Positive Regulation of Stress Fiber Assembly,,0.2795777500272918,1,0,0.5534973945317645
GO:0051961,Negative Regulation of Nervous System Development,,0.279593867118116,1,0,0.5534723590564413
GO:0002675,Positive Regulation of Acute Inflammatory Response,,0.2797052025264299,1,0,0.5532994556609805
GO:0042093,T-helper Cell Differentiation,,0.2797052025264299,1,0,0.5532994556609805
GO:1900152,"- Reg of Nuclear-Transcribed mRNA Cat Proc, Deadenylation-Dep Decay",,0.2797052025264299,1,0,0.5532994556609805
GO:1903052,Positive Regulation of Proteolysis Involved in Protein Catabolic Process,,0.2797052025264299,1,0,0.5532994556609805
GO:2001244,Positive Regulation of Intrinsic Apoptotic Signaling Pathway,,0.2797052025264299,1,0,0.5532994556609805
GO:0002726,Positive Regulation of T Cell Cytokine Production,,0.2807835539115799,1,0,0.5516283333464338
GO:0018279,Protein N-linked Glycosylation via Asparagine,,0.2807835539115799,1,0,0.5516283333464338
GO:0090505,Epiboly Involved in Wound Healing,,0.2807835539115799,1,0,0.5516283333464338
GO:0043062,Extracellular Structure Organization,,0.2817534438644986,1,0,0.5501307668800547
GO:0021879,Forebrain Neuron Differentiation,,0.2822570296949666,1,0,0.549355233035534
GO:0007015,Actin Filament Organization,,0.2826011677953109,1,0,0.5488260478448146
GO:0007157,Heterophilic Cell-Cell Adhesion via Plasma Membrane Cell Adhesion Molecules,,0.2829691434283528,1,0,0.5482609198446932
GO:0003341,Cilium Movement,,0.2836708638736737,1,0,0.5471852687466238
GO:1903522,Regulation of Blood Circulation,,0.2839908791164519,1,0,0.5466956078860754
GO:0006006,Glucose Metabolic Process,,0.2844367957682673,1,0,0.5460142224097704
GO:0050730,Regulation of Peptidyl-Tyrosine Phosphorylation,,0.2844367957682673,1,0,0.5460142224097704
GO:0032675,Regulation of Interleukin-6 Production,,0.2845209611316199,1,0,0.5458857328947062
GO:0046605,Regulation of Centrosome Cycle,,0.2847711965616135,1,0,0.5455039399191546
GO:0006513,Protein Monoubiquitination,,0.285984313802318,1,0,0.5436577872063496
GO:0007528,Neuromuscular Junction Development,,0.285984313802318,1,0,0.5436577872063496
GO:0048145,Regulation of Fibroblast Proliferation,,0.285984313802318,1,0,0.5436577872063496
GO:0070168,Negative Regulation of Biomineral Tissue Development,,0.285984313802318,1,0,0.5436577872063496
GO:0071028,Nuclear mRNA Surveillance,,0.285984313802318,1,0,0.5436577872063496
GO:0072523,Purine-Containing Compound Catabolic Process,,0.285984313802318,1,0,0.5436577872063496
GO:0045599,Negative Regulation of Fat Cell Differentiation,,0.2871412238531293,1,0,0.541904452899805
GO:0071229,Cellular Response to Acid Chemical,,0.2884189245463732,1,0,0.5399762468776493
GO:0070884,Regulation of calcineurin-NFAT Signaling Cascade,,0.289290429606106,1,0,0.5386659335763799
GO:0001890,Placenta Development,,0.2893352648393422,1,0,0.5385986303279581
GO:0016050,Vesicle Organization,,0.2893352648393422,1,0,0.5385986303279581
GO:0022411,Cellular Component Disassembly,,0.2893352648393422,1,0,0.5385986303279581
GO:0001912,Positive Regulation of Leukocyte Mediated Cytotoxicity,,0.2894656523783884,1,0,0.5384029617034272
GO:0048247,Lymphocyte Chemotaxis,,0.2894656523783884,1,0,0.5384029617034272
GO:0120178,Steroid Hormone Biosynthetic Process,,0.2894656523783884,1,0,0.5384029617034272
GO:1902018,Negative Regulation of Cilium Assembly,,0.2894656523783884,1,0,0.5384029617034272
GO:0097193,Intrinsic Apoptotic Signaling Pathway,,0.2901865039391361,1,0,0.5373227896965498
GO:0009226,Nucleotide-Sugar Biosynthetic Process,,0.2903166985585397,1,0,0.5371279835163763
GO:0030042,Actin Filament Depolymerization,,0.291389110133725,1,0,0.5355266828241108
GO:0038095,Fc-epsilon Receptor Signaling Pathway,,0.291389110133725,1,0,0.5355266828241108
GO:0016556,mRNA Modification,,0.2916825980194145,1,0,0.5350894804071781
GO:0099054,Presynapse Assembly,,0.2919161791050497,1,0,0.5347418340927529
GO:0002696,Positive Regulation of Leukocyte Activation,,0.2920362382154366,1,0,0.5345632544402628
GO:0009648,Photoperiodism,,0.2920362382154366,1,0,0.5345632544402628
GO:0010803,Regulation of Tumor Necrosis Factor-Mediated Signaling Pathway,,0.2920362382154366,1,0,0.5345632544402628
GO:0043328,Prot Transport to Vacuole Inv in Ub-dep Prot Cat Proc via Multivsiclr Bdy Sorting Pway,,0.2920362382154366,1,0,0.5345632544402628
GO:0044090,Positive Regulation of Vacuole Organization,,0.2920362382154366,1,0,0.5345632544402628
GO:0061081,+ Reg of Myeloid Leukocyte Cytokine Production Inv in Imm Resp,,0.2920362382154366,1,0,0.5345632544402628
GO:0070301,Cellular Response to Hydrogen Peroxide,,0.2929547452554331,1,0,0.5331994629353206
GO:0006760,Folic Acid-Containing Compound Metabolic Process,,0.2931662872619165,1,0,0.5328859729733547
GO:0099174,Regulation of Presynapse Organization,,0.293180371380585,1,0,0.5328651093598892
GO:1905606,Regulation of Presynapse Assembly,,0.293180371380585,1,0,0.5328651093598892
GO:0098659,Inorganic Cation Import Across Plasma Membrane,,0.2946542869601982,1,0,0.530687235920896
GO:0006613,Cotranslational Protein Targeting to Membrane,,0.2946931063895995,1,0,0.5306300232677333
GO:0046519,Sphingoid Metabolic Process,,0.2946931063895995,1,0,0.5306300232677333
GO:0002697,Regulation of Immune Effector Process,,0.2955849744137916,1,0,0.5293176463767797
GO:0034341,Response to Type II Interferon,,0.2956006174503038,1,0,0.5292946631223413
GO:0019941,Modification-Dependent Protein Catabolic Process,,0.2957411361777505,1,0,0.5290882629866891
GO:0006505,GPI Anchor Metabolic Process,,0.2957446818546123,1,0,0.5290830562079338
GO:0006506,GPI Anchor Biosynthetic Process,,0.2957446818546123,1,0,0.5290830562079338
GO:0031349,Positive Regulation of Defense Response,,0.2957446818546123,1,0,0.5290830562079338
GO:0031670,Cellular Response to Nutrient,,0.2957446818546123,1,0,0.5290830562079338
GO:0034260,Negative Regulation of GTPase Activity,,0.2957446818546123,1,0,0.5290830562079338
GO:0042306,Regulation of Protein Import Into Nucleus,,0.2957446818546123,1,0,0.5290830562079338
GO:0050858,Negative Regulation of Antigen Receptor-Mediated Signaling Pathway,,0.2957446818546123,1,0,0.5290830562079338
GO:0032535,Regulation of Cellular Component Size,,0.2959302168964542,1,0,0.5288106875552065
GO:0006754,ATP Biosynthetic Process,,0.2969588177951062,1,0,0.5273037744014388
GO:0048168,Regulation of Neuronal Synaptic Plasticity,,0.2969588177951062,1,0,0.5273037744014388
GO:0099504,Synaptic Vesicle Cycle,,0.2971761902971733,1,0,0.526985989113275
GO:0034755,Iron Ion Transmembrane Transport,,0.2976967321818595,1,0,0.5262259325792595
GO:2000810,Regulation of Bicellular Tight Junction Assembly,,0.2976967321818595,1,0,0.5262259325792595
GO:0001706,Endoderm Formation,,0.2993233956146269,1,0,0.5238593366538323
GO:0045834,Positive Regulation of Lipid Metabolic Process,,0.2993658810440343,1,0,0.5237976980432768
GO:0006359,Regulation of Transcription by RNA Polymerase III,,0.2997620700420456,1,0,0.5232233208325477
GO:0007613,Memory,,0.3007423623542362,1,0,0.5218053931802329
GO:0050885,Neuromuscular Process Controlling Balance,,0.3007423623542362,1,0,0.5218053931802329
GO:0080090,Regulation of Primary Metabolic Process,,0.3007423623542362,1,0,0.5218053931802329
GO:1903573,Negative Regulation of Response to Endoplasmic Reticulum Stress,,0.3020023391351495,1,0,0.5199896932363803
GO:0042177,Negative Regulation of Protein Catabolic Process,,0.3021473884687288,1,0,0.5197811551091268
GO:0043068,Positive Regulation of Programmed Cell Death,,0.3027417723736051,1,0,0.5189276508646681
GO:2000177,Regulation of Neural Precursor Cell Proliferation,,0.3028195939193759,1,0,0.5188160272705329
GO:0006734,NADH Metabolic Process,,0.3031189797156668,1,0,0.518386869545552
GO:0030502,Negative Regulation of Bone Mineralization,,0.3036985520432372,1,0,0.5175572786814424
GO:0033619,Membrane Protein Proteolysis,,0.3040444216594736,1,0,0.5170629602326714
GO:0015810,Aspartate Transmembrane Transport,,0.3041063190063436,1,0,0.5169745555840033
GO:0045229,External Encapsulating Structure Organization,,0.3041063190063436,1,0,0.5169745555840033
GO:0120035,Regulation of Plasma Membrane Bounded Cell Projection Organization,,0.3041063190063436,1,0,0.5169745555840033
GO:0120031,Plasma Membrane Bounded Cell Projection Assembly,,0.3051156018856178,1,0,0.5155355844271119
GO:0006620,Post-Translational Protein Targeting to Endoplasmic Reticulum Membrane,,0.3051759409077027,1,0,0.515449707751514
GO:0016925,Protein Sumoylation,,0.3051759409077027,1,0,0.515449707751514
GO:0046427,Positive Regulation of Receptor Signaling Pathway via JAK-STAT,,0.3051759409077027,1,0,0.515449707751514
GO:0051145,Smooth Muscle Cell Differentiation,,0.3051759409077027,1,0,0.515449707751514
GO:2000786,Positive Regulation of Autophagosome Assembly,,0.3051759409077027,1,0,0.515449707751514
GO:1900180,Regulation of Protein Localization to Nucleus,,0.3054546874057058,1,0,0.5150532059426356
GO:0051100,Negative Regulation of Binding,,0.3061214281798682,1,0,0.5141062691790249
GO:0030323,Respiratory Tube Development,,0.3061797593423405,1,0,0.5140235226399764
GO:0060761,Negative Regulation of Response to Cytokine Stimulus,,0.3061797593423405,1,0,0.5140235226399764
GO:2000765,Regulation of Cytoplasmic Translation,,0.3065034718396865,1,0,0.5135646017580351
GO:0070886,Positive Regulation of calcineurin-NFAT Signaling Cascade,,0.3066869914686958,1,0,0.5133046447973566
GO:0106058,Positive Regulation of Calcineurin-Mediated Signaling,,0.3066869914686958,1,0,0.5133046447973566
GO:0001953,Negative Regulation of Cell-Matrix Adhesion,,0.3080681735569118,1,0,0.5113531662158843
GO:0015711,Organic Anion Transport,,0.3081836930850758,1,0,0.5111903448211363
GO:0032510,Endosome to Lysosome Transport via Multivesicular Body Sorting Pathway,,0.3099086332192765,1,0,0.5087663253184168
GO:0051043,Regulation of Membrane Protein Ectodomain Proteolysis,,0.3099086332192765,1,0,0.5087663253184168
GO:0031175,Neuron Projection Development,,0.3108972868312476,1,0,0.507383067983695
GO:1905564,Positive Regulation of Vascular Endothelial Cell Proliferation,,0.312535823859504,1,0,0.505100195238917
GO:0003281,Ventricular Septum Development,,0.314045807637335,1,0,0.5030069998466757
GO:0015867,ATP Transport,,0.314045807637335,1,0,0.5030069998466757
GO:0016233,Telomere Capping,,0.314045807637335,1,0,0.5030069998466757
GO:0006023,Aminoglycan Biosynthetic Process,,0.3158333461322508,1,0,0.5005420184800831
GO:0031053,Primary miRNA Processing,,0.3158333461322508,1,0,0.5005420184800831
GO:2001212,Regulation of Vasculogenesis,,0.3158333461322508,1,0,0.5005420184800831
GO:0030324,Lung Development,,0.3158756630334077,1,0,0.5004838334726681
GO:0035860,Glial Cell-Derived Neurotrophic Factor Receptor Signaling Pathway,,0.3158756630334077,1,0,0.5004838334726681
GO:0042119,Neutrophil Activation,,0.3158756630334077,1,0,0.5004838334726681
GO:0170033,L-amino Acid Metabolic Process,,0.3161636830655612,1,0,0.5000880178638064
GO:0051348,Negative Regulation of Transferase Activity,,0.3166250559937362,1,0,0.49945472039833677
GO:2000273,Positive Regulation of Signaling Receptor Activity,,0.3166250559937362,1,0,0.49945472039833677
GO:0022900,Electron Transport Chain,,0.3167282095811999,1,0,0.4993132542161755
GO:0015804,Neutral Amino Acid Transport,,0.3222717180088252,1,0,0.4917778057245354
GO:0032781,Positive Regulation of ATP-dependent Activity,,0.3226783057751969,1,0,0.49123023198943905
GO:0051262,Protein Tetramerization,,0.3226783057751969,1,0,0.49123023198943905
GO:0045124,Regulation of Bone Resorption,,0.323903307394103,1,0,0.4895846173628552
GO:0016042,Lipid Catabolic Process,,0.325614060230363,1,0,0.48729685025512626
GO:0031098,Stress-Activated Protein Kinase Signaling Cascade,,0.325614060230363,1,0,0.48729685025512626
GO:2000328,Regulation of T-helper 17 Cell Lineage Commitment,,0.325614060230363,1,0,0.48729685025512626
GO:0042307,Positive Regulation of Protein Import Into Nucleus,,0.3256971684673539,1,0,0.4871860170702173
GO:0045945,Positive Regulation of Transcription by RNA Polymerase III,,0.3256971684673539,1,0,0.4871860170702173
GO:0046903,Secretion,,0.3256971684673539,1,0,0.4871860170702173
GO:0140238,Presynaptic Endocytosis,,0.3256971684673539,1,0,0.4871860170702173
GO:0046464,Acylglycerol Catabolic Process,,0.3260966731048411,1,0,0.48665363191952504
GO:0045071,Negative Regulation of Viral Genome Replication,,0.3269779225359059,1,0,0.4854815698000103
GO:0030497,Fatty Acid Elongation,,0.3270332572650787,1,0,0.48540808002388136
GO:0045947,Negative Regulation of Translational Initiation,,0.3270332572650787,1,0,0.48540808002388136
GO:0006896,Golgi to Vacuole Transport,,0.3270927779334187,1,0,0.48532904480283945
GO:0007193,Adenylate Cyclase-Inhibiting G Protein-Coupled Receptor Signaling Pathway,,0.3286510758457432,1,0,0.4832649417097814
GO:0046328,Regulation of JNK Cascade,,0.3286510758457432,1,0,0.4832649417097814
GO:1903513,Endoplasmic Reticulum to Cytosol Transport,,0.3286510758457432,1,0,0.4832649417097814
GO:1901317,Regulation of Flagellated Sperm Motility,,0.3288452761862156,1,0,0.4830083923359549
GO:0015914,Phospholipid Transport,,0.3293044817395937,1,0,0.4824023586244728
GO:0009312,Oligosaccharide Biosynthetic Process,,0.3293927882110032,1,0,0.48228591358901024
GO:0010952,Positive Regulation of Peptidase Activity,,0.3293927882110032,1,0,0.48228591358901024
GO:0071222,Cellular Response to Lipopolysaccharide,,0.3293927882110032,1,0,0.48228591358901024
GO:1901532,Regulation of Hematopoietic Progenitor Cell Differentiation,,0.3293927882110032,1,0,0.48228591358901024
GO:0005977,Glycogen Metabolic Process,,0.3298246892676788,1,0,0.4817168380444773
GO:0006346,DNA Methylation-Dependent Constitutive Heterochromatin Formation,,0.3319816873049958,1,0,0.47888587208433314
GO:0001508,Action Potential,,0.3325778891292287,1,0,0.47810662748079946
GO:0043408,Regulation of MAPK Cascade,,0.3325778891292287,1,0,0.47810662748079946
GO:0048246,Macrophage Chemotaxis,,0.3325778891292287,1,0,0.47810662748079946
GO:0045191,Regulation of Isotype Switching,,0.3347822481123701,1,0,0.47523757860959437
GO:0060284,Regulation of Cell Development,,0.3359973558331509,1,0,0.47366414032322235
GO:0031293,Membrane Protein Intracellular Domain Proteolysis,,0.3361137408713877,1,0,0.47351373250928985
GO:1903749,Positive Regulation of Establishment of Protein Localization to Mitochondrion,,0.3379607492215937,1,0,0.4711337357765424
GO:2000316,Regulation of T-helper 17 Type Immune Response,,0.3386078321884027,1,0,0.47030300063681424
GO:0043153,Entrainment of Circadian Clock by Photoperiod,,0.3388468668487235,1,0,0.4699965257140878
GO:0034250,Positive Regulation of Amide Metabolic Process,,0.3391765624827102,1,0,0.46957416566091226
GO:1902116,Negative Regulation of Organelle Assembly,,0.3396092200159832,1,0,0.469020527651556
GO:0031571,Mitotic G1 DNA Damage Checkpoint Signaling,,0.3405857457721478,1,0,0.46777353212809064
GO:0045047,Protein Targeting to ER,,0.3409377968119112,1,0,0.46732484964549525
GO:0043030,Regulation of Macrophage Activation,,0.3410038925110253,1,0,0.46724066356934796
GO:0070131,Positive Regulation of Mitochondrial Translation,,0.3412663199916549,1,0,0.46690657068277835
GO:0051125,Regulation of Actin Nucleation,,0.3420254333979705,1,0,0.46594159811432295
GO:0002090,Regulation of Receptor Internalization,,0.3420447430702431,1,0,0.46591707991602677
GO:0007034,Vacuolar Transport,,0.3420447430702431,1,0,0.46591707991602677
GO:0030148,Sphingolipid Biosynthetic Process,,0.3420447430702431,1,0,0.46591707991602677
GO:0048566,Embryonic Digestive Tract Development,,0.3420447430702431,1,0,0.46591707991602677
GO:0050856,Regulation of T Cell Receptor Signaling Pathway,,0.3429777619432295,1,0,0.4647340379118539
GO:0141193,Nuclear Receptor-Mediated Signaling Pathway,,0.3429816590995428,1,0,0.4647291031783111
GO:0045604,Regulation of Epidermal Cell Differentiation,,0.3451033511446065,1,0,0.4620508234481702
GO:1904376,Negative Regulation of Protein Localization to Cell Periphery,,0.3451033511446065,1,0,0.4620508234481702
GO:0030163,Protein Catabolic Process,,0.3451103121765243,1,0,0.46204206344265014
GO:0050953,Sensory Perception of Light Stimulus,,0.3451103121765243,1,0,0.46204206344265014
GO:0060341,Regulation of Cellular Localization,,0.3451103121765243,1,0,0.46204206344265014
GO:0048385,Regulation of Retinoic Acid Receptor Signaling Pathway,,0.345733400289248,1,0,0.46125866251538333
GO:0086001,Cardiac Muscle Cell Action Potential,,0.3458132383071199,1,0,0.4611583852272678
GO:0002385,Mucosal Immune Response,,0.3472115582701625,1,0,0.4594058260951969
GO:0030031,Cell Projection Assembly,,0.347326136261075,1,0,0.4592625348381662
GO:1990090,Cellular Response to Nerve Growth Factor Stimulus,,0.3475722744286993,1,0,0.4589548741763742
GO:0002710,Negative Regulation of T Cell Mediated Immunity,,0.3478008791691198,1,0,0.4586693245247532
GO:0072091,Regulation of Stem Cell Proliferation,,0.349191801242822,1,0,0.45693596174997736
GO:0048666,Neuron Development,,0.3499233517106069,1,0,0.456027074434324
GO:0008654,Phospholipid Biosynthetic Process,,0.3506583830283019,1,0,0.45511577416313254
GO:0045637,Regulation of Myeloid Cell Differentiation,,0.3507845108149781,1,0,0.4549595915206415
GO:0051149,Positive Regulation of Muscle Cell Differentiation,,0.3507845108149781,1,0,0.4549595915206415
GO:0030330,"DNA Damage Response, Signal Transduction by P53 Class Mediator",,0.3508575087788232,1,0,0.4548692246038458
GO:0040014,Regulation of Multicellular Organism Growth,,0.3508575087788232,1,0,0.4548692246038458
GO:0071709,Membrane Assembly,,0.3509928482591025,1,0,0.4547017325177962
GO:0043270,Positive Regulation of Monoatomic Ion Transport,,0.3513566654995699,1,0,0.45425180315643654
GO:0007263,Nitric Oxide Mediated Signal Transduction,,0.3521954160436527,1,0,0.4532163008386519
GO:0046785,Microtubule Polymerization,,0.3523857602138646,1,0,0.4529816495945309
GO:0047496,Vesicle Transport Along Microtubule,,0.3528799441363073,1,0,0.4523730239819031
GO:0035455,Response to Interferon-Alpha,,0.3550552256104652,1,0,0.4497040911349687
GO:0008203,Cholesterol Metabolic Process,,0.3552682061920698,1,0,0.44944365683145554
GO:0006968,Cellular Defense Response,,0.355908893463676,1,0,0.44866115969510767
GO:0044788,Modulation by Host of Viral Process,,0.355908893463676,1,0,0.44866115969510767
GO:0048009,Insulin-Like Growth Factor Receptor Signaling Pathway,,0.355908893463676,1,0,0.44866115969510767
GO:0072344,Rescue of Stalled Ribosome,,0.355908893463676,1,0,0.44866115969510767
GO:0072599,Establishment of Protein Localization to Endoplasmic Reticulum,,0.355908893463676,1,0,0.44866115969510767
GO:0042147,"Retrograde Transport, Endosome to Golgi",,0.3562318336413588,1,0,0.44826727365144187
GO:0051345,Positive Regulation of Hydrolase Activity,,0.3569567508550321,1,0,0.4473844001422426
GO:0006813,Potassium Ion Transport,,0.3573516431144224,1,0,0.4469042166581374
GO:1905562,Regulation of Vascular Endothelial Cell Proliferation,,0.358025845026111,1,0,0.4460856215486245
GO:0097352,Autophagosome Maturation,,0.3586237717312038,1,0,0.44536092618065826
GO:0045722,Positive Regulation of Gluconeogenesis,,0.3590199022426292,1,0,0.4448814756707815
GO:1903214,Regulation of Protein Targeting to Mitochondrion,,0.3590199022426292,1,0,0.4448814756707815
GO:0007601,Visual Perception,,0.3594549856468715,1,0,0.4443554883386918
GO:2000278,Regulation of DNA Biosynthetic Process,,0.3594652502538781,1,0,0.4443430867899259
GO:1904030,Negative Regulation of Cyclin-Dependent Protein Kinase Activity,,0.3624445483197072,1,0,0.44075842826786293
GO:0071312,Cellular Response to Alkaloid,,0.362820966566488,1,0,0.4403076240346884
GO:0045815,Transcription Initiation-Coupled Chromatin Remodeling,,0.3634619053807861,1,0,0.439541101035732
GO:0043087,Regulation of GTPase Activity,,0.3650000175269182,1,0,0.43770711468915907
GO:0051057,Positive Regulation of Small GTPase Mediated Signal Transduction,,0.3650000175269182,1,0,0.43770711468915907
GO:0002685,Regulation of Leukocyte Migration,,0.365037491854993,1,0,0.4376625282296934
GO:0035195,miRNA-mediated Post-Transcriptional Gene Silencing,,0.365037491854993,1,0,0.4376625282296934
GO:0038061,Non-Canonical NF-kappaB Signal Transduction,,0.365037491854993,1,0,0.4376625282296934
GO:0042304,Regulation of Fatty Acid Biosynthetic Process,,0.365037491854993,1,0,0.4376625282296934
GO:1905906,Regulation of Amyloid Fibril Formation,,0.365037491854993,1,0,0.4376625282296934
GO:0006488,Dolichol-Linked Oligosaccharide Biosynthetic Process,,0.3664083839224669,1,0,0.4360345976417222
GO:0030866,Cortical Actin Cytoskeleton Organization,,0.3669167997587259,1,0,0.43543240305604436
GO:0051047,Positive Regulation of Secretion,,0.3669167997587259,1,0,0.43543240305604436
GO:1902004,Positive Regulation of Amyloid-Beta Formation,,0.3669167997587259,1,0,0.43543240305604436
GO:0006801,Superoxide Metabolic Process,,0.3670992125824758,1,0,0.43521654704450813
GO:0032692,Negative Regulation of Interleukin-1 Production,,0.3692190474369519,1,0,0.43271590249069747
GO:0045669,Positive Regulation of Osteoblast Differentiation,,0.3695867807363204,1,0,0.43228357088250924
GO:0032984,Protein-Containing Complex Disassembly,,0.3709565620714018,1,0,0.4306769420215092
GO:0045190,Isotype Switching,,0.3709565620714018,1,0,0.4306769420215092
GO:0050868,Negative Regulation of T Cell Activation,,0.3713526909294303,1,0,0.43021342471305707
GO:0032703,Negative Regulation of Interleukin-2 Production,,0.3721452686726354,1,0,0.4292874981081661
GO:0034121,Regulation of Toll-Like Receptor Signaling Pathway,,0.3721452686726354,1,0,0.4292874981081661
GO:0050671,Positive Regulation of Lymphocyte Proliferation,,0.3721452686726354,1,0,0.4292874981081661
GO:0141198,Protein Branched Polyubiquitination,,0.3721452686726354,1,0,0.4292874981081661
GO:0001837,Epithelial to Mesenchymal Transition,,0.3730580949817258,1,0,0.4282235318230175
GO:0032232,Negative Regulation of Actin Filament Bundle Assembly,,0.3730580949817258,1,0,0.4282235318230175
GO:0035872,"Nucleotide-Binding Domain, Leucine Rich Repeat Containing Receptor Signaling Pathway",,0.3730580949817258,1,0,0.4282235318230175
GO:0042116,Macrophage Activation,,0.3730580949817258,1,0,0.4282235318230175
GO:0046856,Phosphatidylinositol Dephosphorylation,,0.3730580949817258,1,0,0.4282235318230175
GO:0000722,Telomere Maintenance via Recombination,,0.3731372023180664,1,0,0.42813144901331923
GO:0036295,Cellular Response to Increased Oxygen Levels,,0.3744920497695893,1,0,0.4265573976650401
GO:0090330,Regulation of Platelet Aggregation,,0.3748461742186993,1,0,0.42614691732203513
GO:2000353,Positive Regulation of Endothelial Cell Apoptotic Process,,0.3748461742186993,1,0,0.42614691732203513
GO:0006109,Regulation of Carbohydrate Metabolic Process,,0.3755567318764725,1,0,0.42532444885991044
GO:0009247,Glycolipid Biosynthetic Process,,0.3755567318764725,1,0,0.42532444885991044
GO:0050871,Positive Regulation of B Cell Activation,,0.3755567318764725,1,0,0.42532444885991044
GO:0080134,Regulation of Response to Stress,,0.3771902806062773,1,0,0.4234395066384337
GO:0001836,Release of Cytochrome C From Mitochondria,,0.3777808725573821,1,0,0.4227600346436001
GO:0034058,Endosomal Vesicle Fusion,,0.3777808725573821,1,0,0.4227600346436001
GO:0070102,Interleukin-6-Mediated Signaling Pathway,,0.3787356510201684,1,0,0.4216638120891336
GO:0002064,Epithelial Cell Development,,0.3803655299026195,1,0,0.41979884728506556
GO:0033344,Cholesterol Efflux,,0.3809100798357132,1,0,0.41917753466615576
GO:0048662,Negative Regulation of Smooth Muscle Cell Proliferation,,0.3809100798357132,1,0,0.41917753466615576
GO:0051336,Regulation of Hydrolase Activity,,0.3813539884109059,1,0,0.4186717071596514
GO:0043116,Negative Regulation of Vascular Permeability,,0.3819394211321337,1,0,0.4180055144556889
GO:0044794,Positive Regulation by Host of Viral Process,,0.3819394211321337,1,0,0.4180055144556889
GO:0031334,Positive Regulation of Protein-Containing Complex Assembly,,0.3827740007108933,1,0,0.41705756862574994
GO:0042984,Regulation of Amyloid Precursor Protein Biosynthetic Process,,0.3827740007108933,1,0,0.41705756862574994
GO:0046889,Positive Regulation of Lipid Biosynthetic Process,,0.3827740007108933,1,0,0.41705756862574994
GO:1902903,Regulation of Supramolecular Fiber Organization,,0.3837756670151993,1,0,0.41592256481690404
GO:1903715,Regulation of Aerobic Respiration,,0.3837756670151993,1,0,0.41592256481690404
GO:0009953,Dorsal/Ventral Pattern Formation,,0.3838326377576957,1,0,0.41585809944051944
GO:0014003,Oligodendrocyte Development,,0.3838326377576957,1,0,0.41585809944051944
GO:1903140,Regulation of Establishment of Endothelial Barrier,,0.3838326377576957,1,0,0.41585809944051944
GO:0071559,Response to Transforming Growth Factor Beta,,0.384211306117713,1,0,0.41542985937987376
GO:1904646,Cellular Response to Amyloid-Beta,,0.3852332960356032,1,0,0.4142761834903731
GO:0042113,B Cell Activation,,0.3859607035510027,1,0,0.4134569106125054
GO:0000956,Nuclear-Transcribed mRNA Catabolic Process,,0.3865480384197921,1,0,0.41279652626256846
GO:0071425,Hematopoietic Stem Cell Proliferation,,0.3880645620213068,1,0,0.4110960151350287
GO:0000266,Mitochondrial Fission,,0.3884778301333083,1,0,0.41063376071248436
GO:0071357,Cellular Response to Type I Interferon,,0.3884778301333083,1,0,0.41063376071248436
GO:0033173,calcineurin-NFAT Signaling Cascade,,0.3886263811006192,1,0,0.4104677215500716
GO:0006084,acetyl-CoA Metabolic Process,,0.3893530152095195,1,0,0.4096564577116737
GO:0030111,Regulation of Wnt Signaling Pathway,,0.3893530152095195,1,0,0.4096564577116737
GO:0030182,Neuron Differentiation,,0.3897575763617282,1,0,0.4092054339579506
GO:1902003,Regulation of Amyloid-Beta Formation,,0.3897575763617282,1,0,0.4092054339579506
GO:1903829,Positive Regulation of Protein Localization,,0.3904506108908517,1,0,0.40843389334649705
GO:0031126,sno(s)RNA 3'-End Processing,,0.3920283303007355,1,0,0.40668254714102153
GO:0047497,Mitochondrion Transport Along Microtubule,,0.3933591092566677,1,0,0.4052107881563533
GO:0002694,Regulation of Leukocyte Activation,,0.3935106410368245,1,0,0.40504351926148463
GO:1900015,Regulation of Cytokine Production Involved in Inflammatory Response,,0.3937337647359763,1,0,0.4047973405825189
GO:0002098,tRNA Wobble Uridine Modification,,0.3946133274253013,1,0,0.40382825124418087
GO:0055023,Positive Regulation of Cardiac Muscle Tissue Growth,,0.3946133274253013,1,0,0.40382825124418087
GO:0042398,Modified Amino Acid Biosynthetic Process,,0.3946142453018963,1,0,0.40382724106979245
GO:0055089,Fatty Acid Homeostasis,,0.3948990459844562,1,0,0.4035139154510648
GO:0097746,Blood Vessel Diameter Maintenance,,0.3948990459844562,1,0,0.4035139154510648
GO:0032642,Regulation of Chemokine Production,,0.3952287187645624,1,0,0.4031515055119894
GO:0060828,Regulation of Canonical Wnt Signaling Pathway,,0.395664146152523,1,0,0.40267330235867893
GO:0048015,Phosphatidylinositol-Mediated Signaling,,0.3958834128779299,1,0,0.40243269437433604
GO:0010638,Positive Regulation of Organelle Organization,,0.39602839688404,1,0,0.40227367223640303
GO:0034063,Stress Granule Assembly,,0.39602839688404,1,0,0.40227367223640303
GO:0045333,Cellular Respiration,,0.39602839688404,1,0,0.40227367223640303
GO:0010959,Regulation of Metal Ion Transport,,0.3977308454329118,1,0,0.40041072663574845
GO:0043525,Positive Regulation of Neuron Apoptotic Process,,0.3977308454329118,1,0,0.40041072663574845
GO:0048207,"Vesicle Targeting, Rough ER to cis-Golgi",,0.3977308454329118,1,0,0.40041072663574845
GO:0048208,COPII Vesicle Coating,,0.3977308454329118,1,0,0.40041072663574845
GO:1900225,Regulation of NLRP3 Inflammasome Complex Assembly,,0.3977308454329118,1,0,0.40041072663574845
GO:0035331,Negative Regulation of Hippo Signaling,,0.3979909010192261,1,0,0.4001268567763434
GO:0035268,Protein Mannosylation,,0.3993549106678593,1,0,0.39864097089636147
GO:0050819,Negative Regulation of Coagulation,,0.3993549106678593,1,0,0.39864097089636147
GO:0060541,Respiratory System Development,,0.3993549106678593,1,0,0.39864097089636147
GO:0071526,Semaphorin-Plexin Signaling Pathway,,0.3993549106678593,1,0,0.39864097089636147
GO:0000712,Resolution of Meiotic Recombination Intermediates,,0.3994250218543765,1,0,0.3985647323724262
GO:0007249,Canonical NF-kappaB Signal Transduction,,0.3994250218543765,1,0,0.3985647323724262
GO:0048812,Neuron Projection Morphogenesis,,0.3994250218543765,1,0,0.3985647323724262
GO:0055091,Phospholipid Homeostasis,,0.3994250218543765,1,0,0.3985647323724262
GO:0007224,Smoothened Signaling Pathway,,0.400074763057419,1,0,0.39785884329879745
GO:0021762,Substantia Nigra Development,,0.400074763057419,1,0,0.39785884329879745
GO:0030178,Negative Regulation of Wnt Signaling Pathway,,0.400074763057419,1,0,0.39785884329879745
GO:0032717,Negative Regulation of Interleukin-8 Production,,0.400074763057419,1,0,0.39785884329879745
GO:0032725,Positive Regulation of Granulocyte Macrophage Colony-Stimulating Factor Production,,0.400074763057419,1,0,0.39785884329879745
GO:0050768,Negative Regulation of Neurogenesis,,0.400074763057419,1,0,0.39785884329879745
GO:1900047,Negative Regulation of Hemostasis,,0.400074763057419,1,0,0.39785884329879745
GO:0048639,Positive Regulation of Developmental Growth,,0.4011364391935521,1,0,0.396707884959573
GO:1902931,Negative Regulation of Alcohol Biosynthetic Process,,0.4015281964177126,1,0,0.3962839519577689
GO:1905477,Positive Regulation of Protein Localization to Membrane,,0.4015281964177126,1,0,0.3962839519577689
GO:0000041,Transition Metal Ion Transport,,0.4019222898158427,1,0,0.3958579080264479
GO:0048010,Vascular Endothelial Growth Factor Receptor Signaling Pathway,,0.4019222898158427,1,0,0.3958579080264479
GO:1900027,Regulation of Ruffle Assembly,,0.4031512950261184,1,0,0.3945319407963067
GO:1902275,Regulation of Chromatin Organization,,0.4041797070347243,1,0,0.393425495234571
GO:0032387,Negative Regulation of Intracellular Transport,,0.4043073075341111,1,0,0.3932884090668693
GO:0042098,T Cell Proliferation,,0.4043073075341111,1,0,0.3932884090668693
GO:0048525,Negative Regulation of Viral Process,,0.4043073075341111,1,0,0.3932884090668693
GO:0034143,Regulation of Toll-Like Receptor 4 Signaling Pathway,,0.4050628440365874,1,0,0.3924775923383935
GO:0042476,Odontogenesis,,0.4050628440365874,1,0,0.3924775923383935
GO:0010665,Regulation of Cardiac Muscle Cell Apoptotic Process,,0.4068542110625288,1,0,0.39056118456758193
GO:0006469,Negative Regulation of Protein Kinase Activity,,0.4074060066622642,1,0,0.3899725721914137
GO:0006541,Glutamine Metabolic Process,,0.4091867410023969,1,0,0.3880784473029559
GO:0014902,Myotube Differentiation,,0.4096964697234996,1,0,0.38753777826362423
GO:0045927,Positive Regulation of Growth,,0.4096964697234996,1,0,0.38753777826362423
GO:0046470,Phosphatidylcholine Metabolic Process,,0.4096964697234996,1,0,0.38753777826362423
GO:0070141,Response to UV-A,,0.4096964697234996,1,0,0.38753777826362423
GO:0071219,Cellular Response to Molecule of Bacterial Origin,,0.4096964697234996,1,0,0.38753777826362423
GO:0015749,Monosaccharide Transmembrane Transport,,0.4119735443048273,1,0,0.38513067214971247
GO:0032733,Positive Regulation of Interleukin-10 Production,,0.4119735443048273,1,0,0.38513067214971247
GO:0050852,T Cell Receptor Signaling Pathway,,0.4119735443048273,1,0,0.38513067214971247
GO:0051591,Response to cAMP,,0.4119735443048273,1,0,0.38513067214971247
GO:0070527,Platelet Aggregation,,0.4119735443048273,1,0,0.38513067214971247
GO:0071277,Cellular Response to Calcium Ion,,0.4119735443048273,1,0,0.38513067214971247
GO:0002683,Negative Regulation of Immune System Process,,0.4127604201559464,1,0,0.38430195414244206
GO:0016079,Synaptic Vesicle Exocytosis,,0.4132163802426634,1,0,0.38382247101495426
GO:0032233,Positive Regulation of Actin Filament Bundle Assembly,,0.4132163802426634,1,0,0.38382247101495426
GO:0035270,Endocrine System Development,,0.4132163802426634,1,0,0.38382247101495426
GO:0051497,Negative Regulation of Stress Fiber Assembly,,0.4132163802426634,1,0,0.38382247101495426
GO:0015980,Energy Derivation by Oxidation of Organic Compounds,,0.4137702437217667,1,0,0.3832407448256872
GO:2000434,Regulation of Protein Neddylation,,0.4138360900930475,1,0,0.3831716377766168
GO:0016266,O-glycan Processing,,0.4147779248541771,1,0,0.3821843655162039
GO:0006312,Mitotic Recombination,,0.4150317865929944,1,0,0.38191864012337384
GO:0046827,Positive Regulation of Protein Export From Nucleus,,0.4150317865929944,1,0,0.38191864012337384
GO:0061952,Midbody Abscission,,0.4179967743969163,1,0,0.37882706958148427
GO:0032645,Regulation of Granulocyte Macrophage Colony-Stimulating Factor Production,,0.4179999908940947,1,0,0.3788237276858368
GO:1901096,Regulation of Autophagosome Maturation,,0.418604218435041,1,0,0.3781963994234445
GO:0044819,Mitotic G1/S Transition Checkpoint Signaling,,0.4192949348512405,1,0,0.37748038391039074
GO:0042472,Inner Ear Morphogenesis,,0.4194619771895906,1,0,0.3773074003779575
GO:0045621,Positive Regulation of Lymphocyte Differentiation,,0.4194619771895906,1,0,0.3773074003779575
GO:1902414,Protein Localization to Cell Junction,,0.4194619771895906,1,0,0.3773074003779575
GO:0006941,Striated Muscle Contraction,,0.4212886400951331,1,0,0.37542025131823575
GO:0044272,Sulfur Compound Biosynthetic Process,,0.4216478804540954,1,0,0.3750500784494219
GO:0042326,Negative Regulation of Phosphorylation,,0.422709618005051,1,0,0.3739578704605492
GO:0032331,Negative Regulation of Chondrocyte Differentiation,,0.4237847576689698,1,0,0.37285466768020653
GO:0045217,Cell-Cell Junction Maintenance,,0.4237847576689698,1,0,0.37285466768020653
GO:1903541,Regulation of Exosomal Secretion,,0.4237847576689698,1,0,0.37285466768020653
GO:0016601,Rac Protein Signal Transduction,,0.4238411250964229,1,0,0.372796906200205
GO:0045913,Positive Regulation of Carbohydrate Metabolic Process,,0.4239632216245697,1,0,0.37267181637492786
GO:0030166,Proteoglycan Biosynthetic Process,,0.4249737357149773,1,0,0.3716379094473831
GO:0032414,Positive Regulation of Ion Transmembrane Transporter Activity,,0.4249737357149773,1,0,0.3716379094473831
GO:0042401,Biogenic Amine Biosynthetic Process,,0.4269154178332339,1,0,0.3696581605884501
GO:1903038,Negative Regulation of Leukocyte Cell-Cell Adhesion,,0.4280196759441076,1,0,0.3685362661327625
GO:0048024,"Regulation of mRNA Splicing, via Spliceosome",,0.4288877958694952,1,0,0.3676563115644781
GO:0048483,Autonomic Nervous System Development,,0.4288877958694952,1,0,0.3676563115644781
GO:0051224,Negative Regulation of Protein Transport,,0.4288877958694952,1,0,0.3676563115644781
GO:0046349,Amino Sugar Biosynthetic Process,,0.4295718036260429,1,0,0.3669642327356388
GO:0002832,Negative Regulation of Response to Biotic Stimulus,,0.4308694635080431,1,0,0.36565428405015
GO:0001522,Pseudouridine Synthesis,,0.4318558892586925,1,0,0.3646611535118476
GO:0001911,Negative Regulation of Leukocyte Mediated Cytotoxicity,,0.4319538081034253,1,0,0.3645626929035589
GO:0009060,Aerobic Respiration,,0.4319538081034253,1,0,0.3645626929035589
GO:0030500,Regulation of Bone Mineralization,,0.4319538081034253,1,0,0.3645626929035589
GO:0001778,Plasma Membrane Repair,,0.4319812939445013,1,0,0.36453505900123107
GO:2000679,Positive Regulation of Transcription Regulatory Region DNA Binding,,0.4341477114582112,1,0,0.36236248395073445
GO:0046467,Membrane Lipid Biosynthetic Process,,0.4344711985457644,1,0,0.3620390080006527
GO:0035358,Regulation of Peroxisome Proliferator Activated Receptor Signaling Pathway,,0.4344750522065208,1,0,0.3620351559244162
GO:0070207,Protein Homotrimerization,,0.4344750522065208,1,0,0.3620351559244162
GO:0050857,Positive Regulation of Antigen Receptor-Mediated Signaling Pathway,,0.4347456416157445,1,0,0.361764763164744
GO:1903556,Negative Regulation of Tumor Necrosis Factor Superfamily Cytokine Production,,0.4359423680229586,1,0,0.3605709210616482
GO:0015909,Long-Chain Fatty Acid Transport,,0.435996373196019,1,0,0.3605171233633109
GO:1902001,Fatty Acid Transmembrane Transport,,0.4392057476789037,1,0,0.3573319851132961
GO:0006353,DNA-templated Transcription Termination,,0.4394498242670087,1,0,0.35709070486313504
GO:0062207,Regulation of Pattern Recognition Receptor Signaling Pathway,,0.4395493961341083,1,0,0.35699231225568906
GO:1903035,Negative Regulation of Response to Wounding,,0.4395493961341083,1,0,0.35699231225568906
GO:0051764,Actin Crosslink Formation,,0.4403558364088342,1,0,0.35619624321004995
GO:1900078,Positive Regulation of Cellular Response to Insulin Stimulus,,0.4429571936273865,1,0,0.35363824097707175
GO:0043392,Negative Regulation of DNA Binding,,0.4436414364707201,1,0,0.3529678971708626
GO:0090110,COPII-coated Vesicle Cargo Loading,,0.4466743111833453,1,0,0.3500090236466443
GO:0036230,Granulocyte Activation,,0.4466978667015172,1,0,0.34998612158675024
GO:0007517,Muscle Organ Development,,0.4473847028277316,1,0,0.3493188695712665
GO:0018200,Peptidyl-Glutamic Acid Modification,,0.4473847028277316,1,0,0.3493188695712665
GO:0031399,Regulation of Protein Modification Process,,0.4473847028277316,1,0,0.3493188695712665
GO:0046425,Regulation of Receptor Signaling Pathway via JAK-STAT,,0.4473847028277316,1,0,0.3493188695712665
GO:0050678,Regulation of Epithelial Cell Proliferation,,0.4473847028277316,1,0,0.3493188695712665
GO:0070206,Protein Trimerization,,0.4479582606811193,1,0,0.3487624502883678
GO:0048754,Branching Morphogenesis of an Epithelial Tube,,0.448185016096957,1,0,0.34854266706732795
GO:0061564,Axon Development,,0.448185016096957,1,0,0.34854266706732795
GO:0006879,Intracellular Iron Ion Homeostasis,,0.4485591701777924,1,0,0.3481802603417428
GO:0031047,Regulatory ncRNA-mediated Gene Silencing,,0.4497381350328571,1,0,0.34704028536479936
GO:0070201,Regulation of Establishment of Protein Localization,,0.4514764019589626,1,0,0.3453649447233192
GO:0006289,Nucleotide-Excision Repair,,0.4520463333887926,1,0,0.34481704902975535
GO:0035313,"Wound Healing, Spreading of Epidermal Cells",,0.4520463333887926,1,0,0.34481704902975535
GO:0071480,Cellular Response to Gamma Radiation,,0.4520463333887926,1,0,0.34481704902975535
GO:0098742,Cell-Cell Adhesion via Plasma-Membrane Adhesion Molecules,,0.4520463333887926,1,0,0.34481704902975535
GO:0006012,Galactose Metabolic Process,,0.4522292470447149,1,0,0.3446413539336273
GO:0045747,Positive Regulation of Notch Signaling Pathway,,0.4522292470447149,1,0,0.3446413539336273
GO:0016064,Immunoglobulin Mediated Immune Response,,0.4522481180334174,1,0,0.3446232317194533
GO:0008630,Intrinsic Apoptotic Signaling Pathway in Response to DNA Damage,,0.4524823217863719,1,0,0.34439838375293325
GO:0018107,Peptidyl-Threonine Phosphorylation,,0.4530409972120187,1,0,0.3438624954323829
GO:0042130,Negative Regulation of T Cell Proliferation,,0.458361097781782,1,0,0.3387922491027218
GO:0030705,Cytoskeleton-Dependent Intracellular Transport,,0.4591795191721434,1,0,0.3380174910562628
GO:0098815,Modulation of Excitatory Postsynaptic Potential,,0.459367318276564,1,0,0.33783990595647795
GO:1902036,Regulation of Hematopoietic Stem Cell Differentiation,,0.4597311922219212,1,0,0.33749602887904107
GO:0010867,Positive Regulation of Triglyceride Biosynthetic Process,,0.4598727296822292,1,0,0.33736234319759584
GO:1905037,Autophagosome Organization,,0.4598727296822292,1,0,0.33736234319759584
GO:0008361,Regulation of Cell Size,,0.460527349924243,1,0,0.3367445727017303
GO:0035725,Sodium Ion Transmembrane Transport,,0.460527349924243,1,0,0.3367445727017303
GO:2001044,Regulation of Integrin-Mediated Signaling Pathway,,0.460527349924243,1,0,0.3367445727017303
GO:0060337,Type I Interferon-Mediated Signaling Pathway,,0.4612884147376563,1,0,0.33602745256426475
GO:1904894,Positive Regulation of Receptor Signaling Pathway via STAT,,0.4621371632491873,1,0,0.335229105826491
GO:0006304,DNA Modification,,0.4622259786055874,1,0,0.33514564940646513
GO:0010719,Negative Regulation of Epithelial to Mesenchymal Transition,,0.4644492316687726,1,0,0.3330617512313828
GO:0019216,Regulation of Lipid Metabolic Process,,0.4658919969574464,1,0,0.33171474975154663
GO:0042475,Odontogenesis of Dentin-Containing Tooth,,0.4658919969574464,1,0,0.33171474975154663
GO:0071385,Cellular Response to Glucocorticoid Stimulus,,0.4658919969574464,1,0,0.33171474975154663
GO:0009206,Purine Ribonucleoside Triphosphate Biosynthetic Process,,0.466162272606426,1,0,0.3314628776662663
GO:1900103,Positive Regulation of Endoplasmic Reticulum Unfolded Protein Response,,0.467253046427441,1,0,0.33044785839789637
GO:0002428,Antigen Processing and Presentation of Peptide Antigen via MHC Class Ib,,0.4674013615135763,1,0,0.33031002686683
GO:0002476,Antigen Processing and Presentation of Endogenous Peptide Antigen via MHC Class Ib,,0.4674013615135763,1,0,0.33031002686683
GO:0002484,Ag Processing and Presentation of Endogenous Pep Ag via MHC Cls I via ER Pway,,0.4674013615135763,1,0,0.33031002686683
GO:0002486,"Ag Processing and Presentation of Endogenous Pep Ag via MHC Cls I via ER Pway, TAP-ind",,0.4674013615135763,1,0,0.33031002686683
GO:0036503,ERAD Pathway,,0.4674013615135763,1,0,0.33031002686683
GO:0046854,Phosphatidylinositol Phosphate Biosynthetic Process,,0.4674013615135763,1,0,0.33031002686683
GO:0071711,Basement Membrane Organization,,0.4674013615135763,1,0,0.33031002686683
GO:0006891,intra-Golgi Vesicle-Mediated Transport,,0.4676089735009593,1,0,0.33011716324040213
GO:0010224,Response to UV-B,,0.4676089735009593,1,0,0.33011716324040213
GO:0030837,Negative Regulation of Actin Filament Polymerization,,0.468631898474505,1,0,0.32916815351120926
GO:0043266,Regulation of Potassium Ion Transport,,0.468631898474505,1,0,0.32916815351120926
GO:0001707,Mesoderm Formation,,0.468861217319762,1,0,0.32895568920741863
GO:1900181,Negative Regulation of Protein Localization to Nucleus,,0.468897579293745,1,0,0.3289220093214675
GO:0009416,Response to Light Stimulus,,0.4689159510316291,1,0,0.3289049936906857
GO:0010611,Regulation of Cardiac Muscle Hypertrophy,,0.4691687811184554,1,0,0.32867089391171417
GO:0034311,Diol Metabolic Process,,0.4691687811184554,1,0,0.32867089391171417
GO:0009913,Epidermal Cell Differentiation,,0.4699281645602546,1,0,0.32796852529722215
GO:0016180,snRNA Processing,,0.4699281645602546,1,0,0.32796852529722215
GO:0160049,Negative Regulation of cGAS/STING Signaling Pathway,,0.4702316958764285,1,0,0.3276881006889689
GO:0035592,Establishment of Protein Localization to Extracellular Region,,0.4703340681853621,1,0,0.3275935624211648
GO:0002446,Neutrophil Mediated Immunity,,0.4712744169011373,1,0,0.32672613524615596
GO:1901264,Carbohydrate Derivative Transport,,0.4714177709856168,1,0,0.32659404995017566
GO:0044042,Glucan Metabolic Process,,0.4717009451492607,1,0,0.3263332535556608
GO:0055008,Cardiac Muscle Tissue Morphogenesis,,0.4717009451492607,1,0,0.3263332535556608
GO:0070371,ERK1 and ERK2 Cascade,,0.4717009451492607,1,0,0.3263332535556608
GO:0071774,Response to Fibroblast Growth Factor,,0.4717009451492607,1,0,0.3263332535556608
GO:0010977,Negative Regulation of Neuron Projection Development,,0.4724410758231834,1,0,0.32565235020367456
GO:0016051,Carbohydrate Biosynthetic Process,,0.4724410758231834,1,0,0.32565235020367456
GO:0010649,Regulation of Cell Communication by Electrical Coupling,,0.4727391100161684,1,0,0.3253784667438627
GO:0035338,Long-Chain fatty-acyl-CoA Biosynthetic Process,,0.4727561005772739,1,0,0.3253628581890003
GO:0001580,Detection of Chemical Stimulus Involved in Sensory Perception of Bitter Taste,,0.4739470913179447,1,0,0.3242701377165807
GO:0002768,Immune Response-Regulating Cell Surface Receptor Signaling Pathway,,0.4739470913179447,1,0,0.3242701377165807
GO:0010824,Regulation of Centrosome Duplication,,0.4739470913179447,1,0,0.3242701377165807
GO:0042761,Very Long-Chain Fatty Acid Biosynthetic Process,,0.4739470913179447,1,0,0.3242701377165807
GO:0043277,Apoptotic Cell Clearance,,0.4739470913179447,1,0,0.3242701377165807
GO:0045577,Regulation of B Cell Differentiation,,0.4739470913179447,1,0,0.3242701377165807
GO:0050913,Sensory Perception of Bitter Taste,,0.4739470913179447,1,0,0.3242701377165807
GO:1903311,Regulation of mRNA Metabolic Process,,0.4739470913179447,1,0,0.3242701377165807
GO:1902774,Late Endosome to Lysosome Transport,,0.4743281580149219,1,0,0.32392109312692374
GO:1904063,Negative Regulation of Cation Transmembrane Transport,,0.4743281580149219,1,0,0.32392109312692374
GO:0006120,"Mitochondrial Electron Transport, NADH to Ubiquinone",,0.4743433019236088,1,0,0.3239072275975904
GO:0050912,Detection of Chemical Stimulus Involved in Sensory Perception of Taste,,0.4743433019236088,1,0,0.3239072275975904
GO:0071577,Zinc Ion Transmembrane Transport,,0.4748651002315692,1,0,0.32342974731375373
GO:0072393,Microtubule Anchoring at Microtubule Organizing Center,,0.4748651002315692,1,0,0.32342974731375373
GO:0007044,Cell-Substrate Junction Assembly,,0.47503942588715,1,0,0.3232703446179224
GO:0002819,Regulation of Adaptive Immune Response,,0.476646490788755,1,0,0.32180360003339137
GO:0060285,Cilium-Dependent Cell Motility,,0.476646490788755,1,0,0.32180360003339137
GO:0009048,Dosage Compensation by Inactivation of X Chromosome,,0.4767225914041348,1,0,0.32173426680659306
GO:0022603,Regulation of Anatomical Structure Morphogenesis,,0.4800709517939295,1,0,0.3186945715923162
GO:0006820,Monoatomic Anion Transport,,0.4801624235924084,1,0,0.3186118298370979
GO:0032688,Negative Regulation of Interferon-Beta Production,,0.4801624235924084,1,0,0.3186118298370979
GO:1902115,Regulation of Organelle Assembly,,0.4801624235924084,1,0,0.3186118298370979
GO:0002313,Mature B Cell Differentiation Involved in Immune Response,,0.4806777898602036,1,0,0.318145944366043
GO:0006493,Protein O-linked Glycosylation,,0.4806777898602036,1,0,0.318145944366043
GO:0006576,Biogenic Amine Metabolic Process,,0.4806777898602036,1,0,0.318145944366043
GO:0008344,Adult Locomotory Behavior,,0.4806777898602036,1,0,0.318145944366043
GO:0009966,Regulation of Signal Transduction,,0.4806777898602036,1,0,0.318145944366043
GO:0018205,Peptidyl-Lysine Modification,,0.4806777898602036,1,0,0.318145944366043
GO:0030099,Myeloid Cell Differentiation,,0.4806777898602036,1,0,0.318145944366043
GO:0051156,Glucose 6-Phosphate Metabolic Process,,0.4806777898602036,1,0,0.318145944366043
GO:0071392,Cellular Response to Estradiol Stimulus,,0.4806777898602036,1,0,0.318145944366043
GO:1903037,Regulation of Leukocyte Cell-Cell Adhesion,,0.4806777898602036,1,0,0.318145944366043
GO:2000134,Negative Regulation of G1/S Transition of Mitotic Cell Cycle,,0.4806777898602036,1,0,0.318145944366043
GO:2001258,Negative Regulation of Cation Channel Activity,,0.4806777898602036,1,0,0.318145944366043
GO:0099518,Vesicle Cytoskeletal Trafficking,,0.481102307803791,1,0,0.31776255982151014
GO:0006497,Protein Lipidation,,0.4813753048566014,1,0,0.3175161933289677
GO:0010827,Regulation of D-glucose Transmembrane Transport,,0.4816219058740915,1,0,0.3172937680461626
GO:0017062,Respiratory Chain Complex III Assembly,,0.4816219058740915,1,0,0.3172937680461626
GO:0031664,Regulation of Lipopolysaccharide-Mediated Signaling Pathway,,0.4816219058740915,1,0,0.3172937680461626
GO:0034551,Mitochondrial Respiratory Chain Complex III Assembly,,0.4816219058740915,1,0,0.3172937680461626
GO:0043029,T Cell Homeostasis,,0.4816219058740915,1,0,0.3172937680461626
GO:0044458,Motile Cilium Assembly,,0.4816219058740915,1,0,0.3172937680461626
GO:0045664,Regulation of Neuron Differentiation,,0.4816219058740915,1,0,0.3172937680461626
GO:0060071,"Wnt Signaling Pathway, Planar Cell Polarity Pathway",,0.4816219058740915,1,0,0.3172937680461626
GO:2000341,Regulation of Chemokine (C-X-C Motif) Ligand 2 Production,,0.4816219058740915,1,0,0.3172937680461626
GO:0007030,Golgi Organization,,0.4818676953820358,1,0,0.31707218801211484
GO:0009168,Purine Ribonucleoside Monophosphate Biosynthetic Process,,0.4821082015024232,1,0,0.31685548034659533
GO:0010837,Regulation of Keratinocyte Proliferation,,0.4821082015024232,1,0,0.31685548034659533
GO:0046839,Phospholipid Dephosphorylation,,0.4821082015024232,1,0,0.31685548034659533
GO:2000648,Positive Regulation of Stem Cell Proliferation,,0.4821082015024232,1,0,0.31685548034659533
GO:0007339,Binding of Sperm to Zona Pellucida,,0.4827555375019174,1,0,0.31627273589609056
GO:0043252,Sodium-Independent Organic Anion Transport,,0.4832831803718466,1,0,0.315798319280331
GO:0090336,Positive Regulation of Brown Fat Cell Differentiation,,0.4832831803718466,1,0,0.315798319280331
GO:0015740,C4-dicarboxylate Transport,,0.4842817264529714,1,0,0.3149019180076937
GO:0042554,Superoxide Anion Generation,,0.4847615126025349,1,0,0.3144718680659007
GO:0050806,Positive Regulation of Synaptic Transmission,,0.4869759772741894,1,0,0.31249246218287313
GO:0001895,Retina Homeostasis,,0.4880439788441064,1,0,0.31154104088924345
GO:0002695,Negative Regulation of Leukocyte Activation,,0.4880439788441064,1,0,0.31154104088924345
GO:0007271,"Synaptic Transmission, Cholinergic",,0.4880439788441064,1,0,0.31154104088924345
GO:0071346,Cellular Response to Type II Interferon,,0.4880439788441064,1,0,0.31154104088924345
GO:0000045,Autophagosome Assembly,,0.4881657336889202,1,0,0.3114327087207699
GO:0030856,Regulation of Epithelial Cell Differentiation,,0.4881657336889202,1,0,0.3114327087207699
GO:0006473,Protein Acetylation,,0.4889946698175983,1,0,0.310695874785216
GO:0071353,Cellular Response to Interleukin-4,,0.4889946698175983,1,0,0.310695874785216
GO:0032720,Negative Regulation of Tumor Necrosis Factor Production,,0.4902024610973511,1,0,0.3096245126712197
GO:0001933,Negative Regulation of Protein Phosphorylation,,0.4912777847455394,1,0,0.30867287392860226
GO:0030449,Regulation of Complement Activation,,0.4912777847455394,1,0,0.30867287392860226
GO:0045721,Negative Regulation of Gluconeogenesis,,0.492574586962939,1,0,0.30752799815356263
GO:0071260,Cellular Response to Mechanical Stimulus,,0.492574586962939,1,0,0.30752799815356263
GO:1900271,Regulation of Long-Term Synaptic Potentiation,,0.492574586962939,1,0,0.30752799815356263
GO:0046462,Monoacylglycerol Metabolic Process,,0.493002710967167,1,0,0.30715069257906985
GO:0045671,Negative Regulation of Osteoclast Differentiation,,0.4933584299868488,1,0,0.3068374466336671
GO:0019318,Hexose Metabolic Process,,0.4934533078307418,1,0,0.30675393541748375
GO:0031952,Regulation of Protein Autophosphorylation,,0.4934894183529655,1,0,0.3067221552540937
GO:0070646,Protein Modification by Small Protein Removal,,0.4934894183529655,1,0,0.3067221552540937
GO:0060338,Regulation of Type I Interferon-Mediated Signaling Pathway,,0.4940671487895973,1,0,0.3062140219934224
GO:0034110,Regulation of Homotypic Cell-Cell Adhesion,,0.4942063666455076,1,0,0.30609166407112687
GO:0071453,Cellular Response to Oxygen Levels,,0.4953673742432639,1,0,0.3050726001981265
GO:0042339,Keratan Sulfate Proteoglycan Metabolic Process,,0.4955284350789141,1,0,0.3049314191937635
GO:0051353,Positive Regulation of Oxidoreductase Activity,,0.4955284350789141,1,0,0.3049314191937635
GO:0045746,Negative Regulation of Notch Signaling Pathway,,0.4956424439077404,1,0,0.3048315102748967
GO:1902165,Reg of Intrinsic Apoptotic Sgnlng Pway in Resp to DNA Damage by P53 Cls Mediator,,0.4963883190081845,1,0,0.30417844685496953
GO:0048261,Negative Regulation of Receptor-Mediated Endocytosis,,0.497108735677561,1,0,0.3035486049494628
GO:0048738,Cardiac Muscle Tissue Development,,0.497108735677561,1,0,0.3035486049494628
GO:0060314,Regulation of Ryanodine-Sensitive Calcium-Release Channel Activity,,0.4973449574010152,1,0,0.30334228102780525
GO:0003015,Heart Process,,0.4977919933634172,1,0,0.3029520929947033
GO:0006516,Glycoprotein Catabolic Process,,0.4985988325914572,1,0,0.30224874267877927
GO:0032925,Regulation of Activin Receptor Signaling Pathway,,0.4985988325914572,1,0,0.30224874267877927
GO:0071560,Cellular Response to Transforming Growth Factor Beta Stimulus,,0.4985988325914572,1,0,0.30224874267877927
GO:0003283,Atrial Septum Development,,0.4986460291222465,1,0,0.30220763503573395
GO:0051260,Protein Homooligomerization,,0.4986460291222465,1,0,0.30220763503573395
GO:1902166,- Reg of Intrinsic Apoptotic Sgnlng Pway in Resp to DNA Damage by P53 Cls Mediator,,0.4986460291222465,1,0,0.30220763503573395
GO:0030574,Collagen Catabolic Process,,0.5000932755900572,1,0,0.3009489850719408
GO:1901800,Positive Regulation of Proteasomal Protein Catabolic Process,,0.5000932755900572,1,0,0.3009489850719408
GO:1904356,Regulation of Telomere Maintenance via Telomere Lengthening,,0.5010183818770352,1,0,0.3001463399983937
GO:0051222,Positive Regulation of Protein Transport,,0.5011401418520581,1,0,0.30004080841975167
GO:1901731,Positive Regulation of Platelet Aggregation,,0.5053208271282947,1,0,0.2964328016618492
GO:0001938,Positive Regulation of Endothelial Cell Proliferation,,0.5076258216867299,1,0,0.2944562945150092
GO:0010543,Regulation of Platelet Activation,,0.5077375408177169,1,0,0.29436072478283604
GO:0005975,Carbohydrate Metabolic Process,,0.5077480249730918,1,0,0.2943517572288298
GO:0038179,Neurotrophin Signaling Pathway,,0.5081521670432849,1,0,0.29400621800828797
GO:0046578,Regulation of Ras Protein Signal Transduction,,0.5083939802233383,1,0,0.29379960046906095
GO:0072331,Signal Transduction by P53 Class Mediator,,0.5083939802233383,1,0,0.29379960046906095
GO:0090199,Regulation of Release of Cytochrome C From Mitochondria,,0.5083939802233383,1,0,0.29379960046906095
GO:0071364,Cellular Response to Epidermal Growth Factor Stimulus,,0.5090253730647112,1,0,0.29326056912227777
GO:0051489,Regulation of Filopodium Assembly,,0.5111004198609241,1,0,0.29149376227855756
GO:0002399,MHC Class II Protein Complex Assembly,,0.511236886710499,1,0,0.29137781854901906
GO:0002503,Peptide Antigen Assembly With MHC Class II Protein Complex,,0.511236886710499,1,0,0.29137781854901906
GO:0002684,Positive Regulation of Immune System Process,,0.511236886710499,1,0,0.29137781854901906
GO:0030879,Mammary Gland Development,,0.511236886710499,1,0,0.29137781854901906
GO:0045776,Negative Regulation of Blood Pressure,,0.511236886710499,1,0,0.29137781854901906
GO:0060070,Canonical Wnt Signaling Pathway,,0.511236886710499,1,0,0.29137781854901906
GO:1904752,Regulation of Vascular Associated Smooth Muscle Cell Migration,,0.511236886710499,1,0,0.29137781854901906
GO:0007010,Cytoskeleton Organization,,0.5116147060805554,1,0,0.29105698046030576
GO:0007031,Peroxisome Organization,,0.5117823979139876,1,0,0.2909146551824886
GO:0002097,tRNA Wobble Base Modification,,0.5123849621573344,1,0,0.29040362472736014
GO:0050686,Negative Regulation of mRNA Processing,,0.5123849621573344,1,0,0.29040362472736014
GO:0006661,Phosphatidylinositol Biosynthetic Process,,0.5129270352010877,1,0,0.28994440967041857
GO:0010976,Positive Regulation of Neuron Projection Development,,0.5129270352010877,1,0,0.28994440967041857
GO:0071230,Cellular Response to Amino Acid Stimulus,,0.5129270352010877,1,0,0.28994440967041857
GO:0097300,Programmed Necrotic Cell Death,,0.5129270352010877,1,0,0.28994440967041857
GO:0018149,Peptide Cross-Linking,,0.5132430666987982,1,0,0.2896769087178019
GO:0030212,Hyaluronan Metabolic Process,,0.5132430666987982,1,0,0.2896769087178019
GO:0002204,Somatic Recombination of Immunoglobulin Genes Involved in Immune Response,,0.5143460891565785,1,0,0.2887445579858335
GO:0097306,Cellular Response to Alcohol,,0.5164889554033858,1,0,0.2869389609955694
GO:0051046,Regulation of Secretion,,0.5172484706751475,1,0,0.2863007847189245
GO:0051290,Protein Heterotetramerization,,0.5172484706751475,1,0,0.2863007847189245
GO:0034391,Regulation of Smooth Muscle Cell Apoptotic Process,,0.5174154522923525,1,0,0.2861606054898023
GO:0015012,Heparan Sulfate Proteoglycan Biosynthetic Process,,0.5179880256754698,1,0,0.285680279720358
GO:0007600,Sensory Perception,,0.5188756938967707,1,0,0.2849366728274217
GO:0045332,Phospholipid Translocation,,0.5188756938967707,1,0,0.2849366728274217
GO:0043547,Positive Regulation of GTPase Activity,,0.5201315320947718,1,0,0.28388681705835467
GO:2000785,Regulation of Autophagosome Assembly,,0.5234560484188888,1,0,0.2811197776536712
GO:0006360,Transcription by RNA Polymerase I,,0.5237249359294778,1,0,0.28089674769721984
GO:1902305,Regulation of Sodium Ion Transmembrane Transport,,0.5237249359294778,1,0,0.28089674769721984
GO:0071542,Dopaminergic Neuron Differentiation,,0.524432458827251,1,0,0.28031043625481716
GO:0045732,Positive Regulation of Protein Catabolic Process,,0.5258924753545886,1,0,0.27910304317277485
GO:1902475,L-alpha-amino Acid Transmembrane Transport,,0.5270825159173899,1,0,0.2781213897166242
GO:0070507,Regulation of Microtubule Cytoskeleton Organization,,0.5278006076323418,1,0,0.277530114132602
GO:0072678,T Cell Migration,,0.5290736967103928,1,0,0.27648382920218684
GO:0005979,Regulation of Glycogen Biosynthetic Process,,0.5300329889275387,1,0,0.2756970993363134
GO:0009101,Glycoprotein Biosynthetic Process,,0.5300329889275387,1,0,0.2756970993363134
GO:0043923,Positive Regulation by Host of Viral Transcription,,0.5303889263473452,1,0,0.27540555186656857
GO:0010828,Positive Regulation of D-glucose Transmembrane Transport,,0.5320409453984485,1,0,0.27405494350132287
GO:0010888,Negative Regulation of Lipid Storage,,0.5323613642573439,1,0,0.2737934706629851
GO:0016540,Protein Autoprocessing,,0.5337111283205423,1,0,0.2726937417011561
GO:0006116,NADH Oxidation,,0.5352939168485082,1,0,0.2714076919689628
GO:0010464,Regulation of Mesenchymal Cell Proliferation,,0.5352954379950637,1,0,0.27140645783460077
GO:0030852,Regulation of Granulocyte Differentiation,,0.5352954379950637,1,0,0.27140645783460077
GO:0070213,Protein auto-ADP-ribosylation,,0.5352954379950637,1,0,0.27140645783460077
GO:0071333,Cellular Response to Glucose Stimulus,,0.5352954379950637,1,0,0.27140645783460077
GO:0050829,Defense Response to Gram-negative Bacterium,,0.5355644204794783,1,0,0.27118828248655275
GO:0001504,Neurotransmitter Uptake,,0.53565681372741,1,0,0.2711133663505389
GO:1900744,Regulation of p38MAPK Cascade,,0.53565681372741,1,0,0.2711133663505389
GO:0023061,Signal Release,,0.5359734820112517,1,0,0.27085669706297566
GO:1904375,Regulation of Protein Localization to Cell Periphery,,0.537994414120874,1,0,0.26922223349546
GO:0060099,"Regulation of Phagocytosis, Engulfment",,0.5384790915610522,1,0,0.2688311551254209
GO:0042359,Vitamin D Metabolic Process,,0.5388751800134297,1,0,0.268511819060206
GO:0050869,Negative Regulation of B Cell Activation,,0.5395146537189252,1,0,0.2679967549795111
GO:0071499,Cellular Response to Laminar Fluid Shear Stress,,0.5395146537189252,1,0,0.2679967549795111
GO:0010592,Positive Regulation of Lamellipodium Assembly,,0.539685830223118,1,0,0.2678589844485819
GO:0006164,Purine Nucleotide Biosynthetic Process,,0.5415271128479308,1,0,0.26637979450409144
GO:0007422,Peripheral Nervous System Development,,0.5415271128479308,1,0,0.26637979450409144
GO:0007040,Lysosome Organization,,0.5416053681765479,1,0,0.2663170397477666
GO:0042771,Intrinsic Apoptotic Signaling Pathway in Response to DNA Damage by P53 Class Mediator,,0.5416053681765479,1,0,0.2663170397477666
GO:0030277,Maintenance of Gastrointestinal Epithelium,,0.5416270791409228,1,0,0.26629963083050345
GO:0031114,Regulation of Microtubule Depolymerization,,0.542490316007225,1,0,0.2656080099995486
GO:0046496,Nicotinamide Nucleotide Metabolic Process,,0.5425406766037222,1,0,0.2655676953369652
GO:0019722,Calcium-Mediated Signaling,,0.5438819539094335,1,0,0.26449535090641974
GO:1902622,Regulation of Neutrophil Migration,,0.5438819539094335,1,0,0.26449535090641974
GO:1903859,Regulation of Dendrite Extension,,0.5438819539094335,1,0,0.26449535090641974
GO:1903861,Positive Regulation of Dendrite Extension,,0.5438819539094335,1,0,0.26449535090641974
GO:0120163,Negative Regulation of Cold-Induced Thermogenesis,,0.5442265866876317,1,0,0.2642202457799088
GO:0019370,Leukotriene Biosynthetic Process,,0.5459239096169748,1,0,0.2628678846511274
GO:0048806,Genitalia Development,,0.5459239096169748,1,0,0.2628678846511274
GO:0097320,Plasma Membrane Tubulation,,0.5459239096169748,1,0,0.2628678846511274
GO:1903531,Negative Regulation of Secretion by Cell,,0.5459239096169748,1,0,0.2628678846511274
GO:0060397,Growth Hormone Receptor Signaling Pathway via JAK-STAT,,0.5474601110550845,1,0,0.26164751882531095
GO:1905039,Carboxylic Acid Transmembrane Transport,,0.5474601110550845,1,0,0.26164751882531095
GO:2001235,Positive Regulation of Apoptotic Signaling Pathway,,0.5474601110550845,1,0,0.26164751882531095
GO:0007420,Brain Development,,0.5474850521160209,1,0,0.26162773378857357
GO:0009190,Cyclic Nucleotide Biosynthetic Process,,0.5474850521160209,1,0,0.26162773378857357
GO:0031333,Negative Regulation of Protein-Containing Complex Assembly,,0.5474850521160209,1,0,0.26162773378857357
GO:0086013,Membrane Repolarization During Cardiac Muscle Cell Action Potential,,0.5486080439452492,1,0,0.26073782885795105
GO:0032715,Negative Regulation of Interleukin-6 Production,,0.5489122237416583,1,0,0.2604970977947375
GO:0035020,Regulation of Rac Protein Signal Transduction,,0.5489122237416583,1,0,0.2604970977947375
GO:0030307,Positive Regulation of Cell Growth,,0.5501047188096231,1,0,0.25955462964723325
GO:0071622,Regulation of Granulocyte Chemotaxis,,0.5501047188096231,1,0,0.25955462964723325
GO:0045069,Regulation of Viral Genome Replication,,0.5502428752207515,1,0,0.2594455721682449
GO:0060412,Ventricular Septum Morphogenesis,,0.5502428752207515,1,0,0.2594455721682449
GO:0035024,Negative Regulation of Rho Protein Signal Transduction,,0.5508715911153717,1,0,0.25894962395988114
GO:0048260,Positive Regulation of Receptor-Mediated Endocytosis,,0.551815423087548,1,0,0.2582061652772587
GO:0010812,Negative Regulation of Cell-Substrate Adhesion,,0.5533014415606277,1,0,0.2570381982821238
GO:1990089,Response to Nerve Growth Factor,,0.5533014415606277,1,0,0.2570381982821238
GO:0000338,Protein Deneddylation,,0.553692492559639,1,0,0.25673136498730054
GO:0090304,Nucleic Acid Metabolic Process,,0.553692492559639,1,0,0.25673136498730054
GO:0035269,Protein O-linked Mannosylation,,0.5540369661961698,1,0,0.2564612575108831
GO:0009746,Response to Hexose,,0.5545266232179183,1,0,0.2560775982270475
GO:0002920,Regulation of Humoral Immune Response,,0.5545734533846882,1,0,0.256040923298507
GO:0008156,Negative Regulation of DNA Replication,,0.5545734533846882,1,0,0.256040923298507
GO:0046039,GTP Metabolic Process,,0.5545734533846882,1,0,0.256040923298507
GO:0051223,Regulation of Protein Transport,,0.5545734533846882,1,0,0.256040923298507
GO:0090090,Negative Regulation of Canonical Wnt Signaling Pathway,,0.5545734533846882,1,0,0.256040923298507
GO:0032271,Regulation of Protein Polymerization,,0.5546685732138632,1,0,0.2559664399737844
GO:0019751,Polyol Metabolic Process,,0.5562387917464396,1,0,0.25473872698937566
GO:0035456,Response to Interferon-Beta,,0.556266374212818,1,0,0.25471719196497417
GO:0060760,Positive Regulation of Response to Cytokine Stimulus,,0.5565155219263158,1,0,0.254522718134416
GO:0046823,Negative Regulation of Nucleocytoplasmic Transport,,0.5587378133177611,1,0,0.2527919361939086
GO:0046850,Regulation of Bone Remodeling,,0.558863033771448,1,0,0.2526946160237837
GO:0046942,Carboxylic Acid Transport,,0.558863033771448,1,0,0.2526946160237837
GO:1901888,Regulation of Cell Junction Assembly,,0.5590704716379147,1,0,0.2525334452182889
GO:0032436,Positive Regulation of Proteasomal Ubiquitin-Dependent Protein Catabolic Process,,0.5600548598362513,1,0,0.25176942985589545
GO:1904996,Positive Regulation of Leukocyte Adhesion to Vascular Endothelial Cell,,0.5600548598362513,1,0,0.25176942985589545
GO:0141161,Regulation of cAMP/PKA Signal Transduction,,0.5607710884330445,1,0,0.2512143853011401
GO:0032677,Regulation of Interleukin-8 Production,,0.5608155325543304,1,0,0.25117996649428836
GO:0060307,Regulation of Ventricular Cardiac Muscle Cell Membrane Repolarization,,0.5608155325543304,1,0,0.25117996649428836
GO:0045912,Negative Regulation of Carbohydrate Metabolic Process,,0.5627626186289126,1,0,0.24967475818534526
GO:0071493,Cellular Response to UV-B,,0.5627626186289126,1,0,0.24967475818534526
GO:0010944,Negative Regulation of Transcription by Competitive Promoter Binding,,0.5631161438183714,1,0,0.2494020218141432
GO:0043124,Negative Regulation of Canonical NF-kappaB Signal Transduction,,0.563851208369345,1,0,0.2488354845085478
GO:0050804,Modulation of Chemical Synaptic Transmission,,0.563851208369345,1,0,0.2488354845085478
GO:0070252,Actin-Mediated Cell Contraction,,0.5668784143011995,1,0,0.2465100798380258
GO:0030177,Positive Regulation of Wnt Signaling Pathway,,0.5669243848204607,1,0,0.2464748625270934
GO:0007368,Determination of Left/Right Symmetry,,0.5671596559213967,1,0,0.2462946696336518
GO:0050779,RNA Destabilization,,0.5671596559213967,1,0,0.2462946696336518
GO:0050920,Regulation of Chemotaxis,,0.5671596559213967,1,0,0.2462946696336518
GO:1900407,Regulation of Cellular Response to Oxidative Stress,,0.5671596559213967,1,0,0.2462946696336518
GO:0002224,Toll-Like Receptor Signaling Pathway,,0.5671748780798864,1,0,0.2462830136375819
GO:0031400,Negative Regulation of Protein Modification Process,,0.5671748780798864,1,0,0.2462830136375819
GO:0044027,Negative Regulation of Gene Expression via Chromosomal CpG Island Methylation,,0.5671748780798864,1,0,0.2462830136375819
GO:0061041,Regulation of Wound Healing,,0.5674782399536953,1,0,0.2460507869087953
GO:0009948,Anterior/Posterior Axis Specification,,0.5675854372653797,1,0,0.24596875591439
GO:0043122,Regulation of Canonical NF-kappaB Signal Transduction,,0.5675854372653797,1,0,0.24596875591439
GO:0046513,Ceramide Biosynthetic Process,,0.5675854372653797,1,0,0.24596875591439
GO:0046628,Positive Regulation of Insulin Receptor Signaling Pathway,,0.5675854372653797,1,0,0.24596875591439
GO:0140042,Lipid Droplet Formation,,0.5675854372653797,1,0,0.24596875591439
GO:1904893,Negative Regulation of Receptor Signaling Pathway via STAT,,0.5675854372653797,1,0,0.24596875591439
GO:0018209,Peptidyl-Serine Modification,,0.5680717800473654,1,0,0.24559678451981423
GO:0033151,V(D)J Recombination,,0.5680717800473654,1,0,0.24559678451981423
GO:0030518,Nuclear Receptor-Mediated Steroid Hormone Signaling Pathway,,0.5698894374863455,1,0,0.2442093923048247
GO:0045668,Negative Regulation of Osteoblast Differentiation,,0.570080247420604,1,0,0.24406400650481286
GO:0034329,Cell Junction Assembly,,0.5701995333648452,1,0,0.24397314244072177
GO:0048524,Positive Regulation of Viral Process,,0.5701995333648452,1,0,0.24397314244072177
GO:0071359,Cellular Response to dsRNA,,0.5701995333648452,1,0,0.24397314244072177
GO:0006376,mRNA Splice Site Recognition,,0.5704661819957392,1,0,0.2437700960449999
GO:0036444,Calcium Import Into the Mitochondrion,,0.5704661819957392,1,0,0.2437700960449999
GO:0042744,Hydrogen Peroxide Catabolic Process,,0.5704661819957392,1,0,0.2437700960449999
GO:0043393,Regulation of Protein Binding,,0.5704661819957392,1,0,0.2437700960449999
GO:0048311,Mitochondrion Distribution,,0.5704661819957392,1,0,0.2437700960449999
GO:2000463,Positive Regulation of Excitatory Postsynaptic Potential,,0.5704661819957392,1,0,0.2437700960449999
GO:0031643,Positive Regulation of Myelination,,0.5736269167166836,1,0,0.241370478143502
GO:1903313,Positive Regulation of mRNA Metabolic Process,,0.5742125375887361,1,0,0.24092732917465767
GO:0033119,Negative Regulation of RNA Splicing,,0.5744089484997802,1,0,0.2407788030035621
GO:0007140,Male Meiotic Nuclear Division,,0.5749991126060688,1,0,0.2403328255548651
GO:0034122,Negative Regulation of Toll-Like Receptor Signaling Pathway,,0.5765903459378758,1,0,0.23913263343759297
GO:0006812,Monoatomic Cation Transport,,0.576630886468964,1,0,0.23910209891662249
GO:0006858,Extracellular Transport,,0.576630886468964,1,0,0.23910209891662249
GO:0043484,Regulation of RNA Splicing,,0.576630886468964,1,0,0.23910209891662249
GO:0046456,Icosanoid Biosynthetic Process,,0.576630886468964,1,0,0.23910209891662249
GO:0000381,"Regulation of Alternative mRNA Splicing, via Spliceosome",,0.5766506967128568,1,0,0.2390871789183599
GO:0006826,Iron Ion Transport,,0.5767867562513814,1,0,0.2389847201211122
GO:0001916,Positive Regulation of T Cell Mediated Cytotoxicity,,0.5775661984931733,1,0,0.23839823136197566
GO:0042110,T Cell Activation,,0.5775661984931733,1,0,0.23839823136197566
GO:1902017,Regulation of Cilium Assembly,,0.5775661984931733,1,0,0.23839823136197566
GO:0016239,Positive Regulation of Macroautophagy,,0.5784047173183854,1,0,0.23776817370628187
GO:0046033,AMP Metabolic Process,,0.5788228641484927,1,0,0.2374543220979161
GO:0006479,Protein Methylation,,0.5812136254578351,1,0,0.2356642130392109
GO:0035633,Maintenance of Blood-Brain Barrier,,0.5812178609729374,1,0,0.23566104818888048
GO:0043069,Negative Regulation of Programmed Cell Death,,0.5812178609729374,1,0,0.23566104818888048
GO:0046883,Regulation of Hormone Secretion,,0.5812178609729374,1,0,0.23566104818888048
GO:0048538,Thymus Development,,0.581420502062611,1,0,0.23550965819394948
GO:0051917,Regulation of Fibrinolysis,,0.5817234058293075,1,0,0.2352834618711983
GO:2000737,Negative Regulation of Stem Cell Differentiation,,0.5817234058293075,1,0,0.2352834618711983
GO:0006691,Leukotriene Metabolic Process,,0.5818567150415839,1,0,0.235183949247197
GO:0071360,Cellular Response to Exogenous dsRNA,,0.5818567150415839,1,0,0.235183949247197
GO:0016482,Cytosolic Transport,,0.5820428121400252,1,0,0.2350450696587918
GO:0046007,Negative Regulation of Activated T Cell Proliferation,,0.5822021374521333,1,0,0.23492620445893453
GO:0016052,Carbohydrate Catabolic Process,,0.5827563028010598,1,0,0.23451302066981677
GO:0030520,Estrogen Receptor Signaling Pathway,,0.5834251226123922,1,0,0.2340148738481205
GO:0006024,Glycosaminoglycan Biosynthetic Process,,0.585579783483328,1,0,0.232413925244048
GO:0045725,Positive Regulation of Glycogen Biosynthetic Process,,0.585579783483328,1,0,0.232413925244048
GO:0048485,Sympathetic Nervous System Development,,0.585579783483328,1,0,0.232413925244048
GO:0051048,Negative Regulation of Secretion,,0.585579783483328,1,0,0.232413925244048
GO:0051603,Proteolysis Involved in Protein Catabolic Process,,0.585579783483328,1,0,0.232413925244048
GO:0055080,Monoatomic Cation Homeostasis,,0.585579783483328,1,0,0.232413925244048
GO:0072666,Establishment of Protein Localization to Vacuole,,0.585579783483328,1,0,0.232413925244048
GO:0097485,Neuron Projection Guidance,,0.585579783483328,1,0,0.232413925244048
GO:2000401,Regulation of Lymphocyte Migration,,0.585852431450806,1,0,0.23221176329492887
GO:0002718,Regulation of Cytokine Production Involved in Immune Response,,0.5874610300121025,1,0,0.23102093758736483
GO:0010829,Negative Regulation of D-glucose Transmembrane Transport,,0.5876406456213569,1,0,0.23088817278890036
GO:0048585,Negative Regulation of Response to Stimulus,,0.5876406456213569,1,0,0.23088817278890036
GO:0090022,Regulation of Neutrophil Chemotaxis,,0.5901030411593196,1,0,0.22907214717203672
GO:0010874,Regulation of Cholesterol Efflux,,0.5908745775372922,1,0,0.22850469520020106
GO:0050691,Regulation of Defense Response to Virus by Host,,0.5913030626678286,1,0,0.2281898715567996
GO:1903039,Positive Regulation of Leukocyte Cell-Cell Adhesion,,0.5913030626678286,1,0,0.2281898715567996
GO:0039531,Regulation of Cytoplasmic Pattern Recognition Receptor Signaling Pathway,,0.5913876716614569,1,0,0.22812773321742102
GO:0045661,Regulation of Myoblast Differentiation,,0.591872405308464,1,0,0.22777190753892185
GO:0006390,Mitochondrial Transcription,,0.5923776462477104,1,0,0.22740133822381667
GO:0032874,Positive Regulation of Stress-Activated MAPK Cascade,,0.5923776462477104,1,0,0.22740133822381667
GO:0046173,Polyol Biosynthetic Process,,0.5923776462477104,1,0,0.22740133822381667
GO:0060294,Cilium Movement Involved in Cell Motility,,0.5923776462477104,1,0,0.22740133822381667
GO:0070304,Positive Regulation of Stress-Activated Protein Kinase Signaling Cascade,,0.5923776462477104,1,0,0.22740133822381667
GO:0061001,Regulation of Dendritic Spine Morphogenesis,,0.5930371869788255,1,0,0.22691807292015892
GO:0036152,Phosphatidylethanolamine Acyl-Chain Remodeling,,0.5947571023416207,1,0,0.2256603630958959
GO:0070167,Regulation of Biomineral Tissue Development,,0.5947571023416207,1,0,0.2256603630958959
GO:0048146,Positive Regulation of Fibroblast Proliferation,,0.5967824413988686,1,0,0.22418396320924971
GO:0090276,Regulation of Peptide Hormone Secretion,,0.5967824413988686,1,0,0.22418396320924971
GO:0110156,mRNA Methylguanosine-Cap Decapping,,0.5967824413988686,1,0,0.22418396320924971
GO:1902993,Positive Regulation of Amyloid Precursor Protein Catabolic Process,,0.5968297547729954,1,0,0.22414953337118312
GO:2001233,Regulation of Apoptotic Signaling Pathway,,0.5970677324734054,1,0,0.223976398902643
GO:0019065,Receptor-Mediated Endocytosis of Virus by Host Cell,,0.5992514871850018,1,0,0.2223908794879867
GO:0032526,Response to Retinoic Acid,,0.5992514871850018,1,0,0.2223908794879867
GO:0051560,Mitochondrial Calcium Ion Homeostasis,,0.5992514871850018,1,0,0.2223908794879867
GO:0032691,Negative Regulation of Interleukin-1 Beta Production,,0.5992943011564135,1,0,0.22235985210176373
GO:0045540,Regulation of Cholesterol Biosynthetic Process,,0.5995801175842232,1,0,0.22215277703560768
GO:0046426,Negative Regulation of Receptor Signaling Pathway via JAK-STAT,,0.5995801175842232,1,0,0.22215277703560768
GO:0010647,Positive Regulation of Cell Communication,,0.5997426273434731,1,0,0.22203508212416193
GO:0099623,Regulation of Cardiac Muscle Cell Membrane Repolarization,,0.5997426273434731,1,0,0.22203508212416193
GO:1900077,Negative Regulation of Cellular Response to Insulin Stimulus,,0.5997426273434731,1,0,0.22203508212416193
GO:0030219,Megakaryocyte Differentiation,,0.5998834061611588,1,0,0.22193315125193536
GO:0099024,Plasma Membrane Invagination,,0.6003022156101839,1,0,0.22163005373641131
GO:0006809,Nitric Oxide Biosynthetic Process,,0.6004421251953073,1,0,0.22152884657849348
GO:0062099,Negative Regulation of Programmed Necrotic Cell Death,,0.6004421251953073,1,0,0.22152884657849348
GO:0046485,Ether Lipid Metabolic Process,,0.6004440152799845,1,0,0.2215274794991044
GO:0007026,Negative Regulation of Microtubule Depolymerization,,0.600497152473393,1,0,0.22148904765828514
GO:0046626,Regulation of Insulin Receptor Signaling Pathway,,0.600497152473393,1,0,0.22148904765828514
GO:0045670,Regulation of Osteoclast Differentiation,,0.6008360052226748,1,0,0.22124405003684963
GO:0071356,Cellular Response to Tumor Necrosis Factor,,0.6008565772873368,1,0,0.22122918045323903
GO:0000578,Embryonic Axis Specification,,0.6025999503538602,1,0,0.21997090844269065
GO:0003214,Cardiac Left Ventricle Morphogenesis,,0.6025999503538602,1,0,0.21997090844269065
GO:0045580,Regulation of T Cell Differentiation,,0.6027958819335185,1,0,0.21982972327787365
GO:0001885,Endothelial Cell Development,,0.6029220817609077,1,0,0.21973880999549297
GO:0034198,Cellular Response to Amino Acid Starvation,,0.6029220817609077,1,0,0.21973880999549297
GO:0035332,Positive Regulation of Hippo Signaling,,0.6029220817609077,1,0,0.21973880999549297
GO:0045109,Intermediate Filament Organization,,0.6029220817609077,1,0,0.21973880999549297
GO:0045663,Positive Regulation of Myoblast Differentiation,,0.6029220817609077,1,0,0.21973880999549297
GO:0070293,Renal Absorption,,0.6034987617023286,1,0,0.21932361667913797
GO:1903828,Negative Regulation of Protein Localization,,0.603586844655048,1,0,0.2192602343636134
GO:0048863,Stem Cell Differentiation,,0.6042751081405436,1,0,0.21876529524328459
GO:0008277,Regulation of G Protein-Coupled Receptor Signaling Pathway,,0.6066827112291704,1,0,0.21703838106510567
GO:0050863,Regulation of T Cell Activation,,0.6072567175404677,1,0,0.21662767228302815
GO:0031646,Positive Regulation of Nervous System Process,,0.6080785946796445,1,0,0.2160402841652477
GO:0046777,Protein Autophosphorylation,,0.6080785946796445,1,0,0.2160402841652477
GO:0007292,Female Gamete Generation,,0.6082294572717223,1,0,0.21593255028731134
GO:0010639,Negative Regulation of Organelle Organization,,0.6098627322297574,1,0,0.2147679048969063
GO:0048565,Digestive Tract Development,,0.6110133171923897,1,0,0.2139493240943664
GO:1903146,Regulation of Autophagy of Mitochondrion,,0.6110133171923897,1,0,0.2139493240943664
GO:0043297,Apical Junction Assembly,,0.6124480639151079,1,0,0.21293073392084677
GO:0051491,Positive Regulation of Filopodium Assembly,,0.6124480639151079,1,0,0.21293073392084677
GO:1902430,Negative Regulation of Amyloid-Beta Formation,,0.6128656674515058,1,0,0.21263470701139453
GO:0072350,Tricarboxylic Acid Metabolic Process,,0.612919109418217,1,0,0.21259683812658312
GO:0030278,Regulation of Ossification,,0.6135908567223786,1,0,0.21212112054636828
GO:0120039,Plasma Membrane Bounded Cell Projection Morphogenesis,,0.6139243511245963,1,0,0.2118851401181562
GO:0050670,Regulation of Lymphocyte Proliferation,,0.6157684334176848,1,0,0.2105825784141428
GO:0051346,Negative Regulation of Hydrolase Activity,,0.6165163014683538,1,0,0.21005543562274287
GO:0002688,Regulation of Leukocyte Chemotaxis,,0.6169391724518676,1,0,0.2097576534234252
GO:0033673,Negative Regulation of Kinase Activity,,0.6169391724518676,1,0,0.2097576534234252
GO:0070875,Positive Regulation of Glycogen Metabolic Process,,0.6169391724518676,1,0,0.2097576534234252
GO:0006654,Phosphatidic Acid Biosynthetic Process,,0.6181499290360709,1,0,0.20890617627695704
GO:0048147,Negative Regulation of Fibroblast Proliferation,,0.6181499290360709,1,0,0.20890617627695704
GO:0006122,"Mitochondrial Electron Transport, Ubiquinol to Cytochrome C",,0.6185902572033618,1,0,0.20859692441712552
GO:0060391,Positive Regulation of SMAD Protein Signal Transduction,,0.6185902572033618,1,0,0.20859692441712552
GO:0098773,Skin Epidermis Development,,0.6185902572033618,1,0,0.20859692441712552
GO:1900016,Negative Regulation of Cytokine Production Involved in Inflammatory Response,,0.6185902572033618,1,0,0.20859692441712552
GO:1905476,Negative Regulation of Protein Localization to Membrane,,0.6185902572033618,1,0,0.20859692441712552
GO:0060122,Inner Ear Receptor Cell Stereocilium Organization,,0.620493030396867,1,0,0.20726309229124823
GO:0097264,Self Proteolysis,,0.6204953650345946,1,0,0.20726145823844636
GO:0006688,Glycosphingolipid Biosynthetic Process,,0.6206164706476112,1,0,0.20717670278270833
GO:0030888,Regulation of B Cell Proliferation,,0.6206164706476112,1,0,0.20717670278270833
GO:0043201,Response to L-leucine,,0.6206164706476112,1,0,0.20717670278270833
GO:0050773,Regulation of Dendrite Development,,0.6206164706476112,1,0,0.20717670278270833
GO:0051250,Negative Regulation of Lymphocyte Activation,,0.6206164706476112,1,0,0.20717670278270833
GO:0071233,Cellular Response to L-leucine,,0.6206164706476112,1,0,0.20717670278270833
GO:0010718,Positive Regulation of Epithelial to Mesenchymal Transition,,0.6212154329785173,1,0,0.20675776354529254
GO:0016579,Protein Deubiquitination,,0.6212154329785173,1,0,0.20675776354529254
GO:0019228,Neuronal Action Potential,,0.6212154329785173,1,0,0.20675776354529254
GO:0033120,Positive Regulation of RNA Splicing,,0.6212154329785173,1,0,0.20675776354529254
GO:0055086,Nucleobase-Containing Small Molecule Metabolic Process,,0.6215715642044004,1,0,0.20650886195424187
GO:0033688,Regulation of Osteoblast Proliferation,,0.623117955566202,1,0,0.20542973407509318
GO:1902236,- Reg of Endoplasmic Reticulum Stress-Induced Intrinsic Apoptotic Sgnlng Pway,,0.6232085827545663,1,0,0.20536657424229462
GO:2000060,Positive Regulation of Ubiquitin-Dependent Protein Catabolic Process,,0.6232085827545663,1,0,0.20536657424229462
GO:0016553,Base Conversion or Substitution Editing,,0.6232506498000281,1,0,0.20533726002929217
GO:0045880,Positive Regulation of Smoothened Signaling Pathway,,0.6232506498000281,1,0,0.20533726002929217
GO:0071805,Potassium Ion Transmembrane Transport,,0.6240108936474095,1,0,0.20480782857132374
GO:0002040,Sprouting Angiogenesis,,0.6243592196385986,1,0,0.2045654708631524
GO:0007265,Ras Protein Signal Transduction,,0.6243592196385986,1,0,0.2045654708631524
GO:0022008,Neurogenesis,,0.6243592196385986,1,0,0.2045654708631524
GO:0043271,Negative Regulation of Monoatomic Ion Transport,,0.6243592196385986,1,0,0.2045654708631524
GO:0045687,Positive Regulation of Glial Cell Differentiation,,0.6243592196385986,1,0,0.2045654708631524
GO:0051259,Protein Complex Oligomerization,,0.6243592196385986,1,0,0.2045654708631524
GO:0014911,Positive Regulation of Smooth Muscle Cell Migration,,0.625762044621537,1,0,0.20359078237123307
GO:0010745,Negative Regulation of Macrophage Derived Foam Cell Differentiation,,0.6270360085572934,1,0,0.20270751838986195
GO:0014904,Myotube Cell Development,,0.6270360085572934,1,0,0.20270751838986195
GO:0043045,Epigenetic Programming of Gene Expression,,0.6270360085572934,1,0,0.20270751838986195
GO:0106072,- Reg of Adenylate Cyclase-Activating GPCR Sgnlng Pway,,0.6270360085572934,1,0,0.20270751838986195
GO:0045581,Negative Regulation of T Cell Differentiation,,0.6272268182013659,1,0,0.202575380891427
GO:0051457,Maintenance of Protein Location in Nucleus,,0.6279977072329092,1,0,0.20204194183272986
GO:0001914,Regulation of T Cell Mediated Cytotoxicity,,0.6303342852285683,1,0,0.2004290700271308
GO:0002028,Regulation of Sodium Ion Transport,,0.6303342852285683,1,0,0.2004290700271308
GO:0006851,Mitochondrial Calcium Ion Transmembrane Transport,,0.6303342852285683,1,0,0.2004290700271308
GO:0007413,Axonal Fasciculation,,0.6303342852285683,1,0,0.2004290700271308
GO:0010458,Exit From Mitosis,,0.6303342852285683,1,0,0.2004290700271308
GO:0040037,Negative Regulation of Fibroblast Growth Factor Receptor Signaling Pathway,,0.6303342852285683,1,0,0.2004290700271308
GO:0042593,Glucose Homeostasis,,0.6303342852285683,1,0,0.2004290700271308
GO:0043370,"Regulation of CD4-positive, Alpha-Beta T Cell Differentiation",,0.6303342852285683,1,0,0.2004290700271308
GO:0070914,UV-damage Excision Repair,,0.6303342852285683,1,0,0.2004290700271308
GO:0097028,Dendritic Cell Differentiation,,0.6303342852285683,1,0,0.2004290700271308
GO:1901292,Nucleoside Phosphate Catabolic Process,,0.6303342852285683,1,0,0.2004290700271308
GO:0006817,Phosphate Ion Transport,,0.6308775137460042,1,0,0.20005495179843039
GO:0070935,3'-UTR-mediated mRNA Stabilization,,0.6309271832512391,1,0,0.2000207607828083
GO:0090075,Relaxation of Muscle,,0.6309271832512391,1,0,0.2000207607828083
GO:1904353,Regulation of Telomere Capping,,0.6311212009036734,1,0,0.19988723056706423
GO:0060079,Excitatory Postsynaptic Potential,,0.6320141000750951,1,0,0.1992732326092291
GO:0006939,Smooth Muscle Contraction,,0.6329366247239577,1,0,0.1986397732537024
GO:0043604,Amide Biosynthetic Process,,0.6329366247239577,1,0,0.1986397732537024
GO:0006687,Glycosphingolipid Metabolic Process,,0.6331524751708415,1,0,0.198491691007494
GO:0006972,Hyperosmotic Response,,0.6336000487526657,1,0,0.19818479800156025
GO:0035336,Long-Chain fatty-acyl-CoA Metabolic Process,,0.6336000487526657,1,0,0.19818479800156025
GO:1902176,Negative Regulation of Oxidative Stress-Induced Intrinsic Apoptotic Signaling Pathway,,0.633621836577624,1,0,0.19816986402312672
GO:0048332,Mesoderm Morphogenesis,,0.6352155817148019,1,0,0.1970788572910371
GO:0050922,Negative Regulation of Chemotaxis,,0.6352155817148019,1,0,0.1970788572910371
GO:0033700,Phospholipid Efflux,,0.6358690551774904,1,0,0.1966323096172126
GO:0035774,+ Reg of Insulin Secretion Inv in Cellular Resp to Glucose Stimulus,,0.6360618664264186,1,0,0.19650064073382037
GO:0045070,Positive Regulation of Viral Genome Replication,,0.6360618664264186,1,0,0.19650064073382037
GO:0072676,Lymphocyte Migration,,0.6366154717932655,1,0,0.19612281084101432
GO:1904062,Regulation of Monoatomic Cation Transmembrane Transport,,0.6366154717932655,1,0,0.19612281084101432
GO:0006491,N-glycan Processing,,0.6370363287337245,1,0,0.19583580013135474
GO:0032273,Positive Regulation of Protein Polymerization,,0.6377176333214077,1,0,0.19537157431224492
GO:0035303,Regulation of Dephosphorylation,,0.6392991724095003,1,0,0.1942958577720169
GO:0051547,Regulation of Keratinocyte Migration,,0.6408161911878507,1,0,0.1932665236798979
GO:0001569,Branching Involved in Blood Vessel Morphogenesis,,0.642618052008263,1,0,0.19204707869508528
GO:0010955,Negative Regulation of Protein Processing,,0.642618052008263,1,0,0.19204707869508528
GO:0051291,Protein Heterooligomerization,,0.642618052008263,1,0,0.19204707869508528
GO:0090205,Positive Regulation of Cholesterol Metabolic Process,,0.642618052008263,1,0,0.19204707869508528
GO:0030514,Negative Regulation of BMP Signaling Pathway,,0.6430039075897247,1,0,0.19178638782305876
GO:0033630,Positive Regulation of Cell Adhesion Mediated by Integrin,,0.6430039075897247,1,0,0.19178638782305876
GO:0097720,Calcineurin-Mediated Signaling,,0.6430039075897247,1,0,0.19178638782305876
GO:0098901,Regulation of Cardiac Muscle Cell Action Potential,,0.6430039075897247,1,0,0.19178638782305876
GO:1905515,Non-Motile Cilium Assembly,,0.6431434601319106,1,0,0.19169214217008648
GO:0045624,Positive Regulation of T-helper Cell Differentiation,,0.6456199173184748,1,0,0.1900230801322051
GO:0050905,Neuromuscular Process,,0.6456199173184748,1,0,0.1900230801322051
GO:0070828,Heterochromatin Organization,,0.6456199173184748,1,0,0.1900230801322051
GO:1903532,Positive Regulation of Secretion by Cell,,0.6456199173184748,1,0,0.1900230801322051
GO:0009154,Purine Ribonucleotide Catabolic Process,,0.6460034089476748,1,0,0.18976519023516666
GO:0030858,Positive Regulation of Epithelial Cell Differentiation,,0.6460034089476748,1,0,0.18976519023516666
GO:0014910,Regulation of Smooth Muscle Cell Migration,,0.6461280740771691,1,0,0.1896813885807617
GO:0035162,Embryonic Hemopoiesis,,0.6461280740771691,1,0,0.1896813885807617
GO:0046627,Negative Regulation of Insulin Receptor Signaling Pathway,,0.6461280740771691,1,0,0.1896813885807617
GO:0055117,Regulation of Cardiac Muscle Contraction,,0.646158071652324,1,0,0.18966122620201048
GO:1902229,Regulation of Intrinsic Apoptotic Signaling Pathway in Response to DNA Damage,,0.646158071652324,1,0,0.18966122620201048
GO:1990266,Neutrophil Migration,,0.6464620727158916,1,0,0.18945694965965654
GO:0048284,Organelle Fusion,,0.6466484899676264,1,0,0.18933173223949595
GO:0030593,Neutrophil Chemotaxis,,0.6478192550122104,1,0,0.18854614767923106
GO:2000010,Positive Regulation of Protein Localization to Cell Surface,,0.6479515371489066,1,0,0.18845747551194858
GO:0048259,Regulation of Receptor-Mediated Endocytosis,,0.6485909297942901,1,0,0.18802912900228871
GO:0045651,Positive Regulation of Macrophage Differentiation,,0.6491588331583785,1,0,0.18764902904764053
GO:0030217,T Cell Differentiation,,0.6497792476805301,1,0,0.1872341630460547
GO:2000320,Negative Regulation of T-helper 17 Cell Differentiation,,0.6497792476805301,1,0,0.1872341630460547
GO:0070588,Calcium Ion Transmembrane Transport,,0.6502499071541088,1,0,0.1869197011427949
GO:1902932,Positive Regulation of Alcohol Biosynthetic Process,,0.6502499071541088,1,0,0.1869197011427949
GO:2000649,Regulation of Sodium Ion Transmembrane Transporter Activity,,0.6502499071541088,1,0,0.1869197011427949
GO:0006644,Phospholipid Metabolic Process,,0.6503493344594523,1,0,0.18685329985827356
GO:0006607,NLS-bearing Protein Import Into Nucleus,,0.6536922569152658,1,0,0.18462665928815755
GO:0071108,Protein K48-linked Deubiquitination,,0.6538699400350136,1,0,0.1845086277343411
GO:0006664,Glycolipid Metabolic Process,,0.6544728056851207,1,0,0.18410839431758966
GO:0030833,Regulation of Actin Filament Polymerization,,0.6553859899744217,1,0,0.18350284666104721
GO:0032682,Negative Regulation of Chemokine Production,,0.6553859899744217,1,0,0.18350284666104721
GO:0042692,Muscle Cell Differentiation,,0.6553859899744217,1,0,0.18350284666104721
GO:0050870,Positive Regulation of T Cell Activation,,0.6553859899744217,1,0,0.18350284666104721
GO:0002283,Neutrophil Activation Involved in Immune Response,,0.6556447946816555,1,0,0.18333138240709115
GO:0055074,Calcium Ion Homeostasis,,0.6559665121561244,1,0,0.18311833129054864
GO:0097205,Renal Filtration,,0.6559665121561244,1,0,0.18311833129054864
GO:0015918,Sterol Transport,,0.6571850892311933,1,0,0.1823122987641758
GO:0006929,Substrate-Dependent Cell Migration,,0.657950744449321,1,0,0.18180661735039969
GO:0032288,Myelin Assembly,,0.657950744449321,1,0,0.18180661735039969
GO:0042742,Defense Response to Bacterium,,0.657950744449321,1,0,0.18180661735039969
GO:1900221,Regulation of Amyloid-Beta Clearance,,0.6595932549824365,1,0,0.180723794111336
GO:0030258,Lipid Modification,,0.660364533641924,1,0,0.1802162595419216
GO:0015695,Organic Cation Transport,,0.6605470091730151,1,0,0.18009626949842417
GO:0018105,Peptidyl-Serine Phosphorylation,,0.6605470091730151,1,0,0.18009626949842417
GO:0090382,Phagosome Maturation,,0.6605470091730151,1,0,0.18009626949842417
GO:1900745,Positive Regulation of p38MAPK Cascade,,0.6605470091730151,1,0,0.18009626949842417
GO:0002689,Negative Regulation of Leukocyte Chemotaxis,,0.6606444798689992,1,0,0.18003218948301222
GO:0006614,SRP-dependent Cotranslational Protein Targeting to Membrane,,0.6606444798689992,1,0,0.18003218948301222
GO:0009205,Purine Ribonucleoside Triphosphate Metabolic Process,,0.6606444798689992,1,0,0.18003218948301222
GO:0032689,Negative Regulation of Type II Interferon Production,,0.6606444798689992,1,0,0.18003218948301222
GO:0045860,Positive Regulation of Protein Kinase Activity,,0.6606444798689992,1,0,0.18003218948301222
GO:0090407,Organophosphate Biosynthetic Process,,0.6606444798689992,1,0,0.18003218948301222
GO:2000739,Regulation of Mesenchymal Stem Cell Differentiation,,0.6606444798689992,1,0,0.18003218948301222
GO:1901699,Cellular Response to Nitrogen Compound,,0.6613241951683225,1,0,0.17958558793284057
GO:0006874,Intracellular Calcium Ion Homeostasis,,0.6614039413377357,1,0,0.1795332214330056
GO:0008286,Insulin Receptor Signaling Pathway,,0.6614039413377357,1,0,0.1795332214330056
GO:0040013,Negative Regulation of Locomotion,,0.6614039413377357,1,0,0.1795332214330056
GO:0045666,Positive Regulation of Neuron Differentiation,,0.6614039413377357,1,0,0.1795332214330056
GO:0051894,Positive Regulation of Focal Adhesion Assembly,,0.6614039413377357,1,0,0.1795332214330056
GO:0098719,Sodium Ion Import Across Plasma Membrane,,0.6614039413377357,1,0,0.1795332214330056
GO:0046641,Positive Regulation of Alpha-Beta T Cell Proliferation,,0.6616391374748072,1,0,0.1793788131794773
GO:0006098,Pentose-Phosphate Shunt,,0.6626010486600202,1,0,0.17874788112097734
GO:0045600,Positive Regulation of Fat Cell Differentiation,,0.6629122007649935,1,0,0.17854398780680167
GO:1902230,Negative Regulation of Intrinsic Apoptotic Signaling Pathway in Response to DNA Damage,,0.663011793059377,1,0,0.17847874668563085
GO:0006658,Phosphatidylserine Metabolic Process,,0.6630206430491326,1,0,0.1784729496906085
GO:0050777,Negative Regulation of Immune Response,,0.6647783451457288,1,0,0.1773231359400853
GO:0002753,Cytoplasmic Pattern Recognition Receptor Signaling Pathway,,0.6648620501274507,1,0,0.17726845557410528
GO:0007159,Leukocyte Cell-Cell Adhesion,,0.6648620501274507,1,0,0.17726845557410528
GO:0007289,Spermatid Nucleus Differentiation,,0.6648620501274507,1,0,0.17726845557410528
GO:0010628,Positive Regulation of Gene Expression,,0.6648620501274507,1,0,0.17726845557410528
GO:0030155,Regulation of Cell Adhesion,,0.6648620501274507,1,0,0.17726845557410528
GO:0034612,Response to Tumor Necrosis Factor,,0.6648620501274507,1,0,0.17726845557410528
GO:0035082,Axoneme Assembly,,0.6648620501274507,1,0,0.17726845557410528
GO:0043647,Inositol Phosphate Metabolic Process,,0.6648620501274507,1,0,0.17726845557410528
GO:0045823,Positive Regulation of Heart Contraction,,0.6648620501274507,1,0,0.17726845557410528
GO:0048025,"Negative Regulation of mRNA Splicing, via Spliceosome",,0.6648620501274507,1,0,0.17726845557410528
GO:0055119,Relaxation of Cardiac Muscle,,0.6648620501274507,1,0,0.17726845557410528
GO:0086012,Membrane Depolarization During Cardiac Muscle Cell Action Potential,,0.6648620501274507,1,0,0.17726845557410528
GO:0097553,Calcium Ion Transmembrane Import Into Cytosol,,0.6648620501274507,1,0,0.17726845557410528
GO:0097623,Potassium Ion Export Across Plasma Membrane,,0.6648620501274507,1,0,0.17726845557410528
GO:0099175,Regulation of Postsynapse Organization,,0.6648620501274507,1,0,0.17726845557410528
GO:0150079,Negative Regulation of Neuroinflammatory Response,,0.6648620501274507,1,0,0.17726845557410528
GO:1903897,Regulation of PERK-mediated Unfolded Protein Response,,0.6648620501274507,1,0,0.17726845557410528
GO:1905898,Positive Regulation of Response to Endoplasmic Reticulum Stress,,0.6648620501274507,1,0,0.17726845557410528
GO:1902235,Reg of Endoplasmic Reticulum Stress-Induced Intrinsic Apoptotic Sgnlng Pway,,0.6649054889745972,1,0,0.17724008181543252
GO:0010810,Regulation of Cell-Substrate Adhesion,,0.6649577773198067,1,0,0.17720593012423302
GO:0050684,Regulation of mRNA Processing,,0.6649577773198067,1,0,0.17720593012423302
GO:0006112,Energy Reserve Metabolic Process,,0.6659615255674844,1,0,0.1765508604939569
GO:0043117,Positive Regulation of Vascular Permeability,,0.6666194478256537,1,0,0.17612202046822345
GO:0045655,Regulation of Monocyte Differentiation,,0.6666194478256537,1,0,0.17612202046822345
GO:0050954,Sensory Perception of Mechanical Stimulus,,0.6666194478256537,1,0,0.17612202046822345
GO:0007043,Cell-Cell Junction Assembly,,0.6670787807862681,1,0,0.1758228736691067
GO:0090114,COPII-coated Vesicle Budding,,0.6680070400522944,1,0,0.17521896051883665
GO:0006206,Pyrimidine Nucleobase Metabolic Process,,0.6680870549792969,1,0,0.17516694316251746
GO:1904152,"Regulation of Retrograde Protein Transport, ER to Cytosol",,0.6690953956460775,1,0,0.17451195869085984
GO:0055123,Digestive System Development,,0.6695173081174359,1,0,0.1742381912841863
GO:0051056,Regulation of Small GTPase Mediated Signal Transduction,,0.670453473552108,1,0,0.17363135484545417
GO:0043537,Negative Regulation of Blood Vessel Endothelial Cell Migration,,0.6705948667482845,1,0,0.17353977532030165
GO:0046514,Ceramide Catabolic Process,,0.6705948667482845,1,0,0.17353977532030165
GO:0060415,Muscle Tissue Morphogenesis,,0.6705948667482845,1,0,0.17353977532030165
GO:0035329,Hippo Signaling,,0.6710473494980492,1,0,0.17324683467420346
GO:0016973,poly(A)+ mRNA Export From Nucleus,,0.671174291793802,1,0,0.17316468678292546
GO:0043524,Negative Regulation of Neuron Apoptotic Process,,0.671174291793802,1,0,0.17316468678292546
GO:0006643,Membrane Lipid Metabolic Process,,0.6719958551705167,1,0,0.17263340563981222
GO:2001237,Negative Regulation of Extrinsic Apoptotic Signaling Pathway,,0.6719958551705167,1,0,0.17263340563981222
GO:0008544,Epidermis Development,,0.6720308692812718,1,0,0.1726107774661064
GO:0021953,Central Nervous System Neuron Differentiation,,0.6720308692812718,1,0,0.1726107774661064
GO:0030513,Positive Regulation of BMP Signaling Pathway,,0.6720308692812718,1,0,0.1726107774661064
GO:0048762,Mesenchymal Cell Differentiation,,0.6720308692812718,1,0,0.1726107774661064
GO:0050732,Negative Regulation of Peptidyl-Tyrosine Phosphorylation,,0.6720308692812718,1,0,0.1726107774661064
GO:0140467,Integrated Stress Response Signaling,,0.6720308692812718,1,0,0.1726107774661064
GO:1901163,Regulation of Trophoblast Cell Migration,,0.6720308692812718,1,0,0.1726107774661064
GO:0006090,Pyruvate Metabolic Process,,0.6721335779854997,1,0,0.17254440787320854
GO:0006636,Unsaturated Fatty Acid Biosynthetic Process,,0.672424161025904,1,0,0.1723566902181232
GO:0071391,Cellular Response to Estrogen Stimulus,,0.672424161025904,1,0,0.1723566902181232
GO:0003148,Outflow Tract Septum Morphogenesis,,0.6728553555840063,1,0,0.17207828647925497
GO:0044804,Nucleophagy,,0.6731043909053824,1,0,0.17191757637274704
GO:0015868,Purine Ribonucleotide Transport,,0.674362792382985,1,0,0.17110639969489494
GO:0044314,Protein K27-linked Ubiquitination,,0.674362792382985,1,0,0.17110639969489494
GO:2000406,Positive Regulation of T Cell Migration,,0.674362792382985,1,0,0.17110639969489494
GO:0003184,Pulmonary Valve Morphogenesis,,0.6762526178799594,1,0,0.16989104066005803
GO:0001657,Ureteric Bud Development,,0.676387072823155,1,0,0.16980470127420658
GO:0007219,Notch Signaling Pathway,,0.676387072823155,1,0,0.16980470127420658
GO:0106027,Neuron Projection Organization,,0.676387072823155,1,0,0.16980470127420658
GO:0016441,Post-Transcriptional Gene Silencing,,0.676999117646231,1,0,0.16941189734384043
GO:0043933,Protein-Containing Complex Organization,,0.6770594705191844,1,0,0.1693731827417736
GO:0070498,Interleukin-1-Mediated Signaling Pathway,,0.6770594705191844,1,0,0.1693731827417736
GO:0051155,Positive Regulation of Striated Muscle Cell Differentiation,,0.6773896506875499,1,0,0.1691614428901242
GO:0061037,Negative Regulation of Cartilage Development,,0.6773896506875499,1,0,0.1691614428901242
GO:0071397,Cellular Response to Cholesterol,,0.6773896506875499,1,0,0.1691614428901242
GO:0046887,Positive Regulation of Hormone Secretion,,0.6777369136548969,1,0,0.16893885940935155
GO:0051050,Positive Regulation of Transport,,0.6777369136548969,1,0,0.16893885940935155
GO:0071218,Cellular Response to Misfolded Protein,,0.6777369136548969,1,0,0.16893885940935155
GO:0016055,Wnt Signaling Pathway,,0.6777730404012867,1,0,0.16891570997166133
GO:0106030,Neuron Projection Fasciculation,,0.6779548126469249,1,0,0.1687992519619813
GO:0071398,Cellular Response to Fatty Acid,,0.6785117925013264,1,0,0.16844259992207958
GO:0008053,Mitochondrial Fusion,,0.6794827042084524,1,0,0.16782159347516346
GO:0034764,Positive Regulation of Transmembrane Transport,,0.6796206002047883,1,0,0.1677334655598
GO:0048545,Response to Steroid Hormone,,0.6796206002047883,1,0,0.1677334655598
GO:0051058,Negative Regulation of Small GTPase Mediated Signal Transduction,,0.6796206002047883,1,0,0.1677334655598
GO:0060078,Regulation of Postsynaptic Membrane Potential,,0.6796206002047883,1,0,0.1677334655598
GO:0099565,"Chemical Synaptic Transmission, Postsynaptic",,0.6796206002047883,1,0,0.1677334655598
GO:1901889,Negative Regulation of Cell Junction Assembly,,0.6796206002047883,1,0,0.1677334655598
GO:0071318,Cellular Response to ATP,,0.6802442905483074,1,0,0.167335094669514
GO:0010526,Transposable Element Silencing,,0.6802502086342702,1,0,0.1673313163490891
GO:0051051,Negative Regulation of Transport,,0.6802502086342702,1,0,0.1673313163490891
GO:0010642,Negative Regulation of Platelet-Derived Growth Factor Receptor Signaling Pathway,,0.6803401563427808,1,0,0.16727389452025884
GO:0018210,Peptidyl-Threonine Modification,,0.6803401563427808,1,0,0.16727389452025884
GO:0030308,Negative Regulation of Cell Growth,,0.6803401563427808,1,0,0.16727389452025884
GO:0043535,Regulation of Blood Vessel Endothelial Cell Migration,,0.6803401563427808,1,0,0.16727389452025884
GO:0050688,Regulation of Defense Response to Virus,,0.6803401563427808,1,0,0.16727389452025884
GO:0051384,Response to Glucocorticoid,,0.6803401563427808,1,0,0.16727389452025884
GO:0051968,"Positive Regulation of Synaptic Transmission, Glutamatergic",,0.6803401563427808,1,0,0.16727389452025884
GO:0060291,Long-Term Synaptic Potentiation,,0.6803401563427808,1,0,0.16727389452025884
GO:0071347,Cellular Response to Interleukin-1,,0.6803401563427808,1,0,0.16727389452025884
GO:0140052,Cellular Response to Oxidised Low-Density Lipoprotein Particle Stimulus,,0.6803401563427808,1,0,0.16727389452025884
GO:0140131,Positive Regulation of Lymphocyte Chemotaxis,,0.6803401563427808,1,0,0.16727389452025884
GO:2001243,Negative Regulation of Intrinsic Apoptotic Signaling Pathway,,0.6803401563427808,1,0,0.16727389452025884
GO:0032647,Regulation of Interferon-Alpha Production,,0.6805774752983063,1,0,0.16712242861007562
GO:1902743,Regulation of Lamellipodium Organization,,0.6823103738249465,1,0,0.1660180256705831
GO:1903170,Negative Regulation of Calcium Ion Transmembrane Transport,,0.6840743809100456,1,0,0.16489667391946256
GO:0030865,Cortical Cytoskeleton Organization,,0.6846341942534685,1,0,0.16454141369254016
GO:0051865,Protein Autoubiquitination,,0.6846341942534685,1,0,0.16454141369254016
GO:0046596,Regulation of Viral Entry Into Host Cell,,0.6849697039495972,1,0,0.16432863682652865
GO:0050860,Negative Regulation of T Cell Receptor Signaling Pathway,,0.6854039673513944,1,0,0.16405338605463204
GO:0007266,Rho Protein Signal Transduction,,0.6855615255615254,1,0,0.16395356346698353
GO:0071675,Regulation of Mononuclear Cell Migration,,0.6855615255615254,1,0,0.16395356346698353
GO:0006796,Phosphate-Containing Compound Metabolic Process,,0.6860643770575563,1,0,0.16363513022755594
GO:0010508,Positive Regulation of Autophagy,,0.6860643770575563,1,0,0.16363513022755594
GO:0030073,Insulin Secretion,,0.6860643770575563,1,0,0.16363513022755594
GO:0032770,Positive Regulation of Monooxygenase Activity,,0.6860643770575563,1,0,0.16363513022755594
GO:0042088,T-helper 1 Type Immune Response,,0.6860643770575563,1,0,0.16363513022755594
GO:0045639,Positive Regulation of Myeloid Cell Differentiation,,0.6860643770575563,1,0,0.16363513022755594
GO:0060348,Bone Development,,0.6860643770575563,1,0,0.16363513022755594
GO:2000243,Positive Regulation of Reproductive Process,,0.6860643770575563,1,0,0.16363513022755594
GO:0003158,Endothelium Development,,0.6876042721178933,1,0,0.16266143368442762
GO:0048661,Positive Regulation of Smooth Muscle Cell Proliferation,,0.6877879412683598,1,0,0.16254544277181188
GO:0010988,Regulation of Low-Density Lipoprotein Particle Clearance,,0.6879032044635075,1,0,0.16247266746916986
GO:0045648,Positive Regulation of Erythrocyte Differentiation,,0.6885178202821598,1,0,0.16208481481148293
GO:0050930,Induction of Positive Chemotaxis,,0.6894221746592789,1,0,0.1615147520025045
GO:1901185,Negative Regulation of ERBB Signaling Pathway,,0.6894221746592789,1,0,0.1615147520025045
GO:0002862,Negative Regulation of Inflammatory Response to Antigenic Stimulus,,0.6904005149481015,1,0,0.16089889336608618
GO:0071451,Cellular Response to Superoxide,,0.6904005149481015,1,0,0.16089889336608618
GO:0010765,Positive Regulation of Sodium Ion Transport,,0.6907486393637257,1,0,0.1606799618836303
GO:0030072,Peptide Hormone Secretion,,0.6907486393637257,1,0,0.1606799618836303
GO:0060675,Ureteric Bud Morphogenesis,,0.6907486393637257,1,0,0.1606799618836303
GO:0090287,Regulation of Cellular Response to Growth Factor Stimulus,,0.6907486393637257,1,0,0.1606799618836303
GO:0001678,Intracellular Glucose Homeostasis,,0.6909166561392409,1,0,0.16057433751994302
GO:0002709,Regulation of T Cell Mediated Immunity,,0.6914554995570716,1,0,0.16023576482247986
GO:0043627,Response to Estrogen,,0.6919848007031996,1,0,0.15990344462304446
GO:1904951,Positive Regulation of Establishment of Protein Localization,,0.6920401047088172,1,0,0.15986873683074138
GO:2001222,Regulation of Neuron Migration,,0.6921436854813714,1,0,0.159803738875478
GO:1900044,Regulation of Protein K63-linked Ubiquitination,,0.6923631553911571,1,0,0.15966605147842328
GO:0006099,Tricarboxylic Acid Cycle,,0.6924381230247393,1,0,0.15961902952642865
GO:0010001,Glial Cell Differentiation,,0.6925399363863948,1,0,0.15955517727847396
GO:0010558,Negative Regulation of Macromolecule Biosynthetic Process,,0.6925399363863948,1,0,0.15955517727847396
GO:0060390,Regulation of SMAD Protein Signal Transduction,,0.6927342605991074,1,0,0.15943333290424322
GO:0034454,Microtubule Anchoring at Centrosome,,0.69427916139398,1,0,0.15846586978222205
GO:1904645,Response to Amyloid-Beta,,0.6946534857969564,1,0,0.1582317806391393
GO:2001026,Regulation of Endothelial Cell Chemotaxis,,0.6946534857969564,1,0,0.1582317806391393
GO:0071870,Cellular Response to Catecholamine Stimulus,,0.6952206688072651,1,0,0.1578773248569897
GO:0001947,Heart Looping,,0.6969109907660211,1,0,0.15682268630318127
GO:0002888,Positive Regulation of Myeloid Leukocyte Mediated Immunity,,0.6969109907660211,1,0,0.15682268630318127
GO:0003229,Ventricular Cardiac Muscle Tissue Development,,0.6969109907660211,1,0,0.15682268630318127
GO:0010875,Positive Regulation of Cholesterol Efflux,,0.6969109907660211,1,0,0.15682268630318127
GO:0060317,Cardiac Epithelial to Mesenchymal Transition,,0.6969109907660211,1,0,0.15682268630318127
GO:0090150,Establishment of Protein Localization to Membrane,,0.6969109907660211,1,0,0.15682268630318127
GO:0010614,Negative Regulation of Cardiac Muscle Hypertrophy,,0.6970618255498809,1,0,0.15672870066185698
GO:0060972,Left/Right Pattern Formation,,0.6970618255498809,1,0,0.15672870066185698
GO:0006054,N-acetylneuraminate Metabolic Process,,0.6976028683416774,1,0,0.15639174237823902
GO:0032374,Regulation of Cholesterol Transport,,0.6977986095738048,1,0,0.15626990025767823
GO:0007411,Axon Guidance,,0.697985630235114,1,0,0.15615351831356677
GO:1901524,Regulation of Mitophagy,,0.697985630235114,1,0,0.15615351831356677
GO:0010594,Regulation of Endothelial Cell Migration,,0.6981223018619319,1,0,0.15606848802015638
GO:2001224,Positive Regulation of Neuron Migration,,0.6981223018619319,1,0,0.15606848802015638
GO:0006811,Monoatomic Ion Transport,,0.6999490663516174,1,0,0.15493356142464865
GO:0035337,fatty-acyl-CoA Metabolic Process,,0.6999490663516174,1,0,0.15493356142464865
GO:0050919,Negative Chemotaxis,,0.6999490663516174,1,0,0.15493356142464865
GO:0060759,Regulation of Response to Cytokine Stimulus,,0.6999490663516174,1,0,0.15493356142464865
GO:0061178,Regulation of Insulin Secretion Involved in Cellular Response to Glucose Stimulus,,0.6999490663516174,1,0,0.15493356142464865
GO:2000378,Negative Regulation of Reactive Oxygen Species Metabolic Process,,0.6999490663516174,1,0,0.15493356142464865
GO:0001919,Regulation of Receptor Recycling,,0.7022976077613459,1,0,0.1534788109199176
GO:0050433,Regulation of Catecholamine Secretion,,0.7022976077613459,1,0,0.1534788109199176
GO:0030511,Positive Regulation of Transforming Growth Factor Beta Receptor Signaling Pathway,,0.7028846879941928,1,0,0.1531159174773157
GO:0044827,Modulation by Host of Viral Genome Replication,,0.7028846879941928,1,0,0.1531159174773157
GO:0045921,Positive Regulation of Exocytosis,,0.7028846879941928,1,0,0.1531159174773157
GO:0051495,Positive Regulation of Cytoskeleton Organization,,0.7028846879941928,1,0,0.1531159174773157
GO:0051960,Regulation of Nervous System Development,,0.7028846879941928,1,0,0.1531159174773157
GO:1903846,Positive Regulation of Cellular Response to Transforming Growth Factor Beta Stimulus,,0.7028846879941928,1,0,0.1531159174773157
GO:0061462,Protein Localization to Lysosome,,0.7039665717769839,1,0,0.15244796307021793
GO:0010885,Regulation of Cholesterol Storage,,0.7045970558335527,1,0,0.15205917585519252
GO:2001046,Positive Regulation of Integrin-Mediated Signaling Pathway,,0.7054601450662417,1,0,0.15152751666048794
GO:0010640,Regulation of Platelet-Derived Growth Factor Receptor Signaling Pathway,,0.7056706991377626,1,0,0.1513979149691097
GO:0051480,Regulation of Cytosolic Calcium Ion Concentration,,0.7059920118866242,1,0,0.15120021284789364
GO:0032328,Alanine Transport,,0.7068409840005644,1,0,0.15067827720535887
GO:0050775,Positive Regulation of Dendrite Morphogenesis,,0.7068409840005644,1,0,0.15067827720535887
GO:0039532,Negative Regulation of Cytoplasmic Pattern Recognition Receptor Signaling Pathway,,0.7071228680283286,1,0,0.1505051176451045
GO:0001573,Ganglioside Metabolic Process,,0.7072672148639697,1,0,0.15041647302694003
GO:0016486,Peptide Hormone Processing,,0.7072672148639697,1,0,0.15041647302694003
GO:0071498,Cellular Response to Fluid Shear Stress,,0.707653710034136,1,0,0.15017921210174406
GO:0019217,Regulation of Fatty Acid Metabolic Process,,0.7078913252699787,1,0,0.15003340962405787
GO:0045780,Positive Regulation of Bone Resorption,,0.7078913252699787,1,0,0.15003340962405787
GO:1990868,Response to Chemokine,,0.7078913252699787,1,0,0.15003340962405787
GO:2001198,Regulation of Dendritic Cell Differentiation,,0.7084653661340716,1,0,0.14968137571222478
GO:0007176,Regulation of Epidermal Growth Factor-Activated Receptor Activity,,0.7089489442190677,1,0,0.14938503991189103
GO:0051881,Regulation of Mitochondrial Membrane Potential,,0.7089489442190677,1,0,0.14938503991189103
GO:0071379,Cellular Response to Prostaglandin Stimulus,,0.7089489442190677,1,0,0.14938503991189103
GO:0110053,Regulation of Actin Filament Organization,,0.7089489442190677,1,0,0.14938503991189103
GO:1901342,Regulation of Vasculature Development,,0.7089489442190677,1,0,0.14938503991189103
GO:0015701,Bicarbonate Transport,,0.7091047152134179,1,0,0.1492896267614662
GO:0030030,Cell Projection Organization,,0.7091047152134179,1,0,0.1492896267614662
GO:0038066,p38MAPK Cascade,,0.7091047152134179,1,0,0.1492896267614662
GO:0090280,Positive Regulation of Calcium Ion Import,,0.7091047152134179,1,0,0.1492896267614662
GO:1901526,Positive Regulation of Mitophagy,,0.7091047152134179,1,0,0.1492896267614662
GO:0044790,Suppression of Viral Release by Host,,0.7108007422979652,1,0,0.14825212732742563
GO:0071621,Granulocyte Chemotaxis,,0.7108007422979652,1,0,0.14825212732742563
GO:0071363,Cellular Response to Growth Factor Stimulus,,0.711547872694449,1,0,0.14779587541438857
GO:0043388,Positive Regulation of DNA Binding,,0.711728186184216,1,0,0.14768583470436752
GO:0005980,Glycogen Catabolic Process,,0.7124243930633108,1,0,0.14726121892324137
GO:0046473,Phosphatidic Acid Metabolic Process,,0.7133436273983861,1,0,0.1467012141414185
GO:0002082,Regulation of Oxidative Phosphorylation,,0.7140355195989615,1,0,0.14628018376704582
GO:0010591,Regulation of Lamellipodium Assembly,,0.714532996224686,1,0,0.14597771124330167
GO:0061097,Regulation of Protein Tyrosine Kinase Activity,,0.714532996224686,1,0,0.14597771124330167
GO:0141005,Transposable Element Silencing by Heterochromatin Formation,,0.714532996224686,1,0,0.14597771124330167
GO:0031365,N-terminal Protein Amino Acid Modification,,0.714793635589496,1,0,0.14581932303917966
GO:0006829,Zinc Ion Transport,,0.7158834058742657,1,0,0.1451577043802713
GO:0007194,Negative Regulation of Adenylate Cyclase Activity,,0.7158834058742657,1,0,0.1451577043802713
GO:0051926,Negative Regulation of Calcium Ion Transport,,0.7158834058742657,1,0,0.1451577043802713
GO:1904292,Regulation of ERAD Pathway,,0.7158834058742657,1,0,0.1451577043802713
GO:0034497,Protein Localization to Phagophore Assembly Site,,0.716170978253892,1,0,0.14498328209480166
GO:0002861,Regulation of Inflammatory Response to Antigenic Stimulus,,0.7164085552388089,1,0,0.14483923651532735
GO:0009896,Positive Regulation of Catabolic Process,,0.716656288538001,1,0,0.1446890839156571
GO:0010935,Regulation of Macrophage Cytokine Production,,0.7170537989698754,1,0,0.14444825894973135
GO:0030033,Microvillus Assembly,,0.7188111856925133,1,0,0.14338517328991837
GO:0007214,Gamma-Aminobutyric Acid Signaling Pathway,,0.7207722586076881,1,0,0.14220193701990827
GO:0048546,Digestive Tract Morphogenesis,,0.7210395145179186,1,0,0.14204093435567447
GO:0035235,Ionotropic Glutamate Receptor Signaling Pathway,,0.7211557213537954,1,0,0.14197094662248183
GO:0009855,Determination of Bilateral Symmetry,,0.721443894407711,1,0,0.1417974376773164
GO:0042044,Fluid Transport,,0.721443894407711,1,0,0.1417974376773164
GO:0001889,Liver Development,,0.7218821944543425,1,0,0.14153367012126622
GO:0033628,Regulation of Cell Adhesion Mediated by Integrin,,0.7218821944543425,1,0,0.14153367012126622
GO:0060037,Pharyngeal System Development,,0.7218821944543425,1,0,0.14153367012126622
GO:0072522,Purine-Containing Compound Biosynthetic Process,,0.7218821944543425,1,0,0.14153367012126622
GO:1900119,Positive Regulation of Execution Phase of Apoptosis,,0.7218821944543425,1,0,0.14153367012126622
GO:1901222,Regulation of Non-Canonical NF-kappaB Signal Transduction,,0.7218821944543425,1,0,0.14153367012126622
GO:1902992,Negative Regulation of Amyloid Precursor Protein Catabolic Process,,0.7218821944543425,1,0,0.14153367012126622
GO:1903978,Regulation of Microglial Cell Activation,,0.722214569157636,1,0,0.14133375484446378
GO:0001516,Prostaglandin Biosynthetic Process,,0.7228852118851092,1,0,0.1409306595556812
GO:0035050,Embryonic Heart Tube Development,,0.7228852118851092,1,0,0.1409306595556812
GO:0032656,Regulation of Interleukin-13 Production,,0.7232338566205708,1,0,0.1407212515048688
GO:0036508,"Protein Alpha-1,2-Demannosylation",,0.7232338566205708,1,0,0.1407212515048688
GO:0035994,Response to Muscle Stretch,,0.7233103089618095,1,0,0.1406753450876996
GO:0048709,Oligodendrocyte Differentiation,,0.7233402232813717,1,0,0.14065738411699097
GO:1990928,Response to Amino Acid Starvation,,0.7233402232813717,1,0,0.14065738411699097
GO:0007179,Transforming Growth Factor Beta Receptor Signaling Pathway,,0.7238163965039149,1,0,0.14037158310883951
GO:0050687,Negative Regulation of Defense Response to Virus,,0.7238163965039149,1,0,0.14037158310883951
GO:0006984,ER-nucleus Signaling Pathway,,0.723864073096844,1,0,0.14034297778927168
GO:0035601,Protein Deacylation,,0.723864073096844,1,0,0.14034297778927168
GO:0043010,Camera-Type Eye Development,,0.7242263944151246,1,0,0.14012565137767094
GO:1903747,Regulation of Establishment of Protein Localization to Mitochondrion,,0.7244257490272831,1,0,0.14000612149751188
GO:0030098,Lymphocyte Differentiation,,0.7249770501908436,1,0,0.13967574119898224
GO:0150077,Regulation of Neuroinflammatory Response,,0.7249770501908436,1,0,0.13967574119898224
GO:1903543,Positive Regulation of Exosomal Secretion,,0.7249770501908436,1,0,0.13967574119898224
GO:1904377,Positive Regulation of Protein Localization to Cell Periphery,,0.7249770501908436,1,0,0.13967574119898224
GO:1903844,Regulation of Cellular Response to Transforming Growth Factor Beta Stimulus,,0.7254942081024499,1,0,0.13936605035124378
GO:0006163,Purine Nucleotide Metabolic Process,,0.7264817605711069,1,0,0.13877528485220664
GO:0043244,Regulation of Protein-Containing Complex Disassembly,,0.7274495503873736,1,0,0.13819712020886465
GO:0002429,Immune Response-Activating Cell Surface Receptor Signaling Pathway,,0.7280551888930419,1,0,0.1378356985396366
GO:0030194,Positive Regulation of Blood Coagulation,,0.7280551888930419,1,0,0.1378356985396366
GO:0032365,Intracellular Lipid Transport,,0.7286220700819822,1,0,0.13749767804379515
GO:0006937,Regulation of Muscle Contraction,,0.7287040644004141,1,0,0.13744880815909685
GO:0007129,Homologous Chromosome Pairing at Meiosis,,0.7287040644004141,1,0,0.13744880815909685
GO:1903426,Regulation of Reactive Oxygen Species Biosynthetic Process,,0.7287040644004141,1,0,0.13744880815909685
GO:0034762,Regulation of Transmembrane Transport,,0.7288159297290985,1,0,0.13738214355723208
GO:2000242,Negative Regulation of Reproductive Process,,0.7288159297290985,1,0,0.13738214355723208
GO:0001843,Neural Tube Closure,,0.7301340430612621,1,0,0.13659740177291793
GO:0001960,Negative Regulation of Cytokine-Mediated Signaling Pathway,,0.7304533869163095,1,0,0.1364074928726491
GO:0006285,"Base-Excision Repair, AP Site Formation",,0.7304533869163095,1,0,0.1364074928726491
GO:0032868,Response to Insulin,,0.7304533869163095,1,0,0.1364074928726491
GO:0043517,"Positive Regulation of DNA Damage Response, Signal Transduction by P53 Class Mediator",,0.7304972038943014,1,0,0.13638144206452324
GO:0032495,Response to Muramyl Dipeptide,,0.7306400584429917,1,0,0.13629652062146946
GO:0034393,Positive Regulation of Smooth Muscle Cell Apoptotic Process,,0.7311224598513851,1,0,0.13600987450117122
GO:0071616,acyl-CoA Biosynthetic Process,,0.7311224598513851,1,0,0.13600987450117122
GO:0090026,Positive Regulation of Monocyte Chemotaxis,,0.7311224598513851,1,0,0.13600987450117122
GO:0090278,Negative Regulation of Peptide Hormone Secretion,,0.7311224598513851,1,0,0.13600987450117122
GO:0051146,Striated Muscle Cell Differentiation,,0.7311942049197584,1,0,0.13596725926184047
GO:0051252,Regulation of RNA Metabolic Process,,0.7311942049197584,1,0,0.13596725926184047
GO:0060271,Cilium Assembly,,0.7311942049197584,1,0,0.13596725926184047
GO:0061371,Determination of Heart Left/Right Asymmetry,,0.7311942049197584,1,0,0.13596725926184047
GO:0141176,Gene Silencing by piRNA-directed DNA Methylation,,0.7311942049197584,1,0,0.13596725926184047
GO:0141196,Transposable Element Silencing by piRNA-mediated DNA Methylation,,0.7311942049197584,1,0,0.13596725926184047
GO:0036065,Fucosylation,,0.7314144365766274,1,0,0.13583647185729783
GO:0000271,Polysaccharide Biosynthetic Process,,0.7327668896604534,1,0,0.1350341626516535
GO:0030316,Osteoclast Differentiation,,0.7332528971239272,1,0,0.13474621242180598
GO:0002275,Myeloid Cell Activation Involved in Immune Response,,0.7336635806407535,1,0,0.1345030389452929
GO:0005513,Detection of Calcium Ion,,0.7336635806407535,1,0,0.1345030389452929
GO:0007162,Negative Regulation of Cell Adhesion,,0.7336635806407535,1,0,0.1345030389452929
GO:0007213,G Protein-Coupled Acetylcholine Receptor Signaling Pathway,,0.7336635806407535,1,0,0.1345030389452929
GO:0032528,Microvillus Organization,,0.7336635806407535,1,0,0.1345030389452929
GO:0097699,Vascular Endothelial Cell Response to Fluid Shear Stress,,0.7336635806407535,1,0,0.1345030389452929
GO:2001028,Positive Regulation of Endothelial Cell Chemotaxis,,0.7340955736180464,1,0,0.13424739458956572
GO:0045596,Negative Regulation of Cell Differentiation,,0.7350728671446075,1,0,0.13366960754131152
GO:0042311,Vasodilation,,0.7356753375628132,1,0,0.13331380279929755
GO:0098662,Inorganic Cation Transmembrane Transport,,0.7359745141103649,1,0,0.13313722448434206
GO:0046326,Positive Regulation of D-glucose Import,,0.7374051446221942,1,0,0.13229383679603127
GO:0061709,Reticulophagy,,0.7374051446221942,1,0,0.13229383679603127
GO:2000811,Negative Regulation of Anoikis,,0.7374051446221942,1,0,0.13229383679603127
GO:0017156,Calcium-Ion Regulated Exocytosis,,0.7375332793327531,1,0,0.1322183784623514
GO:0051966,"Regulation of Synaptic Transmission, Glutamatergic",,0.7379475469310034,1,0,0.13197450658888957
GO:0006623,Protein Targeting to Vacuole,,0.738680841037068,1,0,0.13154316501012797
GO:0001774,Microglial Cell Activation,,0.7413004460489081,1,0,0.1300057385582512
GO:0044088,Regulation of Vacuole Organization,,0.7413197812449087,1,0,0.12999441108709509
GO:0048592,Eye Morphogenesis,,0.7413197812449087,1,0,0.12999441108709509
GO:0097192,Extrinsic Apoptotic Signaling Pathway in Absence of Ligand,,0.7413197812449087,1,0,0.12999441108709509
GO:0002637,Regulation of Immunoglobulin Production,,0.7413308895577353,1,0,0.12998790344634203
GO:0007254,JNK Cascade,,0.7413308895577353,1,0,0.12998790344634203
GO:0015813,L-glutamate Transmembrane Transport,,0.7413308895577353,1,0,0.12998790344634203
GO:0033081,Regulation of T Cell Differentiation in Thymus,,0.7413308895577353,1,0,0.12998790344634203
GO:0046339,Diacylglycerol Metabolic Process,,0.7413308895577353,1,0,0.12998790344634203
GO:0051016,Barbed-End Actin Filament Capping,,0.7413308895577353,1,0,0.12998790344634203
GO:0051693,Actin Filament Capping,,0.7413308895577353,1,0,0.12998790344634203
GO:0051938,L-glutamate Import,,0.7413308895577353,1,0,0.12998790344634203
GO:0070665,Positive Regulation of Leukocyte Proliferation,,0.7413308895577353,1,0,0.12998790344634203
GO:0071470,Cellular Response to Osmotic Stress,,0.7413308895577353,1,0,0.12998790344634203
GO:0075509,Endocytosis Involved in Viral Entry Into Host Cell,,0.7413308895577353,1,0,0.12998790344634203
GO:0002719,Negative Regulation of Cytokine Production Involved in Immune Response,,0.741572595085867,1,0,0.12984632797750031
GO:0032366,Intracellular Sterol Transport,,0.741572595085867,1,0,0.12984632797750031
GO:0034333,Adherens Junction Assembly,,0.741572595085867,1,0,0.12984632797750031
GO:0046058,cAMP Metabolic Process,,0.741572595085867,1,0,0.12984632797750031
GO:0055006,Cardiac Cell Development,,0.741572595085867,1,0,0.12984632797750031
GO:0090279,Regulation of Calcium Ion Import,,0.741572595085867,1,0,0.12984632797750031
GO:0050765,Negative Regulation of Phagocytosis,,0.7416042466844449,1,0,0.12982779193483737
GO:0060334,Regulation of Type II Interferon-Mediated Signaling Pathway,,0.7416042466844449,1,0,0.12982779193483737
GO:0071786,Endoplasmic Reticulum Tubular Network Organization,,0.7416042466844449,1,0,0.12982779193483737
GO:1990253,Cellular Response to Leucine Starvation,,0.7438669232232871,1,0,0.12850475219493726
GO:0016137,Glycoside Metabolic Process,,0.7445743380780587,1,0,0.12809193591664142
GO:0050769,Positive Regulation of Neurogenesis,,0.7453252421758939,1,0,0.12765417012616434
GO:1902893,Regulation of miRNA Transcription,,0.7453252421758939,1,0,0.12765417012616434
GO:0035627,Ceramide Transport,,0.7455722922992116,1,0,0.12751024003866815
GO:0042267,Natural Killer Cell Mediated Cytotoxicity,,0.7457182446634824,1,0,0.12742523137663375
GO:0022607,Cellular Component Assembly,,0.7458228294864135,1,0,0.12736432710473475
GO:0042059,Negative Regulation of Epidermal Growth Factor Receptor Signaling Pathway,,0.7467924934193176,1,0,0.12680005612594936
GO:0043032,Positive Regulation of Macrophage Activation,,0.7467924934193176,1,0,0.12680005612594936
GO:0046580,Negative Regulation of Ras Protein Signal Transduction,,0.746799652406609,1,0,0.12679589286265777
GO:0055001,Muscle Cell Development,,0.7483373476250351,1,0,0.1259025796965002
GO:0032091,Negative Regulation of Protein Binding,,0.7490764586466433,1,0,0.12547385136112366
GO:0002687,Positive Regulation of Leukocyte Migration,,0.749901988124981,1,0,0.1249954950056877
GO:0003203,Endocardial Cushion Morphogenesis,,0.749901988124981,1,0,0.1249954950056877
GO:0010632,Regulation of Epithelial Cell Migration,,0.749901988124981,1,0,0.1249954950056877
GO:0045742,Positive Regulation of Epidermal Growth Factor Receptor Signaling Pathway,,0.749901988124981,1,0,0.1249954950056877
GO:0098586,Cellular Response to Virus,,0.749901988124981,1,0,0.1249954950056877
GO:1903305,Regulation of Regulated Secretory Pathway,,0.749901988124981,1,0,0.1249954950056877
GO:0035720,Intraciliary Anterograde Transport,,0.7513621124476338,1,0,0.1241507080878793
GO:0043516,"Regulation of DNA Damage Response, Signal Transduction by P53 Class Mediator",,0.7513621124476338,1,0,0.1241507080878793
GO:0060537,Muscle Tissue Development,,0.751997429355931,1,0,0.1237836440073502
GO:1902042,Negative Regulation of Extrinsic Apoptotic Signaling Pathway via Death Domain Receptors,,0.751997429355931,1,0,0.1237836440073502
GO:0048041,Focal Adhesion Assembly,,0.7520843729336322,1,0,0.12373343514767628
GO:0010635,Regulation of Mitochondrial Fusion,,0.7522328229799403,1,0,0.12364772046418489
GO:0043269,Regulation of Monoatomic Ion Transport,,0.7522328229799403,1,0,0.12364772046418489
GO:0046323,D-glucose Import,,0.7522328229799403,1,0,0.12364772046418489
GO:0051281,Positive Regulation of Release of Sequestered Calcium Ion Into Cytosol,,0.7522328229799403,1,0,0.12364772046418489
GO:0065002,Intracellular Protein Transmembrane Transport,,0.7523017266660141,1,0,0.12360794139673495
GO:0045807,Positive Regulation of Endocytosis,,0.7523614843288059,1,0,0.12357344540716611
GO:0060339,Negative Regulation of Type I Interferon-Mediated Signaling Pathway,,0.7526426001179441,1,0,0.12341120393728551
GO:0006779,Porphyrin-Containing Compound Biosynthetic Process,,0.7535858249831706,1,0,0.12286727925643198
GO:2000404,Regulation of T Cell Migration,,0.7535858249831706,1,0,0.12286727925643198
GO:0051492,Regulation of Stress Fiber Assembly,,0.75369360652188,1,0,0.12280516877231881
GO:0060047,Heart Contraction,,0.7537533466111918,1,0,0.12277074661093375
GO:0051503,Adenine Nucleotide Transport,,0.7540079325945999,1,0,0.12262408507990802
GO:0070837,Dehydroascorbic Acid Transport,,0.7540079325945999,1,0,0.12262408507990802
GO:0010595,Positive Regulation of Endothelial Cell Migration,,0.7541715270604574,1,0,0.12252986794465179
GO:0038094,Fc-gamma Receptor Signaling Pathway,,0.7541715270604574,1,0,0.12252986794465179
GO:0051898,- Reg of Phosphatidylinositol 3-Kinase/Prot Kinase B Signal Transduction,,0.7541715270604574,1,0,0.12252986794465179
GO:1903670,Regulation of Sprouting Angiogenesis,,0.7541715270604574,1,0,0.12252986794465179
GO:0032735,Positive Regulation of Interleukin-12 Production,,0.754280666195132,1,0,0.1224670240252442
GO:0036314,Response to Sterol,,0.754280666195132,1,0,0.1224670240252442
GO:0043086,Negative Regulation of Catalytic Activity,,0.754280666195132,1,0,0.1224670240252442
GO:0050772,Positive Regulation of Axonogenesis,,0.754280666195132,1,0,0.1224670240252442
GO:0071468,Cellular Response to Acidic pH,,0.754280666195132,1,0,0.1224670240252442
GO:0140894,Endolysosomal Toll-Like Receptor Signaling Pathway,,0.754280666195132,1,0,0.1224670240252442
GO:1901019,Regulation of Calcium Ion Transmembrane Transporter Activity,,0.754280666195132,1,0,0.1224670240252442
GO:1905953,Negative Regulation of Lipid Localization,,0.754280666195132,1,0,0.1224670240252442
GO:0010332,Response to Gamma Radiation,,0.7547347369115623,1,0,0.12220566100391872
GO:0010721,Negative Regulation of Cell Development,,0.755841364934616,1,0,0.12156934413206905
GO:0070373,Negative Regulation of ERK1 and ERK2 Cascade,,0.7562734153847314,1,0,0.12132116570813287
GO:0086091,Regulation of Heart Rate by Cardiac Conduction,,0.7562734153847314,1,0,0.12132116570813287
GO:0051785,Positive Regulation of Nuclear Division,,0.7566892266113939,1,0,0.12108244927087648
GO:0010631,Epithelial Cell Migration,,0.7574719941508565,1,0,0.12063341960531056
GO:0106070,Regulation of Adenylate Cyclase-Activating G Protein-Coupled Receptor Signaling Pathway,,0.7574719941508565,1,0,0.12063341960531056
GO:0140448,Signaling Receptor Ligand Precursor Processing,,0.7574719941508565,1,0,0.12063341960531056
GO:0045672,Positive Regulation of Osteoclast Differentiation,,0.7604923791618331,1,0,0.11890513362222062
GO:0048499,Synaptic Vesicle Membrane Organization,,0.7604923791618331,1,0,0.11890513362222062
GO:1903055,Positive Regulation of Extracellular Matrix Organization,,0.7604923791618331,1,0,0.11890513362222062
GO:0045956,Positive Regulation of Calcium Ion-Dependent Exocytosis,,0.7628035448955103,1,0,0.11758729737094312
GO:0017158,Regulation of Calcium Ion-Dependent Exocytosis,,0.7629364565922799,1,0,0.11751163203271094
GO:0010759,Positive Regulation of Macrophage Chemotaxis,,0.7646487805283465,1,0,0.11653799975339928
GO:0071731,Response to Nitric Oxide,,0.7646487805283465,1,0,0.11653799975339928
GO:0048640,Negative Regulation of Developmental Growth,,0.7648821285030442,1,0,0.11640548626450888
GO:0032368,Regulation of Lipid Transport,,0.7653397511104404,1,0,0.11614572919037607
GO:1901224,Positive Regulation of Non-Canonical NF-kappaB Signal Transduction,,0.7656185346429699,1,0,0.11598756139143863
GO:0042060,Wound Healing,,0.7661216073973618,1,0,0.11570228881407711
GO:1904950,Negative Regulation of Establishment of Protein Localization,,0.76670218784964,1,0,0.11537329744590435
GO:1902254,Negative Regulation of Intrinsic Apoptotic Signaling Pathway by P53 Class Mediator,,0.7688981432026314,1,0,0.11413118786423619
GO:0061158,3'-UTR-mediated mRNA Destabilization,,0.7691908434343485,1,0,0.11396589431083912
GO:0001578,Microtubule Bundle Formation,,0.7701160499802251,1,0,0.11344382538799988
GO:0000422,Autophagy of Mitochondrion,,0.770596960302534,1,0,0.1131727084380449
GO:0009152,Purine Ribonucleotide Biosynthetic Process,,0.770596960302534,1,0,0.1131727084380449
GO:0043330,Response to Exogenous dsRNA,,0.770596960302534,1,0,0.1131727084380449
GO:0046546,Development of Primary Male Sexual Characteristics,,0.770596960302534,1,0,0.1131727084380449
GO:1900748,Positive Regulation of Vascular Endothelial Growth Factor Signaling Pathway,,0.770596960302534,1,0,0.1131727084380449
GO:0140354,Lipid Import Into Cell,,0.7711363804440731,1,0,0.11286880737517531
GO:1901071,Glucosamine-Containing Compound Metabolic Process,,0.7711363804440731,1,0,0.11286880737517531
GO:0045091,Reg of Single Stranded Viral RNA Replication via Double Stranded DNA Intermediate,,0.7727729612341486,1,0,0.11194808197589658
GO:1902807,Negative Regulation of Cell Cycle G1/S Phase Transition,,0.77284255446985,1,0,0.11190897269165839
GO:0051350,Negative Regulation of Lyase Activity,,0.7731558614964035,1,0,0.1117329472659772
GO:0002720,Positive Regulation of Cytokine Production Involved in Immune Response,,0.7735552348421401,1,0,0.11150867054805895
GO:0006002,Fructose 6-Phosphate Metabolic Process,,0.7735552348421401,1,0,0.11150867054805895
GO:0008064,Regulation of Actin Polymerization or Depolymerization,,0.7735552348421401,1,0,0.11150867054805895
GO:0045143,Homologous Chromosome Segregation,,0.7735552348421401,1,0,0.11150867054805895
GO:0089718,Amino Acid Import Across Plasma Membrane,,0.7735552348421401,1,0,0.11150867054805895
GO:0090141,Positive Regulation of Mitochondrial Fission,,0.7735552348421401,1,0,0.11150867054805895
GO:1901184,Regulation of ERBB Signaling Pathway,,0.7735552348421401,1,0,0.11150867054805895
GO:2001236,Regulation of Extrinsic Apoptotic Signaling Pathway,,0.7735552348421401,1,0,0.11150867054805895
GO:0001817,Regulation of Cytokine Production,,0.7735907402383436,1,0,0.11148873733180133
GO:0010560,Positive Regulation of Glycoprotein Biosynthetic Process,,0.7740578056434828,1,0,0.1112266055515108
GO:0014812,Muscle Cell Migration,,0.7740578056434828,1,0,0.1112266055515108
GO:0032869,Cellular Response to Insulin Stimulus,,0.7740578056434828,1,0,0.1112266055515108
GO:0051258,Protein Polymerization,,0.7740578056434828,1,0,0.1112266055515108
GO:0071901,Negative Regulation of Protein Serine/Threonine Kinase Activity,,0.7740578056434828,1,0,0.1112266055515108
GO:0018146,Keratan Sulfate Proteoglycan Biosynthetic Process,,0.7752425020180554,1,0,0.11056242547493933
GO:1902358,Sulfate Transmembrane Transport,,0.7755248271248759,1,0,0.11040429441937052
GO:1902644,Tertiary Alcohol Metabolic Process,,0.7756998774077896,1,0,0.11030627719204612
GO:0046006,Regulation of Activated T Cell Proliferation,,0.7758809544310586,1,0,0.11020490863844126
GO:0097581,Lamellipodium Organization,,0.7767970729410978,1,0,0.10969241956751352
GO:0046598,Positive Regulation of Viral Entry Into Host Cell,,0.7774694085058081,1,0,0.10931669037636256
GO:0075294,Positive Regulation by Symbiont of Entry Into Host,,0.7774694085058081,1,0,0.10931669037636256
GO:0120192,Tight Junction Assembly,,0.7774694085058081,1,0,0.10931669037636256
GO:1901880,Negative Regulation of Protein Depolymerization,,0.7774694085058081,1,0,0.10931669037636256
GO:1903236,Regulation of Leukocyte Tethering or Rolling,,0.7774694085058081,1,0,0.10931669037636256
GO:0052547,Regulation of Peptidase Activity,,0.7775557638722087,1,0,0.10926845493964393
GO:0045649,Regulation of Macrophage Differentiation,,0.7778038823180136,1,0,0.10912989345253132
GO:0110020,Regulation of Actomyosin Structure Organization,,0.7781803672984899,1,0,0.10891973020342208
GO:0009223,Pyrimidine Deoxyribonucleotide Catabolic Process,,0.778198586122035,1,0,0.10890956258387756
GO:0051279,Regulation of Release of Sequestered Calcium Ion Into Cytosol,,0.778198586122035,1,0,0.10890956258387756
GO:0071383,Cellular Response to Steroid Hormone Stimulus,,0.7783257298115888,1,0,0.10883861245179212
GO:0009306,Protein Secretion,,0.7784240684514799,1,0,0.1087837443814483
GO:1902653,Secondary Alcohol Biosynthetic Process,,0.7784240684514799,1,0,0.1087837443814483
GO:0031146,SCF-dependent Proteasomal Ubiquitin-Dependent Protein Catabolic Process,,0.779632039589113,1,0,0.10811032151589095
GO:0014912,Negative Regulation of Smooth Muscle Cell Migration,,0.779899824818967,1,0,0.10796117720988742
GO:0032481,Positive Regulation of Type I Interferon Production,,0.779899824818967,1,0,0.10796117720988742
GO:0039535,Regulation of RIG-I Signaling Pathway,,0.7801098247503488,1,0,0.10784425253320319
GO:0043409,Negative Regulation of MAPK Cascade,,0.7820572216938577,1,0,0.10676146924614699
GO:0048813,Dendrite Morphogenesis,,0.7820572216938577,1,0,0.10676146924614699
GO:0048568,Embryonic Organ Development,,0.7824564096297488,1,0,0.10653984749982147
GO:0001935,Endothelial Cell Proliferation,,0.7830059030625207,1,0,0.1062349637941443
GO:0010881,Reg of Cardiac Muscle Contraction by Reg of the Release of Sequestered Calcium Ion,,0.7830059030625207,1,0,0.1062349637941443
GO:0043543,Protein Acylation,,0.7830059030625207,1,0,0.1062349637941443
GO:0044828,Negative Regulation by Host of Viral Genome Replication,,0.7830059030625207,1,0,0.1062349637941443
GO:0045923,Positive Regulation of Fatty Acid Metabolic Process,,0.7830059030625207,1,0,0.1062349637941443
GO:0050796,Regulation of Insulin Secretion,,0.7830059030625207,1,0,0.1062349637941443
GO:0060606,Tube Closure,,0.7830059030625207,1,0,0.1062349637941443
GO:0070613,Regulation of Protein Processing,,0.7830059030625207,1,0,0.1062349637941443
GO:0090160,Golgi to Lysosome Transport,,0.7830059030625207,1,0,0.1062349637941443
GO:1902750,Negative Regulation of Cell Cycle G2/M Phase Transition,,0.7830059030625207,1,0,0.1062349637941443
GO:0090277,Positive Regulation of Peptide Hormone Secretion,,0.7831049178453983,1,0,0.106180048684289
GO:0045348,Positive Regulation of MHC Class II Biosynthetic Process,,0.7845638477686443,1,0,0.10537170777456914
GO:1903900,Regulation of Viral Life Cycle,,0.7846713675957387,1,0,0.10531219436674068
GO:1903076,Regulation of Protein Localization to Plasma Membrane,,0.7852778621003221,1,0,0.10497664564355139
GO:0002762,Negative Regulation of Myeloid Leukocyte Differentiation,,0.7857933931400252,1,0,0.10469162700664106
GO:0045926,Negative Regulation of Growth,,0.7857933931400252,1,0,0.10469162700664106
GO:1903578,Regulation of ATP Metabolic Process,,0.7857933931400252,1,0,0.10469162700664106
GO:0009150,Purine Ribonucleotide Metabolic Process,,0.7871836945117685,1,0,0.1039239103298958
GO:0060350,Endochondral Bone Morphogenesis,,0.7871836945117685,1,0,0.1039239103298958
GO:0086064,Cell Communication by Electrical Coupling Involved in Cardiac Conduction,,0.7871836945117685,1,0,0.1039239103298958
GO:0070972,Protein Localization to Endoplasmic Reticulum,,0.7872072488312714,1,0,0.10391091544952115
GO:0006693,Prostaglandin Metabolic Process,,0.7873561233182057,1,0,0.1038287906274809
GO:0009889,Regulation of Biosynthetic Process,,0.7873936345297533,1,0,0.10380810046752816
GO:0016311,Dephosphorylation,,0.7873936345297533,1,0,0.10380810046752816
GO:0042886,Amide Transport,,0.7873936345297533,1,0,0.10380810046752816
GO:0006878,Intracellular Copper Ion Homeostasis,,0.7879589023741643,1,0,0.10349643344645185
GO:0071637,Regulation of Monocyte Chemotactic Protein-1 Production,,0.7879589023741643,1,0,0.10349643344645185
GO:0051092,Positive Regulation of NF-kappaB Transcription Factor Activity,,0.7883969022991548,1,0,0.10325509078151701
GO:0001822,Kidney Development,,0.7885337138177795,1,0,0.10317973364513916
GO:0018022,Peptidyl-Lysine Methylation,,0.7885337138177795,1,0,0.10317973364513916
GO:0061515,Myeloid Cell Development,,0.7885337138177795,1,0,0.10317973364513916
GO:0086011,Membrane Repolarization During Action Potential,,0.7885337138177795,1,0,0.10317973364513916
GO:1901857,Positive Regulation of Cellular Respiration,,0.7885337138177795,1,0,0.10317973364513916
GO:0009117,Nucleotide Metabolic Process,,0.7887316271267428,1,0,0.10307074417304737
GO:0045589,Regulation of Regulatory T Cell Differentiation,,0.7895579308189288,1,0,0.10261599977602143
GO:0033143,Regulation of Intracellular Steroid Hormone Receptor Signaling Pathway,,0.7898658925987312,1,0,0.1024466391505614
GO:0000288,"Nuclear-Transcribed mRNA Catabolic Process, Deadenylation-Dependent Decay",,0.7898947811837562,1,0,0.10243075553821938
GO:0050862,Positive Regulation of T Cell Receptor Signaling Pathway,,0.7898947811837562,1,0,0.10243075553821938
GO:0006670,Sphingosine Metabolic Process,,0.790265800877248,1,0,0.10222681195128112
GO:0007369,Gastrulation,,0.790265800877248,1,0,0.10222681195128112
GO:0031623,Receptor Internalization,,0.790265800877248,1,0,0.10222681195128112
GO:0046486,Glycerolipid Metabolic Process,,0.790265800877248,1,0,0.10222681195128112
GO:0071624,Positive Regulation of Granulocyte Chemotaxis,,0.790265800877248,1,0,0.10222681195128112
GO:0003073,Regulation of Systemic Arterial Blood Pressure,,0.7917695899093233,1,0,0.10140118253859585
GO:0001738,Morphogenesis of a Polarized Epithelium,,0.7937941273274031,1,0,0.10029211842802059
GO:0002065,Columnar/Cuboidal Epithelial Cell Differentiation,,0.7937941273274031,1,0,0.10029211842802059
GO:0052548,Regulation of Endopeptidase Activity,,0.7937941273274031,1,0,0.10029211842802059
GO:0062125,Regulation of Mitochondrial Gene Expression,,0.7937941273274031,1,0,0.10029211842802059
GO:0086005,Ventricular Cardiac Muscle Cell Action Potential,,0.7937941273274031,1,0,0.10029211842802059
GO:0006942,Regulation of Striated Muscle Contraction,,0.7940133608543298,1,0,0.10017218964281684
GO:0019724,B Cell Mediated Immunity,,0.7940133608543298,1,0,0.10017218964281684
GO:0035025,Positive Regulation of Rho Protein Signal Transduction,,0.7940133608543298,1,0,0.10017218964281684
GO:0046902,Regulation of Mitochondrial Membrane Permeability,,0.7940133608543298,1,0,0.10017218964281684
GO:1901016,Regulation of Potassium Ion Transmembrane Transporter Activity,,0.7940133608543298,1,0,0.10017218964281684
GO:1903530,Regulation of Secretion by Cell,,0.7940133608543298,1,0,0.10017218964281684
GO:1903587,Reg of Blood Vessel Endothelial Cell Proliferation Inv in Sprouting Angiogenesis,,0.7940133608543298,1,0,0.10017218964281684
GO:0010605,Negative Regulation of Macromolecule Metabolic Process,,0.7942516428587393,1,0,0.10004187818951861
GO:0019233,Sensory Perception of Pain,,0.7942516428587393,1,0,0.10004187818951861
GO:1904659,D-glucose Transmembrane Transport,,0.7942516428587393,1,0,0.10004187818951861
GO:0070585,Protein Localization to Mitochondrion,,0.7951913175964839,1,0,0.09952837048765734
GO:0019430,Removal of Superoxide Radicals,,0.7964013161906961,1,0,0.09886803089741045
GO:1902895,Positive Regulation of miRNA Transcription,,0.7964013161906961,1,0,0.09886803089741045
GO:2000050,Regulation of Non-Canonical Wnt Signaling Pathway,,0.7964013161906961,1,0,0.09886803089741045
GO:0045879,Negative Regulation of Smoothened Signaling Pathway,,0.7968834524042039,1,0,0.09860519137547356
GO:0046676,Negative Regulation of Insulin Secretion,,0.7968985312714172,1,0,0.09859697360304125
GO:0090385,Phagosome-Lysosome Fusion,,0.7975463463227527,1,0,0.0982440701925523
GO:0090128,Regulation of Synapse Maturation,,0.799219914418897,1,0,0.09733370319237833
GO:0045582,Positive Regulation of T Cell Differentiation,,0.799559866831682,1,0,0.09714901301685983
GO:0090103,Cochlea Morphogenesis,,0.799563120128243,1,0,0.0971472459373344
GO:0007216,G Protein-Coupled Glutamate Receptor Signaling Pathway,,0.8001417538388848,1,0,0.0968330661875268
GO:0033625,Positive Regulation of Integrin Activation,,0.8001417538388848,1,0,0.0968330661875268
GO:0006835,Dicarboxylic Acid Transport,,0.8009500544062048,1,0,0.09639456477977304
GO:0030575,Nuclear Body Organization,,0.8009500544062048,1,0,0.09639456477977304
GO:0048245,Eosinophil Chemotaxis,,0.8009500544062048,1,0,0.09639456477977304
GO:0050708,Regulation of Protein Secretion,,0.8009500544062048,1,0,0.09639456477977304
GO:0072677,Eosinophil Migration,,0.8009500544062048,1,0,0.09639456477977304
GO:0141086,Negative Regulation of Inflammasome-Mediated Signaling Pathway,,0.8009500544062048,1,0,0.09639456477977304
GO:0006821,Chloride Transport,,0.8011535661898144,1,0,0.09628422978774996
GO:0019731,Antibacterial Humoral Response,,0.8014689678220307,1,0,0.09611328848708026
GO:0002758,Innate Immune Response-Activating Signaling Pathway,,0.801832348466592,1,0,0.0959164269117016
GO:0043467,Regulation of Generation of Precursor Metabolites and Energy,,0.8025092860271865,1,0,0.09554993356853185
GO:0030889,Negative Regulation of B Cell Proliferation,,0.804351878909163,1,0,0.0945539193648828
GO:0046434,Organophosphate Catabolic Process,,0.804351878909163,1,0,0.0945539193648828
GO:0046457,Prostanoid Biosynthetic Process,,0.804351878909163,1,0,0.0945539193648828
GO:0120033,Negative Regulation of Plasma Membrane Bounded Cell Projection Assembly,,0.804351878909163,1,0,0.0945539193648828
GO:0048477,Oogenesis,,0.804549221726088,1,0,0.09444738093709538
GO:0070723,Response to Cholesterol,,0.8050140555149172,1,0,0.09419653680072936
GO:0006026,Aminoglycan Catabolic Process,,0.8058999300845993,1,0,0.09371888190482182
GO:0050764,Regulation of Phagocytosis,,0.8058999300845993,1,0,0.09371888190482182
GO:0070542,Response to Fatty Acid,,0.8058999300845993,1,0,0.09371888190482182
GO:1900024,Regulation of Substrate Adhesion-Dependent Cell Spreading,,0.8058999300845993,1,0,0.09371888190482182
GO:0001952,Regulation of Cell-Matrix Adhesion,,0.8059967516531574,1,0,0.09366670849509773
GO:0010604,Positive Regulation of Macromolecule Metabolic Process,,0.8059967516531574,1,0,0.09366670849509773
GO:0010882,Regulation of Cardiac Muscle Contraction by Calcium Ion Signaling,,0.8059967516531574,1,0,0.09366670849509773
GO:0033674,Positive Regulation of Kinase Activity,,0.8059967516531574,1,0,0.09366670849509773
GO:0051150,Regulation of Smooth Muscle Cell Differentiation,,0.8059967516531574,1,0,0.09366670849509773
GO:0090092,Regulation of Transmembrane Receptor Protein Serine/Threonine Kinase Signaling Pathway,,0.8059967516531574,1,0,0.09366670849509773
GO:0150105,Protein Localization to Cell-Cell Junction,,0.8059967516531574,1,0,0.09366670849509773
GO:1901739,Regulation of Myoblast Fusion,,0.8059967516531574,1,0,0.09366670849509773
GO:0010447,Response to Acidic pH,,0.8068608984033833,1,0,0.09320133053557843
GO:0006783,Heme Biosynthetic Process,,0.8080584712159338,1,0,0.09255721248325867
GO:0048384,Retinoic Acid Receptor Signaling Pathway,,0.8080584712159338,1,0,0.09255721248325867
GO:0051900,Regulation of Mitochondrial Depolarization,,0.8081646670206376,1,0,0.0925001408438799
GO:0003143,Embryonic Heart Tube Morphogenesis,,0.808279110817513,1,0,0.0924386449722195
GO:0060255,Regulation of Macromolecule Metabolic Process,,0.808279110817513,1,0,0.0924386449722195
GO:0030516,Regulation of Axon Extension,,0.8095318381426406,1,0,0.0917660661721823
GO:0006739,NADP Metabolic Process,,0.81015388074236,1,0,0.09143248333114222
GO:0032007,Negative Regulation of TOR Signaling,,0.81015388074236,1,0,0.09143248333114222
GO:0044872,Lipoprotein Localization,,0.81015388074236,1,0,0.09143248333114222
GO:0050830,Defense Response to Gram-positive Bacterium,,0.81015388074236,1,0,0.09143248333114222
GO:0072657,Protein Localization to Membrane,,0.81015388074236,1,0,0.09143248333114222
GO:1990573,Potassium Ion Import Across Plasma Membrane,,0.81015388074236,1,0,0.09143248333114222
GO:0070286,Axonemal Dynein Complex Assembly,,0.8105497244293264,1,0,0.09122033753000305
GO:0016559,Peroxisome Fission,,0.8123318697608085,1,0,0.09026650799949783
GO:0033122,Negative Regulation of Purine Nucleotide Catabolic Process,,0.8126395298499686,1,0,0.09010205577510466
GO:0045820,Negative Regulation of Glycolytic Process,,0.8126395298499686,1,0,0.09010205577510466
GO:0060326,Cell Chemotaxis,,0.8126395298499686,1,0,0.09010205577510466
GO:0090101,- Reg of Transmembrane Receptor Prot Serine/Threonine Kinase Sgnlng Pway,,0.8126516838024708,1,0,0.09009556045357608
GO:0015908,Fatty Acid Transport,,0.8130386900789816,1,0,0.08988878713901896
GO:0032330,Regulation of Chondrocyte Differentiation,,0.8130386900789816,1,0,0.08988878713901896
GO:0033121,Regulation of Purine Nucleotide Catabolic Process,,0.8130386900789816,1,0,0.08988878713901896
GO:0090557,Establishment of Endothelial Intestinal Barrier,,0.8130386900789816,1,0,0.08988878713901896
GO:0070633,Transepithelial Transport,,0.8146726249367524,1,0,0.08901687683855995
GO:0099601,Regulation of Neurotransmitter Receptor Activity,,0.8146726249367524,1,0,0.08901687683855995
GO:0003197,Endocardial Cushion Development,,0.8147066069125308,1,0,0.08899876173769405
GO:0008611,Ether Lipid Biosynthetic Process,,0.8147066069125308,1,0,0.08899876173769405
GO:0090263,Positive Regulation of Canonical Wnt Signaling Pathway,,0.8147066069125308,1,0,0.08899876173769405
GO:0048169,Regulation of Long-Term Neuronal Synaptic Plasticity,,0.8150823549773891,1,0,0.08879850843145515
GO:1901201,Regulation of Extracellular Matrix Assembly,,0.8165116803595031,1,0,0.0880375982152548
GO:0014020,Primary Neural Tube Formation,,0.8176055558441148,1,0,0.0874561660544661
GO:0043922,Negative Regulation by Host of Viral Transcription,,0.8176055558441148,1,0,0.0874561660544661
GO:0051241,Negative Regulation of Multicellular Organismal Process,,0.8176055558441148,1,0,0.0874561660544661
GO:0061025,Membrane Fusion,,0.8176055558441148,1,0,0.0874561660544661
GO:0032479,Regulation of Type I Interferon Production,,0.8183487578766264,1,0,0.0870615724387929
GO:0060392,Negative Regulation of SMAD Protein Signal Transduction,,0.8183487578766264,1,0,0.0870615724387929
GO:0170036,Import Into the Mitochondrion,,0.8183487578766264,1,0,0.0870615724387929
GO:0001570,Vasculogenesis,,0.8189273600464829,1,0,0.08675461903332168
GO:0022011,Myelination in Peripheral Nervous System,,0.8189273600464829,1,0,0.08675461903332168
GO:0032570,Response to Progesterone,,0.8189273600464829,1,0,0.08675461903332168
GO:0032728,Positive Regulation of Interferon-Beta Production,,0.8189273600464829,1,0,0.08675461903332168
GO:0051402,Neuron Apoptotic Process,,0.8189273600464829,1,0,0.08675461903332168
GO:0095500,Acetylcholine Receptor Signaling Pathway,,0.8189273600464829,1,0,0.08675461903332168
GO:1900746,Regulation of Vascular Endothelial Growth Factor Signaling Pathway,,0.8189273600464829,1,0,0.08675461903332168
GO:1901293,Nucleoside Phosphate Biosynthetic Process,,0.8189273600464829,1,0,0.08675461903332168
GO:1903131,Mononuclear Cell Differentiation,,0.8189273600464829,1,0,0.08675461903332168
GO:0016338,Calcium-Independent Cell-Cell Adhesion via Plasma Membrane Cell-Adhesion Molecules,,0.8195957903304258,1,0,0.08640028092111328
GO:0031641,Regulation of Myelination,,0.8195957903304258,1,0,0.08640028092111328
GO:1900006,Positive Regulation of Dendrite Development,,0.8195957903304258,1,0,0.08640028092111328
GO:0051918,Negative Regulation of Fibrinolysis,,0.8196760535159117,1,0,0.08635775245493463
GO:0003351,Epithelial Cilium Movement Involved in Extracellular Fluid Movement,,0.8215293538360048,1,0,0.0853769142967886
GO:0022408,Negative Regulation of Cell-Cell Adhesion,,0.8219180006776332,1,0,0.08517150804338935
GO:0001755,Neural Crest Cell Migration,,0.8237104015299055,1,0,0.08422544986125995
GO:0034142,Toll-Like Receptor 4 Signaling Pathway,,0.8237104015299055,1,0,0.08422544986125995
GO:0046474,Glycerophospholipid Biosynthetic Process,,0.8237104015299055,1,0,0.08422544986125995
GO:1903428,Positive Regulation of Reactive Oxygen Species Biosynthetic Process,,0.8239930090507529,1,0,0.08407647294312798
GO:0009301,snRNA Transcription,,0.8240952629647619,1,0,0.08402258224877848
GO:1901020,Negative Regulation of Calcium Ion Transmembrane Transporter Activity,,0.8240952629647619,1,0,0.08402258224877848
GO:0061035,Regulation of Cartilage Development,,0.8241802910355153,1,0,0.08397777515098684
GO:2001135,Regulation of Endocytic Recycling,,0.8245439387824783,1,0,0.08378619646297175
GO:0002693,Positive Regulation of Cellular Extravasation,,0.824773961514423,1,0,0.0836650583805856
GO:0010770,Positive Regulation of Cell Morphogenesis,,0.824773961514423,1,0,0.0836650583805856
GO:0015693,Magnesium Ion Transport,,0.824773961514423,1,0,0.0836650583805856
GO:0022010,Central Nervous System Myelination,,0.824773961514423,1,0,0.0836650583805856
GO:0030334,Regulation of Cell Migration,,0.824773961514423,1,0,0.0836650583805856
GO:0030336,Negative Regulation of Cell Migration,,0.824773961514423,1,0,0.0836650583805856
GO:0040017,Positive Regulation of Locomotion,,0.824773961514423,1,0,0.0836650583805856
GO:0043470,Regulation of Carbohydrate Catabolic Process,,0.824773961514423,1,0,0.0836650583805856
GO:0048663,Neuron Fate Commitment,,0.824773961514423,1,0,0.0836650583805856
GO:0048699,Generation of Neurons,,0.824773961514423,1,0,0.0836650583805856
GO:0071467,Cellular Response to pH,,0.824773961514423,1,0,0.0836650583805856
GO:1904892,Regulation of Receptor Signaling Pathway via STAT,,0.824773961514423,1,0,0.0836650583805856
GO:0090313,Regulation of Protein Targeting to Membrane,,0.8251221585011346,1,0,0.08348174983121122
GO:0003254,Regulation of Membrane Depolarization,,0.8264752255611807,1,0,0.08277016031798065
GO:0034332,Adherens Junction Organization,,0.8264752255611807,1,0,0.08277016031798065
GO:0044344,Cellular Response to Fibroblast Growth Factor Stimulus,,0.8264752255611807,1,0,0.08277016031798065
GO:0045724,Positive Regulation of Cilium Assembly,,0.8264752255611807,1,0,0.08277016031798065
GO:0030225,Macrophage Differentiation,,0.8268125327165653,1,0,0.08259294901572656
GO:0010720,Positive Regulation of Cell Development,,0.8273117129586173,1,0,0.08233082695114015
GO:0001773,Myeloid Dendritic Cell Activation,,0.8274373326129334,1,0,0.08226488834499453
GO:0001937,Negative Regulation of Endothelial Cell Proliferation,,0.8274373326129334,1,0,0.08226488834499453
GO:0007160,Cell-Matrix Adhesion,,0.8274373326129334,1,0,0.08226488834499453
GO:0055003,Cardiac Myofibril Assembly,,0.8274373326129334,1,0,0.08226488834499453
GO:0072132,Mesenchyme Morphogenesis,,0.8274373326129334,1,0,0.08226488834499453
GO:0086004,Regulation of Cardiac Muscle Cell Contraction,,0.8274373326129334,1,0,0.08226488834499453
GO:2001169,Regulation of ATP Biosynthetic Process,,0.8274373326129334,1,0,0.08226488834499453
GO:0002755,MyD88-dependent Toll-Like Receptor Signaling Pathway,,0.8276428089156989,1,0,0.08215705402003069
GO:0006665,Sphingolipid Metabolic Process,,0.8276428089156989,1,0,0.08215705402003069
GO:0006911,"Phagocytosis, Engulfment",,0.8276428089156989,1,0,0.08215705402003069
GO:0007286,Spermatid Development,,0.8276428089156989,1,0,0.08215705402003069
GO:0015919,Peroxisomal Membrane Transport,,0.8276428089156989,1,0,0.08215705402003069
GO:0030041,Actin Filament Polymerization,,0.8276428089156989,1,0,0.08215705402003069
GO:0035051,Cardiocyte Differentiation,,0.8276428089156989,1,0,0.08215705402003069
GO:0043112,Receptor Metabolic Process,,0.8276428089156989,1,0,0.08215705402003069
GO:0045006,DNA Deamination,,0.8276428089156989,1,0,0.08215705402003069
GO:0051127,Positive Regulation of Actin Nucleation,,0.8276428089156989,1,0,0.08215705402003069
GO:0051209,Release of Sequestered Calcium Ion Into Cytosol,,0.8276428089156989,1,0,0.08215705402003069
GO:0055075,Potassium Ion Homeostasis,,0.8276428089156989,1,0,0.08215705402003069
GO:1903599,Positive Regulation of Autophagy of Mitochondrion,,0.8276428089156989,1,0,0.08215705402003069
GO:0003171,Atrioventricular Valve Development,,0.8281939056920301,1,0,0.08186796960043662
GO:0033623,Regulation of Integrin Activation,,0.8289882729043868,1,0,0.08145161305519927
GO:0001667,Ameboidal-Type Cell Migration,,0.829419198834246,1,0,0.08122591610092462
GO:0016075,rRNA Catabolic Process,,0.829419198834246,1,0,0.08122591610092462
GO:0061008,Hepaticobiliary System Development,,0.829419198834246,1,0,0.08122591610092462
GO:0099622,Cardiac Muscle Cell Membrane Repolarization,,0.829419198834246,1,0,0.08122591610092462
GO:1900117,Regulation of Execution Phase of Apoptosis,,0.8297896837853348,1,0,0.08103196876343675
GO:0001654,Eye Development,,0.8337158947731341,1,0,0.07898191861036646
GO:0003208,Cardiac Ventricle Morphogenesis,,0.8337158947731341,1,0,0.07898191861036646
GO:0010559,Regulation of Glycoprotein Biosynthetic Process,,0.8337158947731341,1,0,0.07898191861036646
GO:0032205,Negative Regulation of Telomere Maintenance,,0.8337158947731341,1,0,0.07898191861036646
GO:0045761,Regulation of Adenylate Cyclase Activity,,0.8337158947731341,1,0,0.07898191861036646
GO:0046209,Nitric Oxide Metabolic Process,,0.8337158947731341,1,0,0.07898191861036646
GO:0060632,Regulation of Microtubule-Based Movement,,0.8337158947731341,1,0,0.07898191861036646
GO:0071300,Cellular Response to Retinoic Acid,,0.8349740852716835,1,0,0.07832700331658775
GO:0032480,Negative Regulation of Type I Interferon Production,,0.8350021930354171,1,0,0.07831238389133258
GO:0017015,Regulation of Transforming Growth Factor Beta Receptor Signaling Pathway,,0.8365764699041697,1,0,0.077494354833669
GO:2001234,Negative Regulation of Apoptotic Signaling Pathway,,0.8365764699041697,1,0,0.077494354833669
GO:0046512,Sphingosine Biosynthetic Process,,0.8384725681809697,1,0,0.0765111413852832
GO:0046520,Sphingoid Biosynthetic Process,,0.8384725681809697,1,0,0.0765111413852832
GO:0051895,Negative Regulation of Focal Adhesion Assembly,,0.8385739946758035,1,0,0.07645860978830264
GO:0150118,Negative Regulation of Cell-Substrate Junction Organization,,0.8385739946758035,1,0,0.07645860978830264
GO:0000423,Mitophagy,,0.8405470868971935,1,0,0.07543795265065613
GO:0007029,Endoplasmic Reticulum Organization,,0.8410959412825153,1,0,0.07515446271208633
GO:0050767,Regulation of Neurogenesis,,0.8410959412825153,1,0,0.07515446271208633
GO:0051240,Positive Regulation of Multicellular Organismal Process,,0.8410959412825153,1,0,0.07515446271208633
GO:0140588,Chromatin Looping,,0.8410959412825153,1,0,0.07515446271208633
GO:1902894,Negative Regulation of miRNA Transcription,,0.8410959412825153,1,0,0.07515446271208633
GO:0003176,Aortic Valve Development,,0.8412246041397056,1,0,0.07508803355366628
GO:0010656,Negative Regulation of Muscle Cell Apoptotic Process,,0.8412246041397056,1,0,0.07508803355366628
GO:0035023,Regulation of Rho Protein Signal Transduction,,0.8412246041397056,1,0,0.07508803355366628
GO:0046471,Phosphatidylglycerol Metabolic Process,,0.8412246041397056,1,0,0.07508803355366628
GO:0048172,Regulation of Short-Term Neuronal Synaptic Plasticity,,0.8412246041397056,1,0,0.07508803355366628
GO:0098927,Vesicle-Mediated Transport Between Endosomal Compartments,,0.8412246041397056,1,0,0.07508803355366628
GO:1903050,Regulation of Proteolysis Involved in Protein Catabolic Process,,0.8412246041397056,1,0,0.07508803355366628
GO:1903351,Cellular Response to Dopamine,,0.8412246041397056,1,0,0.07508803355366628
GO:2000114,Regulation of Establishment of Cell Polarity,,0.8412246041397056,1,0,0.07508803355366628
GO:0070849,Response to Epidermal Growth Factor,,0.8413834355540152,1,0,0.07500604225757691
GO:0046847,Filopodium Assembly,,0.8425690174335025,1,0,0.07439451459565673
GO:0032148,Activation of Protein Kinase B Activity,,0.8431343143295198,1,0,0.0741032351906103
GO:0035924,Cellular Response to Vascular Endothelial Growth Factor Stimulus,,0.8433613678056614,1,0,0.07398629676802723
GO:0030512,Negative Regulation of Transforming Growth Factor Beta Receptor Signaling Pathway,,0.8436743875709404,1,0,0.07382513508794537
GO:0090023,Positive Regulation of Neutrophil Chemotaxis,,0.8436743875709404,1,0,0.07382513508794537
GO:1904706,Negative Regulation of Vascular Associated Smooth Muscle Cell Proliferation,,0.8436743875709404,1,0,0.07382513508794537
GO:0046475,Glycerophospholipid Catabolic Process,,0.8448575834276169,1,0,0.07321649335122411
GO:0071404,Cellular Response to Low-Density Lipoprotein Particle Stimulus,,0.8454547493172053,1,0,0.07290963188379602
GO:0097191,Extrinsic Apoptotic Signaling Pathway,,0.8454547493172053,1,0,0.07290963188379602
GO:1900029,Positive Regulation of Ruffle Assembly,,0.8454778308412503,1,0,0.07289777549325167
GO:0032757,Positive Regulation of Interleukin-8 Production,,0.8455064240295905,1,0,0.07288308835009039
GO:0038084,Vascular Endothelial Growth Factor Signaling Pathway,,0.8455064240295905,1,0,0.07288308835009039
GO:0046324,Regulation of D-glucose Import,,0.8455064240295905,1,0,0.07288308835009039
GO:0002281,Macrophage Activation Involved in Immune Response,,0.8458502762499257,1,0,0.07270650451781609
GO:0061157,mRNA Destabilization,,0.8458502762499257,1,0,0.07270650451781609
GO:0061436,Establishment of Skin Barrier,,0.8458502762499257,1,0,0.07270650451781609
GO:0030239,Myofibril Assembly,,0.8460083332696945,1,0,0.07262535909428586
GO:0030948,Negative Regulation of Vascular Endothelial Growth Factor Receptor Signaling Pathway,,0.8460083332696945,1,0,0.07262535909428586
GO:0033146,Regulation of Intracellular Estrogen Receptor Signaling Pathway,,0.8460083332696945,1,0,0.07262535909428586
GO:0036151,Phosphatidylcholine Acyl-Chain Remodeling,,0.8460083332696945,1,0,0.07262535909428586
GO:0050999,Regulation of Nitric-Oxide Synthase Activity,,0.8460083332696945,1,0,0.07262535909428586
GO:0051147,Regulation of Muscle Cell Differentiation,,0.8460083332696945,1,0,0.07262535909428586
GO:0002690,Positive Regulation of Leukocyte Chemotaxis,,0.8462441200970824,1,0,0.072504335876386
GO:0006139,Nucleobase-Containing Compound Metabolic Process,,0.8473512047178571,1,0,0.07193654875127864
GO:0008610,Lipid Biosynthetic Process,,0.8473512047178571,1,0,0.07193654875127864
GO:0009165,Nucleotide Biosynthetic Process,,0.8473512047178571,1,0,0.07193654875127864
GO:0032928,Regulation of Superoxide Anion Generation,,0.8473512047178571,1,0,0.07193654875127864
GO:0032930,Positive Regulation of Superoxide Anion Generation,,0.8473512047178571,1,0,0.07193654875127864
GO:0043243,Positive Regulation of Protein-Containing Complex Disassembly,,0.8473512047178571,1,0,0.07193654875127864
GO:0043434,Response to Peptide Hormone,,0.8473512047178571,1,0,0.07193654875127864
GO:0045859,Regulation of Protein Kinase Activity,,0.8473512047178571,1,0,0.07193654875127864
GO:0060048,Cardiac Muscle Contraction,,0.8473512047178571,1,0,0.07193654875127864
GO:0150117,Positive Regulation of Cell-Substrate Junction Organization,,0.8473512047178571,1,0,0.07193654875127864
GO:0009968,Negative Regulation of Signal Transduction,,0.8473826147577386,1,0,0.07192045040374856
GO:0045953,Negative Regulation of Natural Killer Cell Mediated Cytotoxicity,,0.8473826147577386,1,0,0.07192045040374856
GO:0090100,+ Reg of Transmembrane Receptor Prot Serine/Threonine Kinase Sgnlng Pway,,0.8473826147577386,1,0,0.07192045040374856
GO:0060143,Positive Regulation of Syncytium Formation by Plasma Membrane Fusion,,0.8486048519162361,1,0,0.07129448947439453
GO:0090497,Mesenchymal Cell Migration,,0.8492780423667796,1,0,0.07095010422350884
GO:0006595,Polyamine Metabolic Process,,0.8505097248859382,1,0,0.0703207162193674
GO:0021954,Central Nervous System Neuron Development,,0.8511910510252493,1,0,0.06997295096865006
GO:0030517,Negative Regulation of Axon Extension,,0.8511910510252493,1,0,0.06997295096865006
GO:0030949,Positive Regulation of Vascular Endothelial Growth Factor Receptor Signaling Pathway,,0.8511910510252493,1,0,0.06997295096865006
GO:0038127,ERBB Signaling Pathway,,0.8511910510252493,1,0,0.06997295096865006
GO:0090158,Endoplasmic Reticulum Membrane Organization,,0.8511910510252493,1,0,0.06997295096865006
GO:2000630,Positive Regulation of miRNA Metabolic Process,,0.8511910510252493,1,0,0.06997295096865006
GO:0062098,Regulation of Programmed Necrotic Cell Death,,0.8512433199177929,1,0,0.06994628316635298
GO:0007212,G Protein-Coupled Dopamine Receptor Signaling Pathway,,0.8521676630328896,1,0,0.0694749498736923
GO:0010884,Positive Regulation of Lipid Storage,,0.8521676630328896,1,0,0.0694749498736923
GO:0030857,Negative Regulation of Epithelial Cell Differentiation,,0.8521676630328896,1,0,0.0694749498736923
GO:0032401,Establishment of Melanosome Localization,,0.8521676630328896,1,0,0.0694749498736923
GO:0045662,Negative Regulation of Myoblast Differentiation,,0.8521676630328896,1,0,0.0694749498736923
GO:1904018,Positive Regulation of Vasculature Development,,0.8521676630328896,1,0,0.0694749498736923
GO:0007589,Body Fluid Secretion,,0.8522225186021448,1,0,0.06944699445445306
GO:0034163,Regulation of Toll-Like Receptor 9 Signaling Pathway,,0.8531969019110375,1,0,0.06895073020969712
GO:0035418,Protein Localization to Synapse,,0.8531969019110375,1,0,0.06895073020969712
GO:0043001,Golgi to Plasma Membrane Protein Transport,,0.8531969019110375,1,0,0.06895073020969712
GO:0048701,Embryonic Cranial Skeleton Morphogenesis,,0.8531969019110375,1,0,0.06895073020969712
GO:0006909,Phagocytosis,,0.8533107219335795,1,0,0.06889279737997786
GO:0045762,Positive Regulation of Adenylate Cyclase Activity,,0.8533107219335795,1,0,0.06889279737997786
GO:0032092,Positive Regulation of Protein Binding,,0.853630724517328,1,0,0.06872996184952208
GO:0048844,Artery Morphogenesis,,0.853729725884077,1,0,0.06867959668226283
GO:1900102,Negative Regulation of Endoplasmic Reticulum Unfolded Protein Response,,0.8544810164972916,1,0,0.06829758130141127
GO:0014002,Astrocyte Development,,0.8545107004025461,1,0,0.06828249456210507
GO:0098655,Monoatomic Cation Transmembrane Transport,,0.8545193287041626,1,0,0.0682781093567939
GO:1903078,Positive Regulation of Protein Localization to Plasma Membrane,,0.8545193287041626,1,0,0.0682781093567939
GO:0045723,Positive Regulation of Fatty Acid Biosynthetic Process,,0.8555254304549468,1,0,0.0677670765470676
GO:0046597,Host-Mediated Suppression of Symbiont Invasion,,0.8557588375381706,1,0,0.06764860714860968
GO:1901186,Positive Regulation of ERBB Signaling Pathway,,0.8561228480225146,1,0,0.06746391243702816
GO:0008045,Motor Neuron Axon Guidance,,0.8561310196852434,1,0,0.0674597671311269
GO:0006047,UDP-N-acetylglucosamine Metabolic Process,,0.8564966186786039,1,0,0.06727434722517536
GO:0010633,Negative Regulation of Epithelial Cell Migration,,0.8564966186786039,1,0,0.06727434722517536
GO:0010894,Negative Regulation of Steroid Biosynthetic Process,,0.8564966186786039,1,0,0.06727434722517536
GO:0031346,Positive Regulation of Cell Projection Organization,,0.8564966186786039,1,0,0.06727434722517536
GO:0051205,Protein Insertion Into Membrane,,0.8564966186786039,1,0,0.06727434722517536
GO:0070198,"Protein Localization to Chromosome, Telomeric Region",,0.8564966186786039,1,0,0.06727434722517536
GO:0072332,Intrinsic Apoptotic Signaling Pathway by P53 Class Mediator,,0.8564966186786039,1,0,0.06727434722517536
GO:0032753,Positive Regulation of Interleukin-4 Production,,0.8567577167412112,1,0,0.06714197522837428
GO:0002495,Antigen Processing and Presentation of Peptide Antigen via MHC Class II,,0.8571566142107688,1,0,0.06693981929808825
GO:0050731,Positive Regulation of Peptidyl-Tyrosine Phosphorylation,,0.8572984600000538,1,0,0.06686795641333275
GO:0006694,Steroid Biosynthetic Process,,0.8573270115187241,1,0,0.06685349288503972
GO:0030836,Positive Regulation of Actin Filament Depolymerization,,0.8573270115187241,1,0,0.06685349288503972
GO:0031529,Ruffle Organization,,0.8573270115187241,1,0,0.06685349288503972
GO:0051099,Positive Regulation of Binding,,0.8573270115187241,1,0,0.06685349288503972
GO:2000677,Regulation of Transcription Regulatory Region DNA Binding,,0.8573270115187241,1,0,0.06685349288503972
GO:0072663,Establishment of Protein Localization to Peroxisome,,0.8574928649244999,1,0,0.06676948497243344
GO:0030149,Sphingolipid Catabolic Process,,0.8577326838101652,1,0,0.06664804086328274
GO:0032231,Regulation of Actin Filament Bundle Assembly,,0.8577326838101652,1,0,0.06664804086328274
GO:0021545,Cranial Nerve Development,,0.8580571261124962,1,0,0.06648379754809013
GO:0044087,Regulation of Cellular Component Biogenesis,,0.8580571261124962,1,0,0.06648379754809013
GO:0046479,Glycosphingolipid Catabolic Process,,0.8580571261124962,1,0,0.06648379754809013
GO:0060840,Artery Development,,0.8580571261124962,1,0,0.06648379754809013
GO:0072112,Podocyte Differentiation,,0.8580571261124962,1,0,0.06648379754809013
GO:2000303,Regulation of Ceramide Biosynthetic Process,,0.8580571261124962,1,0,0.06648379754809013
GO:0007141,Male Meiosis I,,0.8581701508953945,1,0,0.06642659528792375
GO:0048821,Erythrocyte Development,,0.8581861251866463,1,0,0.06641851124775117
GO:0061028,Establishment of Endothelial Barrier,,0.8584423631631319,1,0,0.06628885857004772
GO:0010587,miRNA Catabolic Process,,0.8597469426438906,1,0,0.06562935990286477
GO:0032926,Negative Regulation of Activin Receptor Signaling Pathway,,0.8610104023691096,1,0,0.06499160154958276
GO:0032878,Regulation of Establishment or Maintenance of Cell Polarity,,0.8622151444125367,1,0,0.06438435323226545
GO:0036294,Cellular Response to Decreased Oxygen Levels,,0.8622151444125367,1,0,0.06438435323226545
GO:0086002,Cardiac Muscle Cell Action Potential Involved in Contraction,,0.8622151444125367,1,0,0.06438435323226545
GO:0030218,Erythrocyte Differentiation,,0.8622744818896182,1,0,0.06435446619962264
GO:0034111,Negative Regulation of Homotypic Cell-Cell Adhesion,,0.8639918704968854,1,0,0.06349034388100641
GO:0008645,Hexose Transmembrane Transport,,0.8667336326942772,1,0,0.06211435076493076
GO:0032024,Positive Regulation of Insulin Secretion,,0.8667336326942772,1,0,0.06211435076493076
GO:0032413,Negative Regulation of Ion Transmembrane Transporter Activity,,0.8667336326942772,1,0,0.06211435076493076
GO:0006476,Protein Deacetylation,,0.8677862351233527,1,0,0.06158724295696074
GO:0003161,Cardiac Conduction System Development,,0.869765516096972,1,0,0.06059781495727561
GO:0062014,Negative Regulation of Small Molecule Metabolic Process,,0.8704272617442957,1,0,0.06026751534844071
GO:0090335,Regulation of Brown Fat Cell Differentiation,,0.8704272617442957,1,0,0.06026751534844071
GO:0006940,Regulation of Smooth Muscle Contraction,,0.87055374436807,1,0,0.060204412183655354
GO:0043123,Positive Regulation of Canonical NF-kappaB Signal Transduction,,0.87055374436807,1,0,0.060204412183655354
GO:0008207,C21-steroid Hormone Metabolic Process,,0.8706843849276195,1,0,0.06013924421693446
GO:0016310,Phosphorylation,,0.8706843849276195,1,0,0.06013924421693446
GO:0098911,Regulation of Ventricular Cardiac Muscle Cell Action Potential,,0.8706843849276195,1,0,0.06013924421693446
GO:0051893,Regulation of Focal Adhesion Assembly,,0.8711125594827323,1,0,0.059925724666427385
GO:0050918,Positive Chemotaxis,,0.8716815464381245,1,0,0.05964214796285475
GO:0001934,Positive Regulation of Protein Phosphorylation,,0.8743522059032649,1,0,0.05831358994190122
GO:0030007,Intracellular Potassium Ion Homeostasis,,0.8743522059032649,1,0,0.05831358994190122
GO:0042953,Lipoprotein Transport,,0.8743522059032649,1,0,0.05831358994190122
GO:0045933,Positive Regulation of Muscle Contraction,,0.8743522059032649,1,0,0.05831358994190122
GO:0001936,Regulation of Endothelial Cell Proliferation,,0.8773190471436532,1,0,0.05684244173503329
GO:0034204,Lipid Translocation,,0.8773190471436532,1,0,0.05684244173503329
GO:0046636,Negative Regulation of Alpha-Beta T Cell Activation,,0.8773190471436532,1,0,0.05684244173503329
GO:0050818,Regulation of Coagulation,,0.8773190471436532,1,0,0.05684244173503329
GO:0010669,Epithelial Structure Maintenance,,0.8783288694970817,1,0,0.05634284233357721
GO:0034312,Diol Biosynthetic Process,,0.8783288694970817,1,0,0.05634284233357721
GO:1902548,Negative Regulation of Cellular Response to Vascular Endothelial Growth Factor Stimulus,,0.8783288694970817,1,0,0.05634284233357721
GO:1904707,Positive Regulation of Vascular Associated Smooth Muscle Cell Proliferation,,0.8783288694970817,1,0,0.05634284233357721
GO:0008306,Associative Learning,,0.8792094703004517,1,0,0.05590764260790836
GO:0045862,Positive Regulation of Proteolysis,,0.8792094703004517,1,0,0.05590764260790836
GO:0060765,Regulation of Androgen Receptor Signaling Pathway,,0.8792094703004517,1,0,0.05590764260790836
GO:0072583,Clathrin-Dependent Endocytosis,,0.8792094703004517,1,0,0.05590764260790836
GO:0090109,Regulation of Cell-Substrate Junction Assembly,,0.8792094703004517,1,0,0.05590764260790836
GO:1900048,Positive Regulation of Hemostasis,,0.8792094703004517,1,0,0.05590764260790836
GO:0000425,Pexophagy,,0.879776871974473,1,0,0.055627459165121275
GO:0002474,Antigen Processing and Presentation of Peptide Antigen via MHC Class I,,0.879776871974473,1,0,0.055627459165121275
GO:0010460,Positive Regulation of Heart Rate,,0.879776871974473,1,0,0.055627459165121275
GO:0030242,Autophagy of Peroxisome,,0.879776871974473,1,0,0.055627459165121275
GO:0034394,Protein Localization to Cell Surface,,0.879776871974473,1,0,0.055627459165121275
GO:0045216,Cell-Cell Junction Organization,,0.879776871974473,1,0,0.055627459165121275
GO:0045619,Regulation of Lymphocyte Differentiation,,0.879776871974473,1,0,0.055627459165121275
GO:0061014,Positive Regulation of mRNA Catabolic Process,,0.879776871974473,1,0,0.055627459165121275
GO:0070536,Protein K63-linked Deubiquitination,,0.879776871974473,1,0,0.055627459165121275
GO:1900026,Positive Regulation of Substrate Adhesion-Dependent Cell Spreading,,0.879776871974473,1,0,0.055627459165121275
GO:1901381,Positive Regulation of Potassium Ion Transmembrane Transport,,0.879776871974473,1,0,0.055627459165121275
GO:1903671,Negative Regulation of Sprouting Angiogenesis,,0.879776871974473,1,0,0.055627459165121275
GO:1904862,Inhibitory Synapse Assembly,,0.879776871974473,1,0,0.055627459165121275
GO:2000145,Regulation of Cell Motility,,0.879776871974473,1,0,0.055627459165121275
GO:0043405,Regulation of MAP Kinase Activity,,0.8798237107161793,1,0,0.0556043382281686
GO:1901223,Negative Regulation of Non-Canonical NF-kappaB Signal Transduction,,0.8798237107161793,1,0,0.0556043382281686
GO:0007218,Neuropeptide Signaling Pathway,,0.8803162064084493,1,0,0.05536130281375082
GO:0001656,Metanephros Development,,0.8804845701409717,1,0,0.05527825032855913
GO:0014032,Neural Crest Cell Development,,0.8807551864059223,1,0,0.055144790757175585
GO:0007130,Synaptonemal Complex Assembly,,0.8808631615953277,1,0,0.05509155217794171
GO:0032412,Regulation of Monoatomic Ion Transmembrane Transporter Activity,,0.8808631615953277,1,0,0.05509155217794171
GO:0034331,Cell Junction Maintenance,,0.8808631615953277,1,0,0.05509155217794171
GO:0048713,Regulation of Oligodendrocyte Differentiation,,0.8808631615953277,1,0,0.05509155217794171
GO:0070193,Synaptonemal Complex Organization,,0.8808631615953277,1,0,0.05509155217794171
GO:0050864,Regulation of B Cell Activation,,0.8808980888333325,1,0,0.055074332243365554
GO:0050921,Positive Regulation of Chemotaxis,,0.8808980888333325,1,0,0.055074332243365554
GO:0036159,Inner Dynein Arm Assembly,,0.8809062155053322,1,0,0.055070325704390674
GO:1903427,Negative Regulation of Reactive Oxygen Species Biosynthetic Process,,0.8832590665144545,1,0,0.05391189590614999
GO:0008406,Gonad Development,,0.8839577635910598,1,0,0.05356848552714837
GO:0018230,peptidyl-L-cysteine S-palmitoylation,,0.8839577635910598,1,0,0.05356848552714837
GO:0018231,peptidyl-S-diacylglycerol-L-cysteine Biosynthetic Process From Peptidyl-Cysteine,,0.8839577635910598,1,0,0.05356848552714837
GO:0032370,Positive Regulation of Lipid Transport,,0.8839577635910598,1,0,0.05356848552714837
GO:0043518,"Negative Regulation of DNA Damage Response, Signal Transduction by P53 Class Mediator",,0.8839577635910598,1,0,0.05356848552714837
GO:0043649,Dicarboxylic Acid Catabolic Process,,0.8839577635910598,1,0,0.05356848552714837
GO:0045665,Negative Regulation of Neuron Differentiation,,0.8839577635910598,1,0,0.05356848552714837
GO:0046928,Regulation of Neurotransmitter Secretion,,0.8839577635910598,1,0,0.05356848552714837
GO:0060349,Bone Morphogenesis,,0.8839577635910598,1,0,0.05356848552714837
GO:0071677,Positive Regulation of Mononuclear Cell Migration,,0.8839577635910598,1,0,0.05356848552714837
GO:0030335,Positive Regulation of Cell Migration,,0.8840862715463124,1,0,0.05350535328062512
GO:0034330,Cell Junction Organization,,0.8853349934676158,1,0,0.052892369656421134
GO:0010715,Regulation of Extracellular Matrix Disassembly,,0.8859884267274447,1,0,0.0525719510714546
GO:0001959,Regulation of Cytokine-Mediated Signaling Pathway,,0.8862645420505186,1,0,0.0524366257378112
GO:0010470,Regulation of Gastrulation,,0.8862645420505186,1,0,0.0524366257378112
GO:0002483,Antigen Processing and Presentation of Endogenous Peptide Antigen,,0.8871185168408579,1,0,0.05201835562303027
GO:0055070,Copper Ion Homeostasis,,0.8871185168408579,1,0,0.05201835562303027
GO:0045597,Positive Regulation of Cell Differentiation,,0.8901571348855337,1,0,0.05053332280444684
GO:0086014,Atrial Cardiac Muscle Cell Action Potential,,0.8901571348855337,1,0,0.05053332280444684
GO:0010755,Regulation of Plasminogen Activation,,0.8909180809943784,1,0,0.05016222706041748
GO:0030216,Keratinocyte Differentiation,,0.8909180809943784,1,0,0.05016222706041748
GO:0086009,Membrane Repolarization,,0.8911583551215981,1,0,0.05004511678825049
GO:0016073,snRNA Metabolic Process,,0.8923572259416782,1,0,0.04946125526707988
GO:2000379,Positive Regulation of Reactive Oxygen Species Metabolic Process,,0.8923572259416782,1,0,0.04946125526707988
GO:0090201,Negative Regulation of Release of Cytochrome C From Mitochondria,,0.8931474734258857,1,0,0.04907682598581253
GO:0000729,DNA Double-Strand Break Processing,,0.8932351520892785,1,0,0.04903419417874184
GO:0001574,Ganglioside Biosynthetic Process,,0.8932351520892785,1,0,0.04903419417874184
GO:0070234,Positive Regulation of T Cell Apoptotic Process,,0.8932351520892785,1,0,0.04903419417874184
GO:0071456,Cellular Response to Hypoxia,,0.8943873543221067,1,0,0.048474349872403635
GO:1902041,Regulation of Extrinsic Apoptotic Signaling Pathway via Death Domain Receptors,,0.8963409225269392,1,0,0.047526775369973406
GO:0042063,Gliogenesis,,0.8965070133535992,1,0,0.04744630861283697
GO:0098856,Intestinal Lipid Absorption,,0.8984957120936405,1,0,0.04648399114099999
GO:1902514,Reg of Calcium Ion Transmembrane Transport via High Voltage-Gated Calcium Channel,,0.8984957120936405,1,0,0.04648399114099999
GO:0048675,Axon Extension,,0.8986408436393828,1,0,0.046413846410593276
GO:1902307,Positive Regulation of Sodium Ion Transmembrane Transport,,0.8993419438767737,1,0,0.046075151310833264
GO:0072595,Maintenance of Protein Localization in Organelle,,0.8997575513428075,1,0,0.04587449978174705
GO:0003181,Atrioventricular Valve Morphogenesis,,0.9017463319109176,1,0,0.044915615612413425
GO:0008154,Actin Polymerization or Depolymerization,,0.9017463319109176,1,0,0.044915615612413425
GO:0021915,Neural Tube Development,,0.9017463319109176,1,0,0.044915615612413425
GO:0033123,Positive Regulation of Purine Nucleotide Catabolic Process,,0.9017463319109176,1,0,0.044915615612413425
GO:0034249,Negative Regulation of Amide Metabolic Process,,0.9017463319109176,1,0,0.044915615612413425
GO:0042149,Cellular Response to Glucose Starvation,,0.9017463319109176,1,0,0.044915615612413425
GO:0043407,Negative Regulation of MAP Kinase Activity,,0.9017463319109176,1,0,0.044915615612413425
GO:0045821,Positive Regulation of Glycolytic Process,,0.9017463319109176,1,0,0.044915615612413425
GO:0046782,Regulation of Viral Transcription,,0.9017463319109176,1,0,0.044915615612413425
GO:0070232,Regulation of T Cell Apoptotic Process,,0.9017463319109176,1,0,0.044915615612413425
GO:1900025,Negative Regulation of Substrate Adhesion-Dependent Cell Spreading,,0.9017463319109176,1,0,0.044915615612413425
GO:1902916,Positive Regulation of Protein Polyubiquitination,,0.9017463319109176,1,0,0.044915615612413425
GO:0001845,Phagolysosome Assembly,,0.9017533326910276,1,0,0.04491224394539234
GO:0034392,Negative Regulation of Smooth Muscle Cell Apoptotic Process,,0.9017533326910276,1,0,0.04491224394539234
GO:1990000,Amyloid Fibril Formation,,0.9017533326910276,1,0,0.04491224394539234
GO:2000377,Regulation of Reactive Oxygen Species Metabolic Process,,0.9017533326910276,1,0,0.04491224394539234
GO:0006508,Proteolysis,,0.901987140200922,1,0,0.04479965423144026
GO:0006740,NADPH Regeneration,,0.901987140200922,1,0,0.04479965423144026
GO:0006744,Ubiquinone Biosynthetic Process,,0.901987140200922,1,0,0.04479965423144026
GO:0048593,Camera-Type Eye Morphogenesis,,0.901987140200922,1,0,0.04479965423144026
GO:1901663,Quinone Biosynthetic Process,,0.901987140200922,1,0,0.04479965423144026
GO:0032673,Regulation of Interleukin-4 Production,,0.9029953366444512,1,0,0.04431449251574288
GO:0048679,Regulation of Axon Regeneration,,0.9029953366444512,1,0,0.04431449251574288
GO:0061384,Heart Trabecula Morphogenesis,,0.9029953366444512,1,0,0.04431449251574288
GO:0061951,Establishment of Protein Localization to Plasma Membrane,,0.9035197504018456,1,0,0.044062349581425846
GO:0060045,Positive Regulation of Cardiac Muscle Cell Proliferation,,0.903583588197058,1,0,0.04403166577755371
GO:0002724,Regulation of T Cell Cytokine Production,,0.9038271655109922,1,0,0.043914609614441
GO:0009395,Phospholipid Catabolic Process,,0.9038271655109922,1,0,0.043914609614441
GO:0007190,Activation of Adenylate Cyclase Activity,,0.9040645360012504,1,0,0.04380056661663096
GO:0071676,Negative Regulation of Mononuclear Cell Migration,,0.9040645360012504,1,0,0.04380056661663096
GO:0050709,Negative Regulation of Protein Secretion,,0.9056797175377914,1,0,0.04302535806053958
GO:0060340,Positive Regulation of Type I Interferon-Mediated Signaling Pathway,,0.9056797175377914,1,0,0.04302535806053958
GO:0070555,Response to Interleukin-1,,0.9056797175377914,1,0,0.04302535806053958
GO:0061512,Protein Localization to Cilium,,0.9081488012196878,1,0,0.04184298600094075
GO:1903580,Positive Regulation of ATP Metabolic Process,,0.9081488012196878,1,0,0.04184298600094075
GO:0002286,T Cell Activation Involved in Immune Response,,0.9083870671216028,1,0,0.04172905754092604
GO:0007498,Mesoderm Development,,0.9087385293100158,1,0,0.04156105804630824
GO:0007274,Neuromuscular Synaptic Transmission,,0.9087424171467294,1,0,0.04155920001744187
GO:0046488,Phosphatidylinositol Metabolic Process,,0.9087424171467294,1,0,0.04155920001744187
GO:0090630,Activation of GTPase Activity,,0.9087424171467294,1,0,0.04155920001744187
GO:0045446,Endothelial Cell Differentiation,,0.908822054037664,1,0,0.04152114264686792
GO:0010758,Regulation of Macrophage Chemotaxis,,0.9094089975503592,1,0,0.04124075326798883
GO:0045346,Regulation of MHC Class II Biosynthetic Process,,0.9094089975503592,1,0,0.04124075326798883
GO:0050892,Intestinal Absorption,,0.9099390342658008,1,0,0.04098770434803573
GO:2000146,Negative Regulation of Cell Motility,,0.9104234408160392,1,0,0.04075656895647309
GO:0002716,Negative Regulation of Natural Killer Cell Mediated Immunity,,0.9106066283515952,1,0,0.04066919276487604
GO:0002833,Positive Regulation of Response to Biotic Stimulus,,0.9106066283515952,1,0,0.04066919276487604
GO:0006873,Intracellular Monoatomic Ion Homeostasis,,0.9106066283515952,1,0,0.04066919276487604
GO:0007507,Heart Development,,0.9106066283515952,1,0,0.04066919276487604
GO:0033198,Response to ATP,,0.9106066283515952,1,0,0.04066919276487604
GO:0033962,P-body Assembly,,0.9106066283515952,1,0,0.04066919276487604
GO:0042058,Regulation of Epidermal Growth Factor Receptor Signaling Pathway,,0.9106066283515952,1,0,0.04066919276487604
GO:0043171,Peptide Catabolic Process,,0.9106066283515952,1,0,0.04066919276487604
GO:0043413,Macromolecule Glycosylation,,0.9106066283515952,1,0,0.04066919276487604
GO:0050982,Detection of Mechanical Stimulus,,0.9106066283515952,1,0,0.04066919276487604
GO:0051283,Negative Regulation of Sequestering of Calcium Ion,,0.9106066283515952,1,0,0.04066919276487604
GO:0071331,Cellular Response to Hexose Stimulus,,0.9106066283515952,1,0,0.04066919276487604
GO:0072164,Mesonephric Tubule Development,,0.9106066283515952,1,0,0.04066919276487604
GO:0090288,Negative Regulation of Cellular Response to Growth Factor Stimulus,,0.9106066283515952,1,0,0.04066919276487604
GO:1904385,Cellular Response to Angiotensin,,0.9106066283515952,1,0,0.04066919276487604
GO:2000516,"Positive Regulation of CD4-positive, Alpha-Beta T Cell Activation",,0.9106066283515952,1,0,0.04066919276487604
GO:0034440,Lipid Oxidation,,0.910932973423596,1,0,0.04051357730052428
GO:0006695,Cholesterol Biosynthetic Process,,0.9124824737728714,1,0,0.03977546836938167
GO:0007492,Endoderm Development,,0.9124824737728714,1,0,0.03977546836938167
GO:0009267,Cellular Response to Starvation,,0.9124824737728714,1,0,0.03977546836938167
GO:0031401,Positive Regulation of Protein Modification Process,,0.9124824737728714,1,0,0.03977546836938167
GO:0035458,Cellular Response to Interferon-Beta,,0.9124824737728714,1,0,0.03977546836938167
GO:0050728,Negative Regulation of Inflammatory Response,,0.9124824737728714,1,0,0.03977546836938167
GO:0051873,Killing by Host of Symbiont Cells,,0.9124824737728714,1,0,0.03977546836938167
GO:0070269,Pyroptotic Inflammatory Response,,0.9124824737728714,1,0,0.03977546836938167
GO:0071243,Cellular Response to Arsenic-Containing Substance,,0.9124824737728714,1,0,0.03977546836938167
GO:0071715,Icosanoid Transport,,0.9124824737728714,1,0,0.03977546836938167
GO:0086010,Membrane Depolarization During Action Potential,,0.9124824737728714,1,0,0.03977546836938167
GO:0120034,Positive Regulation of Plasma Membrane Bounded Cell Projection Assembly,,0.9124824737728714,1,0,0.03977546836938167
GO:1903053,Regulation of Extracellular Matrix Organization,,0.9124824737728714,1,0,0.03977546836938167
GO:1904064,Positive Regulation of Cation Transmembrane Transport,,0.9124824737728714,1,0,0.03977546836938167
GO:0035335,Peptidyl-Tyrosine Dephosphorylation,,0.9125388255488758,1,0,0.03974864866554476
GO:1904427,Positive Regulation of Calcium Ion Transmembrane Transport,,0.9125388255488758,1,0,0.03974864866554476
GO:0035909,Aorta Morphogenesis,,0.9137864754781716,1,0,0.03915527402015469
GO:0015698,Inorganic Anion Transport,,0.9144045734116124,1,0,0.03886161047535155
GO:0050807,Regulation of Synapse Organization,,0.9144045734116124,1,0,0.03886161047535155
GO:0140627,Ubiquitin-Dependent Protein Catabolic Process via the C-end Degron Rule Pathway,,0.9144045734116124,1,0,0.03886161047535155
GO:1902902,Negative Regulation of Autophagosome Assembly,,0.9144045734116124,1,0,0.03886161047535155
GO:0090050,Positive Regulation of Cell Migration Involved in Sprouting Angiogenesis,,0.915279467503068,1,0,0.038446280072253584
GO:0006895,Golgi to Endosome Transport,,0.9156350738795174,1,0,0.038277579802008424
GO:0070918,Regulatory ncRNA Processing,,0.9156350738795174,1,0,0.038277579802008424
GO:0035666,TRIF-dependent Toll-Like Receptor Signaling Pathway,,0.9157839794730208,1,0,0.03820695819565657
GO:0033135,Regulation of Peptidyl-Serine Phosphorylation,,0.915953325667238,1,0,0.03812665615924231
GO:0042104,Positive Regulation of Activated T Cell Proliferation,,0.9159849470697689,1,0,0.03811166329530694
GO:0043457,Regulation of Cellular Respiration,,0.9159849470697689,1,0,0.03811166329530694
GO:0050714,Positive Regulation of Protein Secretion,,0.9159849470697689,1,0,0.03811166329530694
GO:1904294,Positive Regulation of ERAD Pathway,,0.9159849470697689,1,0,0.03811166329530694
GO:2001257,Regulation of Cation Channel Activity,,0.9159849470697689,1,0,0.03811166329530694
GO:2001239,Regulation of Extrinsic Apoptotic Signaling Pathway in Absence of Ligand,,0.9167508921918908,1,0,0.03774865870706361
GO:0015748,Organophosphate Ester Transport,,0.9178407007083692,1,0,0.03723268786914945
GO:0002092,Positive Regulation of Receptor Internalization,,0.9178529362029236,1,0,0.037226898441478536
GO:0042327,Positive Regulation of Phosphorylation,,0.9178529362029236,1,0,0.037226898441478536
GO:0043954,Cellular Component Maintenance,,0.918555296478454,1,0,0.03689469430362329
GO:0008589,Regulation of Smoothened Signaling Pathway,,0.9198685245908648,1,0,0.036274241268617356
GO:0072659,Protein Localization to Plasma Membrane,,0.9199567373027496,1,0,0.036232595689737496
GO:0140895,Cell Surface Toll-Like Receptor Signaling Pathway,,0.9212508992926476,1,0,0.03562207518972377
GO:1902905,Positive Regulation of Supramolecular Fiber Organization,,0.921529197633086,1,0,0.03549090008674132
GO:0007173,Epidermal Growth Factor Receptor Signaling Pathway,,0.921964045536492,1,0,0.035286015095577127
GO:0035721,Intraciliary Retrograde Transport,,0.9237953208937414,1,0,0.034424241824452334
GO:0035904,Aorta Development,,0.9241152879075368,1,0,0.03427384503663229
GO:0042403,Thyroid Hormone Metabolic Process,,0.9241493263313992,1,0,0.03425784873443193
GO:0001658,Branching Involved in Ureteric Bud Morphogenesis,,0.9242965040149856,1,0,0.03418868960093006
GO:0016237,Microautophagy,,0.9242965040149856,1,0,0.03418868960093006
GO:0045638,Negative Regulation of Myeloid Cell Differentiation,,0.9242965040149856,1,0,0.03418868960093006
GO:0060544,Regulation of Necroptotic Process,,0.9242965040149856,1,0,0.03418868960093006
GO:1903939,Regulation of TORC2 Signaling,,0.9244677867095062,1,0,0.0341082173312504
GO:0048864,Stem Cell Development,,0.9246364968682024,1,0,0.0340289682679966
GO:0002228,Natural Killer Cell Mediated Immunity,,0.9250258368603218,1,0,0.03384613682944084
GO:0010811,Positive Regulation of Cell-Substrate Adhesion,,0.9250258368603218,1,0,0.03384613682944084
GO:0031345,Negative Regulation of Cell Projection Organization,,0.9250258368603218,1,0,0.03384613682944084
GO:0043536,Positive Regulation of Blood Vessel Endothelial Cell Migration,,0.9250258368603218,1,0,0.03384613682944084
GO:0043549,Regulation of Kinase Activity,,0.9250258368603218,1,0,0.03384613682944084
GO:0046949,fatty-acyl-CoA Biosynthetic Process,,0.9250258368603218,1,0,0.03384613682944084
GO:0051588,Regulation of Neurotransmitter Transport,,0.9250258368603218,1,0,0.03384613682944084
GO:0060766,Negative Regulation of Androgen Receptor Signaling Pathway,,0.9250258368603218,1,0,0.03384613682944084
GO:1905145,Cellular Response to Acetylcholine,,0.9250258368603218,1,0,0.03384613682944084
GO:2000300,Regulation of Synaptic Vesicle Exocytosis,,0.9250258368603218,1,0,0.03384613682944084
GO:1901881,Positive Regulation of Protein Depolymerization,,0.925040812162498,1,0,0.03383910606532914
GO:0002830,Positive Regulation of Type 2 Immune Response,,0.9254550985427968,1,0,0.03364464760599769
GO:0006111,Regulation of Gluconeogenesis,,0.9254550985427968,1,0,0.03364464760599769
GO:0006865,Amino Acid Transport,,0.9254550985427968,1,0,0.03364464760599769
GO:0007416,Synapse Assembly,,0.9254550985427968,1,0,0.03364464760599769
GO:0009749,Response to Glucose,,0.9254550985427968,1,0,0.03364464760599769
GO:0009890,Negative Regulation of Biosynthetic Process,,0.9254550985427968,1,0,0.03364464760599769
GO:0032228,"Regulation of Synaptic Transmission, GABAergic",,0.9254550985427968,1,0,0.03364464760599769
GO:0038166,Angiotensin-Activated Signaling Pathway,,0.9254550985427968,1,0,0.03364464760599769
GO:0044331,Cell-Cell Adhesion Mediated by Cadherin,,0.9254550985427968,1,0,0.03364464760599769
GO:0060043,Regulation of Cardiac Muscle Cell Proliferation,,0.9254550985427968,1,0,0.03364464760599769
GO:0070830,Bicellular Tight Junction Assembly,,0.9254550985427968,1,0,0.03364464760599769
GO:0003209,Cardiac Atrium Morphogenesis,,0.9254864695559856,1,0,0.0336299261710743
GO:0008543,Fibroblast Growth Factor Receptor Signaling Pathway,,0.9254864695559856,1,0,0.0336299261710743
GO:0016485,Protein Processing,,0.9254864695559856,1,0,0.0336299261710743
GO:0014706,Striated Muscle Tissue Development,,0.9255561764320754,1,0,0.03359721670139625
GO:0007215,Glutamate Receptor Signaling Pathway,,0.9259482972496,1,0,0.033413262611890024
GO:1900151,"Regulation of Nuclear-Transcribed mRNA Catabolic Process, Deadenylation-Dependent Decay",,0.9266750884847978,1,0,0.03307251182404484
GO:0030510,Regulation of BMP Signaling Pathway,,0.9271403685349804,1,0,0.03285450893512536
GO:0034135,Regulation of Toll-Like Receptor 2 Signaling Pathway,,0.9271403685349804,1,0,0.03285450893512536
GO:0051017,Actin Filament Bundle Assembly,,0.9271403685349804,1,0,0.03285450893512536
GO:0001961,Positive Regulation of Cytokine-Mediated Signaling Pathway,,0.9276500377916652,1,0,0.03261583339465457
GO:0036092,Phosphatidylinositol-3-Phosphate Biosynthetic Process,,0.9276500377916652,1,0,0.03261583339465457
GO:0061036,Positive Regulation of Cartilage Development,,0.9276614795157568,1,0,0.032610476798104436
GO:0032088,Negative Regulation of NF-kappaB Transcription Factor Activity,,0.9277142761690196,1,0,0.0325857601927366
GO:1903579,Negative Regulation of ATP Metabolic Process,,0.9277142761690196,1,0,0.0325857601927366
GO:0010586,miRNA Metabolic Process,,0.9282669643510943,1,0,0.03232710517021491
GO:0022604,Regulation of Cell Morphogenesis,,0.9305501906277568,1,0,0.031260197573701444
GO:0036158,Outer Dynein Arm Assembly,,0.9305501906277568,1,0,0.031260197573701444
GO:0038128,ERBB2 Signaling Pathway,,0.9305501906277568,1,0,0.031260197573701444
GO:0045646,Regulation of Erythrocyte Differentiation,,0.9305501906277568,1,0,0.031260197573701444
GO:0061337,Cardiac Conduction,,0.9305501906277568,1,0,0.031260197573701444
GO:0180012,"Co-Transcriptional RNA 3'-End Processing, Cleavage and Polyadenylation Pathway",,0.930895944569796,1,0,0.031098861687573465
GO:0002573,Myeloid Leukocyte Differentiation,,0.9312093131325602,1,0,0.030952689242882418
GO:0008285,Negative Regulation of Cell Population Proliferation,,0.9312093131325602,1,0,0.030952689242882418
GO:0043066,Negative Regulation of Apoptotic Process,,0.9312093131325602,1,0,0.030952689242882418
GO:0055007,Cardiac Muscle Cell Differentiation,,0.9312093131325602,1,0,0.030952689242882418
GO:0071384,Cellular Response to Corticosteroid Stimulus,,0.9312093131325602,1,0,0.030952689242882418
GO:1902531,Regulation of Intracellular Signal Transduction,,0.9312093131325602,1,0,0.030952689242882418
GO:2000142,Regulation of DNA-templated Transcription Initiation,,0.9312093131325602,1,0,0.030952689242882418
GO:0050770,Regulation of Axonogenesis,,0.9314620216498138,1,0,0.03083484782534709
GO:0045806,Negative Regulation of Endocytosis,,0.934387287348984,1,0,0.02947307891290881
GO:0050910,Detection of Mechanical Stimulus Involved in Sensory Perception of Sound,,0.934387287348984,1,0,0.02947307891290881
GO:0090303,Positive Regulation of Wound Healing,,0.934387287348984,1,0,0.02947307891290881
GO:1901203,Positive Regulation of Extracellular Matrix Assembly,,0.934387287348984,1,0,0.02947307891290881
GO:2000738,Positive Regulation of Stem Cell Differentiation,,0.9345034145415856,1,0,0.029419107432436822
GO:0006085,acetyl-CoA Biosynthetic Process,,0.9353074934533672,1,0,0.029045586180170734
GO:0046466,Membrane Lipid Catabolic Process,,0.9357675463824824,1,0,0.028832020771760416
GO:0002711,Positive Regulation of T Cell Mediated Immunity,,0.9359652361316556,1,0,0.028740281642846196
GO:0031122,Cytoplasmic Microtubule Organization,,0.9359652361316556,1,0,0.028740281642846196
GO:0045861,Negative Regulation of Proteolysis,,0.9359652361316556,1,0,0.028740281642846196
GO:0003231,Cardiac Ventricle Development,,0.9360140347618816,1,0,0.02871763932392108
GO:0023056,Positive Regulation of Signaling,,0.9360140347618816,1,0,0.02871763932392108
GO:0051091,Positive Regulation of DNA-binding Transcription Factor Activity,,0.9360140347618816,1,0,0.02871763932392108
GO:0072075,Metanephric Mesenchyme Development,,0.9360140347618816,1,0,0.02871763932392108
GO:0072348,Sulfur Compound Transport,,0.9360140347618816,1,0,0.02871763932392108
GO:0030838,Positive Regulation of Actin Filament Polymerization,,0.936367596780381,1,0,0.028553623577469437
GO:0090317,Negative Regulation of Intracellular Protein Transport,,0.936367596780381,1,0,0.028553623577469437
GO:0040036,Regulation of Fibroblast Growth Factor Receptor Signaling Pathway,,0.9364318528088342,1,0,0.028523822160554938
GO:0010820,Positive Regulation of T Cell Chemotaxis,,0.9365825010389286,1,0,0.02845396076836096
GO:0060997,Dendritic Spine Morphogenesis,,0.9365825010389286,1,0,0.02845396076836096
GO:0010596,Negative Regulation of Endothelial Cell Migration,,0.9369217286529334,1,0,0.028296688977727483
GO:0010544,Negative Regulation of Platelet Activation,,0.9374063734829574,1,0,0.028072098011169114
GO:0042743,Hydrogen Peroxide Metabolic Process,,0.9374063734829574,1,0,0.028072098011169114
GO:0006672,Ceramide Metabolic Process,,0.9379877726901285,1,0,0.02780282290858689
GO:0006836,Neurotransmitter Transport,,0.9391111800479176,1,0,0.027282989179037043
GO:0009100,Glycoprotein Metabolic Process,,0.9391111800479176,1,0,0.027282989179037043
GO:0050974,Detection of Mechanical Stimulus Involved in Sensory Perception,,0.9391111800479176,1,0,0.027282989179037043
GO:0032958,Inositol Phosphate Biosynthetic Process,,0.9396802970857204,1,0,0.027019879196217893
GO:0048143,Astrocyte Activation,,0.9398662941940552,1,0,0.026933924936357344
GO:0031054,pre-miRNA Processing,,0.9405665662097236,1,0,0.026610462937049894
GO:0048013,Ephrin Receptor Signaling Pathway,,0.9405665662097236,1,0,0.026610462937049894
GO:0050865,Regulation of Cell Activation,,0.9410827785661344,1,0,0.0263721739230779
GO:1901797,Negative Regulation of Signal Transduction by P53 Class Mediator,,0.9411150857693368,1,0,0.026357264927223907
GO:0018345,Protein Palmitoylation,,0.942357701600192,1,0,0.02578421573810494
GO:0007156,Homophilic Cell Adhesion via Plasma Membrane Adhesion Molecules,,0.94259977531897,1,0,0.02567266809616147
GO:0007409,Axonogenesis,,0.94259977531897,1,0,0.02567266809616147
GO:0016558,Protein Import Into Peroxisome Matrix,,0.94259977531897,1,0,0.02567266809616147
GO:0032400,Melanosome Localization,,0.94259977531897,1,0,0.02567266809616147
GO:0032648,Regulation of Interferon-Beta Production,,0.94259977531897,1,0,0.02567266809616147
GO:0048638,Regulation of Developmental Growth,,0.94259977531897,1,0,0.02567266809616147
GO:0010951,Negative Regulation of Endopeptidase Activity,,0.942777514654944,1,0,0.025590783994268645
GO:0030224,Monocyte Differentiation,,0.942777514654944,1,0,0.025590783994268645
GO:0034145,Positive Regulation of Toll-Like Receptor 4 Signaling Pathway,,0.942777514654944,1,0,0.025590783994268645
GO:0045778,Positive Regulation of Ossification,,0.942777514654944,1,0,0.025590783994268645
GO:1903169,Regulation of Calcium Ion Transmembrane Transport,,0.942777514654944,1,0,0.025590783994268645
GO:0050847,Progesterone Receptor Signaling Pathway,,0.944185588946758,1,0,0.024942632467212362
GO:0071349,Cellular Response to Interleukin-12,,0.944185588946758,1,0,0.024942632467212362
GO:0003018,Vascular Process in Circulatory System,,0.9442372274558838,1,0,0.024918881091855263
GO:0008016,Regulation of Heart Contraction,,0.9442372274558838,1,0,0.024918881091855263
GO:0019637,Organophosphate Metabolic Process,,0.9442372274558838,1,0,0.024918881091855263
GO:0035296,Regulation of Tube Diameter,,0.9442372274558838,1,0,0.024918881091855263
GO:0010466,Negative Regulation of Peptidase Activity,,0.9443246959089384,1,0,0.024878652528460617
GO:0030183,B Cell Differentiation,,0.9443246959089384,1,0,0.024878652528460617
GO:0032147,Activation of Protein Kinase Activity,,0.9443246959089384,1,0,0.024878652528460617
GO:0036376,Sodium Ion Export Across Plasma Membrane,,0.9443246959089384,1,0,0.024878652528460617
GO:0043113,Receptor Clustering,,0.9443246959089384,1,0,0.024878652528460617
GO:0060538,Skeletal Muscle Organ Development,,0.9443246959089384,1,0,0.024878652528460617
GO:0071705,Nitrogen Compound Transport,,0.9443246959089384,1,0,0.024878652528460617
GO:0097061,Dendritic Spine Organization,,0.9443246959089384,1,0,0.024878652528460617
GO:0050820,Positive Regulation of Coagulation,,0.9443768442053252,1,0,0.02485467021374739
GO:0032801,Receptor Catabolic Process,,0.9444599231524772,1,0,0.024816466035432735
GO:0034446,Substrate Adhesion-Dependent Cell Spreading,,0.9445415953843735,1,0,0.02477891201622063
GO:0090051,Negative Regulation of Cell Migration Involved in Sprouting Angiogenesis,,0.9445415953843735,1,0,0.02477891201622063
GO:0061099,Negative Regulation of Protein Tyrosine Kinase Activity,,0.944962261894802,1,0,0.02458553517127246
GO:1902624,Positive Regulation of Neutrophil Migration,,0.9450707177021078,1,0,0.024535692910101957
GO:0001932,Regulation of Protein Phosphorylation,,0.9451293057371593,1,0,0.024508770404524753
GO:0007605,Sensory Perception of Sound,,0.9451293057371593,1,0,0.024508770404524753
GO:0008625,Extrinsic Apoptotic Signaling Pathway via Death Domain Receptors,,0.9451293057371593,1,0,0.024508770404524753
GO:0010954,Positive Regulation of Protein Processing,,0.9451293057371593,1,0,0.024508770404524753
GO:0019377,Glycolipid Catabolic Process,,0.9451293057371593,1,0,0.024508770404524753
GO:0019886,Antigen Processing and Presentation of Exogenous Peptide Antigen via MHC Class II,,0.9451293057371593,1,0,0.024508770404524753
GO:0035249,"Synaptic Transmission, Glutamatergic",,0.9451293057371593,1,0,0.024508770404524753
GO:0043588,Skin Development,,0.9451293057371593,1,0,0.024508770404524753
GO:0045765,Regulation of Angiogenesis,,0.9451293057371593,1,0,0.024508770404524753
GO:0051899,Membrane Depolarization,,0.9451293057371593,1,0,0.024508770404524753
GO:0120032,Regulation of Plasma Membrane Bounded Cell Projection Assembly,,0.9451293057371593,1,0,0.024508770404524753
GO:0150063,Visual System Development,,0.9451293057371593,1,0,0.024508770404524753
GO:2000047,Regulation of Cell-Cell Adhesion Mediated by Cadherin,,0.9451293057371593,1,0,0.024508770404524753
GO:2000369,Regulation of Clathrin-Dependent Endocytosis,,0.9451293057371593,1,0,0.024508770404524753
GO:0008584,Male Gonad Development,,0.945448650023046,1,0,0.024362053933950856
GO:0034727,Piecemeal Microautophagy of the Nucleus,,0.945448650023046,1,0,0.024362053933950856
GO:0035196,miRNA Processing,,0.945448650023046,1,0,0.024362053933950856
GO:0043534,Blood Vessel Endothelial Cell Migration,,0.945448650023046,1,0,0.024362053933950856
GO:0001701,in Utero Embryonic Development,,0.9466629088392144,1,0,0.023804638623644764
GO:0045591,Positive Regulation of Regulatory T Cell Differentiation,,0.9466629088392144,1,0,0.023804638623644764
GO:0035194,Regulatory ncRNA-mediated Post-Transcriptional Gene Silencing,,0.9467194299856234,1,0,0.023778709553218563
GO:0003180,Aortic Valve Morphogenesis,,0.9469794518377512,1,0,0.023659444492287303
GO:0006915,Apoptotic Process,,0.9469794518377512,1,0,0.023659444492287303
GO:0010634,Positive Regulation of Epithelial Cell Migration,,0.9469794518377512,1,0,0.023659444492287303
GO:0045773,Positive Regulation of Axon Extension,,0.9469794518377512,1,0,0.023659444492287303
GO:0071902,Positive Regulation of Protein Serine/Threonine Kinase Activity,,0.9469794518377512,1,0,0.023659444492287303
GO:1903706,Regulation of Hemopoiesis,,0.9469794518377512,1,0,0.023659444492287303
GO:0098661,Inorganic Anion Transmembrane Transport,,0.9478779971137378,1,0,0.02324755779910371
GO:0050771,Negative Regulation of Axonogenesis,,0.9481767179287004,1,0,0.023110712800262632
GO:0009225,Nucleotide-Sugar Metabolic Process,,0.9482311021675968,1,0,0.023085803838581092
GO:0010821,Regulation of Mitochondrion Organization,,0.9482311021675968,1,0,0.023085803838581092
GO:0072001,Renal System Development,,0.9482311021675968,1,0,0.023085803838581092
GO:1990138,Neuron Projection Extension,,0.9482311021675968,1,0,0.023085803838581092
GO:0006468,Protein Phosphorylation,,0.9483783853991036,1,0,0.023018352636561715
GO:0032402,Melanosome Transport,,0.9483783853991036,1,0,0.023018352636561715
GO:0035567,Non-Canonical Wnt Signaling Pathway,,0.9483783853991036,1,0,0.023018352636561715
GO:0050810,Regulation of Steroid Biosynthetic Process,,0.9483783853991036,1,0,0.023018352636561715
GO:0051494,Negative Regulation of Cytoskeleton Organization,,0.9483783853991036,1,0,0.023018352636561715
GO:0051904,Pigment Granule Transport,,0.9483783853991036,1,0,0.023018352636561715
GO:0030193,Regulation of Blood Coagulation,,0.948833921790484,1,0,0.02280979722699072
GO:0062208,Positive Regulation of Pattern Recognition Receptor Signaling Pathway,,0.948833921790484,1,0,0.02280979722699072
GO:0006044,N-acetylglucosamine Metabolic Process,,0.948970283313422,1,0,0.02274738714601549
GO:0006898,Receptor-Mediated Endocytosis,,0.948970283313422,1,0,0.02274738714601549
GO:0022407,Regulation of Cell-Cell Adhesion,,0.948970283313422,1,0,0.02274738714601549
GO:0045822,Negative Regulation of Heart Contraction,,0.948970283313422,1,0,0.02274738714601549
GO:0002501,Peptide Antigen Assembly With MHC Protein Complex,,0.949419683790218,1,0,0.02254176853839004
GO:0090136,Epithelial Cell-Cell Adhesion,,0.949419683790218,1,0,0.02254176853839004
GO:0001881,Receptor Recycling,,0.9498915401408692,1,0,0.022325980192622608
GO:0061098,Positive Regulation of Protein Tyrosine Kinase Activity,,0.9498915401408692,1,0,0.022325980192622608
GO:1902991,Regulation of Amyloid Precursor Protein Catabolic Process,,0.9498915401408692,1,0,0.022325980192622608
GO:1905523,Positive Regulation of Macrophage Migration,,0.9498915401408692,1,0,0.022325980192622608
GO:2000209,Regulation of Anoikis,,0.9498915401408692,1,0,0.022325980192622608
GO:0034587,piRNA Processing,,0.9502816085436964,1,0,0.022147675855031575
GO:0046635,Positive Regulation of Alpha-Beta T Cell Activation,,0.950774115640744,1,0,0.021922650237307453
GO:0046638,Positive Regulation of Alpha-Beta T Cell Differentiation,,0.9523868825626968,1,0,0.021186594860888516
GO:0046148,Pigment Biosynthetic Process,,0.9528996386651846,1,0,0.02095283773431697
GO:0002698,Negative Regulation of Immune Effector Process,,0.953240498706466,1,0,0.020797514803221395
GO:0001764,Neuron Migration,,0.9537299732460216,1,0,0.02057456840802959
GO:0006515,Protein Quality Control for Misfolded or Incompletely Synthesized Proteins,,0.9537299732460216,1,0,0.02057456840802959
GO:0046503,Glycerolipid Catabolic Process,,0.9537299732460216,1,0,0.02057456840802959
GO:0070059,Intrinsic Apoptotic Signaling Pathway in Response to Endoplasmic Reticulum Stress,,0.9540721202085336,1,0,0.020418794871642568
GO:0030890,Positive Regulation of B Cell Proliferation,,0.9540788957108212,1,0,0.02041571066789656
GO:0045766,Positive Regulation of Angiogenesis,,0.9540788957108212,1,0,0.02041571066789656
GO:2000403,Positive Regulation of Lymphocyte Migration,,0.9540788957108212,1,0,0.02041571066789656
GO:0032886,Regulation of Microtubule-Based Process,,0.9544254415353998,1,0,0.020257992460965633
GO:0015807,L-amino Acid Transport,,0.9552308112352716,1,0,0.019891677699577958
GO:1902476,Chloride Transmembrane Transport,,0.9552308112352716,1,0,0.019891677699577958
GO:0043304,Regulation of Mast Cell Degranulation,,0.9555511568219578,1,0,0.019746057399377234
GO:0050927,Positive Regulation of Positive Chemotaxis,,0.9555511568219578,1,0,0.019746057399377234
GO:0045214,Sarcomere Organization,,0.955594896024759,1,0,0.019726178547737998
GO:0002702,Positive Regulation of Production of Molecular Mediator of Immune Response,,0.9557948633371278,1,0,0.01963530780804267
GO:0019222,Regulation of Metabolic Process,,0.9561167945515726,1,0,0.01948905319347379
GO:1903902,Positive Regulation of Viral Life Cycle,,0.956221909073032,1,0,0.019441309918083145
GO:0017157,Regulation of Exocytosis,,0.956431990342344,1,0,0.019345906210796356
GO:0048008,Platelet-Derived Growth Factor Receptor Signaling Pathway,,0.957117577228723,1,0,0.01903470798587907
GO:0002478,Antigen Processing and Presentation of Exogenous Peptide Antigen,,0.95765322780231,1,0,0.01879172319230034
GO:0031348,Negative Regulation of Defense Response,,0.9583816981930756,1,0,0.018461488412244004
GO:0051932,"Synaptic Transmission, GABAergic",,0.9583816981930756,1,0,0.018461488412244004
GO:1903358,Regulation of Golgi Organization,,0.9583816981930756,1,0,0.018461488412244004
GO:1990535,Neuron Projection Maintenance,,0.9583816981930756,1,0,0.018461488412244004
GO:0030521,Androgen Receptor Signaling Pathway,,0.9590935755809148,1,0,0.018139018089144573
GO:0045745,Positive Regulation of G Protein-Coupled Receptor Signaling Pathway,,0.959924919054852,1,0,0.01776273416390591
GO:0043507,Positive Regulation of JUN Kinase Activity,,0.9611605673165023,1,0,0.01720405491780367
GO:0050866,Negative Regulation of Cell Activation,,0.9611605673165023,1,0,0.01720405491780367
GO:0016339,Calcium-Dependent Cell-Cell Adhesion via Plasma Membrane Cell Adhesion Molecules,,0.9621449761302492,1,0,0.01675948348240498
GO:0002312,B Cell Activation Involved in Immune Response,,0.962334359702618,1,0,0.016674007645718143
GO:0006650,Glycerophospholipid Metabolic Process,,0.962334359702618,1,0,0.016674007645718143
GO:0070169,Positive Regulation of Biomineral Tissue Development,,0.962334359702618,1,0,0.016674007645718143
GO:1901379,Regulation of Potassium Ion Transmembrane Transport,,0.962334359702618,1,0,0.016674007645718143
GO:0034103,Regulation of Tissue Remodeling,,0.9637863956030592,1,0,0.016019208306879675
GO:0006622,Protein Targeting to Lysosome,,0.9640369286357372,1,0,0.015906329587267738
GO:0006883,Intracellular Sodium Ion Homeostasis,,0.9640369286357372,1,0,0.015906329587267738
GO:0008090,Retrograde Axonal Transport,,0.9640369286357372,1,0,0.015906329587267738
GO:0030834,Regulation of Actin Filament Depolymerization,,0.9640369286357372,1,0,0.015906329587267738
GO:0032367,Intracellular Cholesterol Transport,,0.9640369286357372,1,0,0.015906329587267738
GO:0033209,Tumor Necrosis Factor-Mediated Signaling Pathway,,0.9640369286357372,1,0,0.015906329587267738
GO:0042795,snRNA Transcription by RNA Polymerase II,,0.9640369286357372,1,0,0.015906329587267738
GO:0051788,Response to Misfolded Protein,,0.9640369286357372,1,0,0.015906329587267738
GO:1901385,Regulation of Voltage-Gated Calcium Channel Activity,,0.9640369286357372,1,0,0.015906329587267738
GO:2000052,Positive Regulation of Non-Canonical Wnt Signaling Pathway,,0.9640369286357372,1,0,0.015906329587267738
GO:0034138,Toll-Like Receptor 3 Signaling Pathway,,0.9649230275990284,1,0,0.015507329166339184
GO:1903036,Positive Regulation of Response to Wounding,,0.9649705977419788,1,0,0.015485919229211428
GO:1904705,Regulation of Vascular Associated Smooth Muscle Cell Proliferation,,0.9657793688469308,1,0,0.015122076313633758
GO:1901021,Positive Regulation of Calcium Ion Transmembrane Transporter Activity,,0.9663467502856232,1,0,0.01486700949102689
GO:1903672,Positive Regulation of Sprouting Angiogenesis,,0.9679193805510968,1,0,0.014160814220405224
GO:1902692,Regulation of Neuroblast Proliferation,,0.9688241196308112,1,0,0.013755057631133577
GO:0002431,Fc Receptor Mediated Stimulatory Signaling Pathway,,0.9707620183545022,1,0,0.012887224039466048
GO:0007229,Integrin-Mediated Signaling Pathway,,0.9707620183545022,1,0,0.012887224039466048
GO:0031272,Regulation of Pseudopodium Assembly,,0.9707620183545022,1,0,0.012887224039466048
GO:0031274,Positive Regulation of Pseudopodium Assembly,,0.9707620183545022,1,0,0.012887224039466048
GO:0043433,Negative Regulation of DNA-binding Transcription Factor Activity,,0.9707620183545022,1,0,0.012887224039466048
GO:0060998,Regulation of Dendritic Spine Development,,0.9707620183545022,1,0,0.012887224039466048
GO:0006308,DNA Catabolic Process,,0.9709708313495712,1,0,0.012793816409398317
GO:0098656,Monoatomic Anion Transmembrane Transport,,0.9709708313495712,1,0,0.012793816409398317
GO:1900273,Positive Regulation of Long-Term Synaptic Potentiation,,0.9709708313495712,1,0,0.012793816409398317
GO:1905475,Regulation of Protein Localization to Membrane,,0.9709708313495712,1,0,0.012793816409398317
GO:0038096,Fc-gamma Receptor Signaling Pathway Involved in Phagocytosis,,0.9711447587661548,1,0,0.01271602936329218
GO:0045616,Regulation of Keratinocyte Differentiation,,0.9711447587661548,1,0,0.01271602936329218
GO:0010880,Regulation of Release of Sequestered Calcium Ion Into Cytosol by Sarcoplasmic Reticulum,,0.9725551200690832,1,0,0.012085775438272005
GO:0045785,Positive Regulation of Cell Adhesion,,0.9725551200690832,1,0,0.012085775438272005
GO:0045937,Positive Regulation of Phosphate Metabolic Process,,0.9725551200690832,1,0,0.012085775438272005
GO:0051341,Regulation of Oxidoreductase Activity,,0.9725551200690832,1,0,0.012085775438272005
GO:1900226,Negative Regulation of NLRP3 Inflammasome Complex Assembly,,0.9725551200690832,1,0,0.012085775438272005
GO:2000147,Positive Regulation of Cell Motility,,0.9725551200690832,1,0,0.012085775438272005
GO:0002062,Chondrocyte Differentiation,,0.9726907688682096,1,0,0.012025205691929983
GO:0034498,Early Endosome to Golgi Transport,,0.9726907688682096,1,0,0.012025205691929983
GO:0034765,Regulation of Monoatomic Ion Transmembrane Transport,,0.9726907688682096,1,0,0.012025205691929983
GO:0051129,Negative Regulation of Cellular Component Organization,,0.9727670798833544,1,0,0.011991135097366244
GO:0009967,Positive Regulation of Signal Transduction,,0.9727962891911892,1,0,0.01197809471902087
GO:0032780,Negative Regulation of ATP-dependent Activity,,0.9727962891911892,1,0,0.01197809471902087
GO:0034389,Lipid Droplet Organization,,0.9727962891911892,1,0,0.01197809471902087
GO:0042308,Negative Regulation of Protein Import Into Nucleus,,0.9727962891911892,1,0,0.01197809471902087
GO:0051928,Positive Regulation of Calcium Ion Transport,,0.9727962891911892,1,0,0.01197809471902087
GO:0071044,Histone mRNA Catabolic Process,,0.9727962891911892,1,0,0.01197809471902087
GO:0042733,Embryonic Digit Morphogenesis,,0.974147257413284,1,0,0.011375387835946443
GO:0032102,Negative Regulation of Response to External Stimulus,,0.9742915149991876,1,0,0.011311079658001967
GO:0016126,Sterol Biosynthetic Process,,0.97429820505996,1,0,0.011308097545916352
GO:0048268,Clathrin Coat Assembly,,0.97429820505996,1,0,0.011308097545916352
GO:0003009,Skeletal Muscle Contraction,,0.9745849054493,1,0,0.011180319335641302
GO:0045022,Early Endosome to Late Endosome Transport,,0.9745849054493,1,0,0.011180319335641302
GO:0072337,Modified Amino Acid Transport,,0.9745849054493,1,0,0.011180319335641302
GO:0046851,Negative Regulation of Bone Remodeling,,0.9752069246270236,1,0,0.010903223594936437
GO:1902175,Regulation of Oxidative Stress-Induced Intrinsic Apoptotic Signaling Pathway,,0.9752069246270236,1,0,0.010903223594936437
GO:0002042,Cell Migration Involved in Sprouting Angiogenesis,,0.9757374200355377,1,0,0.010667039272301854
GO:0016525,Negative Regulation of Angiogenesis,,0.9757374200355377,1,0,0.010667039272301854
GO:1900747,Negative Regulation of Vascular Endothelial Growth Factor Signaling Pathway,,0.9757374200355377,1,0,0.010667039272301854
GO:0060562,Epithelial Tube Morphogenesis,,0.975829946414729,1,0,0.010625858325505761
GO:0006692,Prostanoid Metabolic Process,,0.9765955998684654,1,0,0.010285236796877976
GO:0006743,Ubiquinone Metabolic Process,,0.9768375378213234,1,0,0.010177659714868703
GO:0072665,Protein Localization to Vacuole,,0.9768375378213234,1,0,0.010177659714868703
GO:0090025,Regulation of Monocyte Chemotaxis,,0.9773938868325396,1,0,0.009930381619692341
GO:0009167,Purine Ribonucleoside Monophosphate Metabolic Process,,0.9774902525119502,1,0,0.009887564675194725
GO:0043406,Positive Regulation of MAP Kinase Activity,,0.9789738221628014,1,0,0.009228921110288814
GO:0002756,MyD88-independent Toll-Like Receptor Signaling Pathway,,0.9793278098257936,1,0,0.009071912723161372
GO:0002763,Positive Regulation of Myeloid Leukocyte Differentiation,,0.9793278098257936,1,0,0.009071912723161372
GO:0006474,N-terminal Protein Amino Acid Acetylation,,0.9793278098257936,1,0,0.009071912723161372
GO:0043506,Regulation of JUN Kinase Activity,,0.9793278098257936,1,0,0.009071912723161372
GO:0044793,Negative Regulation by Host of Viral Process,,0.9793278098257936,1,0,0.009071912723161372
GO:0048678,Response to Axon Injury,,0.9793278098257936,1,0,0.009071912723161372
GO:0060612,Adipose Tissue Development,,0.9793278098257936,1,0,0.009071912723161372
GO:0034113,Heterotypic Cell-Cell Adhesion,,0.9798225242697186,1,0,0.008852581154836123
GO:0031632,Positive Regulation of Synaptic Vesicle Fusion to Presynaptic Active Zone Membrane,,0.9800932613623358,1,0,0.008732596789201635
GO:0043651,Linoleic Acid Metabolic Process,,0.9800932613623358,1,0,0.008732596789201635
GO:0048710,Regulation of Astrocyte Differentiation,,0.9800932613623358,1,0,0.008732596789201635
GO:0062009,Secondary Palate Development,,0.9800932613623358,1,0,0.008732596789201635
GO:0099502,Calcium-Dependent Activation of Synaptic Vesicle Fusion,,0.9800932613623358,1,0,0.008732596789201635
GO:0002548,Monocyte Chemotaxis,,0.981161989774306,1,0,0.008259284712516517
GO:0015800,Acidic Amino Acid Transport,,0.981299657502274,1,0,0.008198352734789773
GO:0045089,Positive Regulation of Innate Immune Response,,0.981299657502274,1,0,0.008198352734789773
GO:1903307,Positive Regulation of Regulated Secretory Pathway,,0.981299657502274,1,0,0.008198352734789773
GO:2000629,Negative Regulation of miRNA Metabolic Process,,0.9815585166463028,1,0,0.008083804368561114
GO:0055010,Ventricular Cardiac Muscle Tissue Morphogenesis,,0.9818307693342436,1,0,0.007963361783223476
GO:0030032,Lamellipodium Assembly,,0.9828359296474656,1,0,0.007518975347829651
GO:0003177,Pulmonary Valve Development,,0.984640590602404,1,0,0.006722264936120967
GO:0048814,Regulation of Dendrite Morphogenesis,,0.9849167148418022,1,0,0.006600492156070808
GO:2001259,Positive Regulation of Cation Channel Activity,,0.9849167148418022,1,0,0.006600492156070808
GO:0042552,Myelination,,0.9853227433215618,1,0,0.006421492664388906
GO:1903054,Negative Regulation of Extracellular Matrix Organization,,0.9853227433215618,1,0,0.006421492664388906
GO:0033144,Negative Regulation of Intracellular Steroid Hormone Receptor Signaling Pathway,,0.9859856333104228,1,0,0.006129413070414557
GO:0150011,Regulation of Neuron Projection Arborization,,0.9859856333104228,1,0,0.006129413070414557
GO:0035278,miRNA-mediated Gene Silencing by Inhibition of Translation,,0.986225681000692,1,0,0.006023692768501818
GO:0044273,Sulfur Compound Catabolic Process,,0.986225681000692,1,0,0.006023692768501818
GO:0060999,Positive Regulation of Dendritic Spine Development,,0.986225681000692,1,0,0.006023692768501818
GO:0090314,Positive Regulation of Protein Targeting to Membrane,,0.986225681000692,1,0,0.006023692768501818
GO:1901136,Carbohydrate Derivative Catabolic Process,,0.986225681000692,1,0,0.006023692768501818
GO:1901798,Positive Regulation of Signal Transduction by P53 Class Mediator,,0.986225681000692,1,0,0.006023692768501818
GO:0061572,Actin Filament Bundle Organization,,0.9864930969892004,1,0,0.005905949387956089
GO:1904262,Negative Regulation of TORC1 Signaling,,0.9864930969892004,1,0,0.005905949387956089
GO:0032897,Negative Regulation of Viral Transcription,,0.987656120708662,1,0,0.005394240508413293
GO:0010557,Positive Regulation of Macromolecule Biosynthetic Process,,0.9878195709365912,1,0,0.005322373734736782
GO:0015936,Coenzyme A Metabolic Process,,0.9878195709365912,1,0,0.005322373734736782
GO:1903376,Regulation of Oxidative Stress-Induced Neuron Intrinsic Apoptotic Signaling Pathway,,0.9881794998815092,1,0,0.005164159939302956
GO:0002009,Morphogenesis of an Epithelium,,0.9884004582616694,1,0,0.0050670619137581216
GO:0010717,Regulation of Epithelial to Mesenchymal Transition,,0.9884004582616694,1,0,0.0050670619137581216
GO:0034109,Homotypic Cell-Cell Adhesion,,0.9884004582616694,1,0,0.0050670619137581216
GO:0045579,Positive Regulation of B Cell Differentiation,,0.9884004582616694,1,0,0.0050670619137581216
GO:1904177,Regulation of Adipose Tissue Development,,0.9884004582616694,1,0,0.0050670619137581216
GO:0051251,Positive Regulation of Lymphocyte Activation,,0.9898030963881046,1,0,0.0044511919249794795
GO:1902532,Negative Regulation of Intracellular Signal Transduction,,0.9898030963881046,1,0,0.0044511919249794795
GO:0009065,Glutamine Family Amino Acid Catabolic Process,,0.99027316015099,1,0,0.004244991682413409
GO:0010804,Negative Regulation of Tumor Necrosis Factor-Mediated Signaling Pathway,,0.99027316015099,1,0,0.004244991682413409
GO:0031032,Actomyosin Structure Organization,,0.99027316015099,1,0,0.004244991682413409
GO:0070885,Negative Regulation of calcineurin-NFAT Signaling Cascade,,0.99027316015099,1,0,0.004244991682413409
GO:0071634,Regulation of Transforming Growth Factor Beta Production,,0.99027316015099,1,0,0.004244991682413409
GO:0106057,Negative Regulation of Calcineurin-Mediated Signaling,,0.99027316015099,1,0,0.004244991682413409
GO:2000181,Negative Regulation of Blood Vessel Morphogenesis,,0.99027316015099,1,0,0.004244991682413409
GO:0090049,Regulation of Cell Migration Involved in Sprouting Angiogenesis,,0.990421079443214,1,0,0.004180124999595657
GO:0006936,Muscle Contraction,,0.9910627575208144,1,0,0.0038988436156114216
GO:0014033,Neural Crest Cell Differentiation,,0.9910627575208144,1,0,0.0038988436156114216
GO:0006110,Regulation of Glycolytic Process,,0.9911168473706412,1,0,0.0038751415017821635
GO:0007612,Learning,,0.9911168473706412,1,0,0.0038751415017821635
GO:0045542,Positive Regulation of Cholesterol Biosynthetic Process,,0.9911168473706412,1,0,0.0038751415017821635
GO:0106120,Positive Regulation of Sterol Biosynthetic Process,,0.9911168473706412,1,0,0.0038751415017821635
GO:0090140,Regulation of Mitochondrial Fission,,0.9911581350647972,1,0,0.003857050149266553
GO:0034982,Mitochondrial Protein Processing,,0.9917840277165488,1,0,0.003582890126802525
GO:0010556,Regulation of Macromolecule Biosynthetic Process,,0.9919770291114836,1,0,0.0034983845450483717
GO:0016242,Negative Regulation of Macroautophagy,,0.9926635239183488,1,0,0.0031979362669836585
GO:0030501,Positive Regulation of Bone Mineralization,,0.9926635239183488,1,0,0.0031979362669836585
GO:0031648,Protein Destabilization,,0.9926635239183488,1,0,0.0031979362669836585
GO:0032727,Positive Regulation of Interferon-Alpha Production,,0.9926635239183488,1,0,0.0031979362669836585
GO:0044248,Cellular Catabolic Process,,0.99357403973488,1,0,0.0027997643365557743
GO:0006470,Protein Dephosphorylation,,0.993715972166382,1,0,0.002737729634484037
GO:0050679,Positive Regulation of Epithelial Cell Proliferation,,0.993715972166382,1,0,0.002737729634484037
GO:0071474,Cellular Hyperosmotic Response,,0.993715972166382,1,0,0.002737729634484037
GO:1904994,Regulation of Leukocyte Adhesion to Vascular Endothelial Cell,,0.993715972166382,1,0,0.002737729634484037
GO:0035970,Peptidyl-Threonine Dephosphorylation,,0.994444277228557,1,0,0.002419547150059806
GO:0060055,Angiogenesis Involved in Wound Healing,,0.994444277228557,1,0,0.002419547150059806
GO:1905897,Regulation of Response to Endoplasmic Reticulum Stress,,0.994444277228557,1,0,0.002419547150059806
GO:0002840,Regulation of T Cell Mediated Immune Response to Tumor Cell,,0.9956685146810338,1,0,0.001885226040846531
GO:0010975,Regulation of Neuron Projection Development,,0.997557225292682,1,0,0.001062181439727782
GO:1990778,Protein Localization to Cell Periphery,,0.997557225292682,1,0,0.001062181439727782
GO:0051151,Negative Regulation of Smooth Muscle Cell Differentiation,,0.9980593457653792,1,0,0.000843634291635793
GO:0033138,Positive Regulation of Peptidyl-Serine Phosphorylation,,0.9982247521810416,1,0,0.000771665483356624
GO:1903779,Regulation of Cardiac Conduction,,0.9982247521810416,1,0,0.000771665483356624
GO:0001954,Positive Regulation of Cell-Matrix Adhesion,,0.99829716649432,1,0,0.0007401615600715852
GO:0030947,Regulation of Vascular Endothelial Growth Factor Receptor Signaling Pathway,,0.99829716649432,1,0,0.0007401615600715852
GO:0003007,Heart Morphogenesis,,0.9983447646498628,1,0,0.0007194551770366728
GO:0007519,Skeletal Muscle Tissue Development,,0.9983447646498628,1,0,0.0007194551770366728
GO:0034067,Protein Localization to Golgi Apparatus,,0.9983447646498628,1,0,0.0007194551770366728
GO:0045744,Negative Regulation of G Protein-Coupled Receptor Signaling Pathway,,0.9983447646498628,1,0,0.0007194551770366728
GO:0000289,Nuclear-Transcribed mRNA poly(A) Tail Shortening,,0.9987606310594273,1,0,0.0005385849136231383
GO:0045088,Regulation of Innate Immune Response,,0.9987606310594273,1,0,0.0005385849136231383
GO:1901099,Negative Regulation of Signal Transduction in Absence of Ligand,,0.9987606310594273,1,0,0.0005385849136231383
GO:2001240,Negative Regulation of Extrinsic Apoptotic Signaling Pathway in Absence of Ligand,,0.9987606310594273,1,0,0.0005385849136231383
GO:0043268,Positive Regulation of Potassium Ion Transport,,0.9992446451874032,1,0,0.00032817038513907056
GO:0010819,Regulation of T Cell Chemotaxis,,0.9995011849815012,1,0,0.00021668665779816024
GO:0043302,Positive Regulation of Leukocyte Degranulation,,0.9995011849815012,1,0,0.00021668665779816024
