ensembl_id,baseMean,log2FoldChange,lfcSE,stat,pvalue,padj,gene_symbol
ENSG00000134690,168.7078633032933,4.075292989313256,0.1555778079581194,26.1945649112777,3.064664730162529e-151,7.169170203269204e-147,CDCA8
ENSG00000164611,272.86514195461723,4.259559242661816,0.1746450069880371,24.389814035471325,2.1935074703843485e-131,2.565636012735053e-127,PTTG1
ENSG00000134057,397.33597172296487,4.063777385883375,0.1679639878243649,24.194337360772536,2.5520214483114103e-129,1.9899812580116275e-125,CCNB1
ENSG00000112984,201.12165525280176,4.103614078069429,0.1706000649993994,24.05400067159337,7.580689399667188e-128,4.433376678160364e-124,KIF20A
ENSG00000117399,402.6500215166563,4.826564402105781,0.2038571650731306,23.67620682046827,6.3415855811418895e-124,2.9669742299930445e-120,CDC20
ENSG00000090889,213.70397717609663,4.980332230639695,0.2107143250989667,23.63547057515225,1.6651408626001834e-123,6.492106699801015e-120,KIF4A
ENSG00000100526,165.2177300672264,4.55609073663978,0.1928997403472559,23.618957332124744,2.4614929942121868e-123,8.225957944800811e-120,CDKN3
ENSG00000237649,275.6731978228287,3.596275572048942,0.1548448858363172,23.22502001035073,2.5446215490075297e-119,7.440791486991645e-116,KIFC1
ENSG00000135451,372.4156495217932,4.373943247961506,0.1896068865038863,23.068483052549123,9.59705928508882e-118,2.4944889761786976e-114,TROAP
ENSG00000157456,203.12217119659573,4.094034413788703,0.1829537785035363,22.3774247641984,6.530899408898755e-111,1.5277732987236858e-107,CCNB2
ENSG00000186185,257.2261532249629,4.210560151164924,0.1889083556827973,22.28890371707551,4.7344359083362267e-110,1.0068423563973576e-106,KIF18B
ENSG00000117724,559.0122532169642,4.283123665081162,0.1946700538475346,22.00196476257052,2.757708134391593e-107,5.375922198985211e-104,CENPF
ENSG00000101057,476.2419740683093,5.214636393647827,0.2374292807828034,21.962903549449297,6.51971161173332e-107,1.1731970287175198e-103,MYBL2
ENSG00000066279,514.394740971388,3.9386122534249406,0.1794519957063131,21.94799917338774,9.049762423671142e-107,1.512150659835279e-103,ASPM
ENSG00000148773,710.3766526178371,3.960940015054787,0.1807999424955224,21.90786103348944,2.18610770987021e-106,3.409307843799588e-103,MKI67
ENSG00000146670,210.8478067827413,4.135316752421673,0.1892471055698199,21.85141347324865,7.536395745298801e-106,1.101868160436093e-102,CDCA5
ENSG00000080986,173.60755323148416,3.1899836320804007,0.1461369759881027,21.828723432323542,1.2383076026560255e-105,1.7039841028783766e-102,NDC80
ENSG00000165304,130.43764523854202,3.989168659728298,0.1838908230826006,21.69313613837289,2.381834159707021e-104,3.0954581387792416e-101,MELK
ENSG00000115163,71.66296045990428,4.653294725647822,0.2167326143593315,21.47020991465963,2.95679868026336e-102,3.6404416593368818e-99,CENPA
ENSG00000198901,317.4535424790176,3.4557434611624056,0.1610501614769636,21.457559740830877,3.8814774575344616e-102,4.539970108205183e-99,PRC1
ENSG00000158402,76.00811431558839,4.429931304025602,0.2076024532066748,21.33853061753304,4.983636913865417e-101,5.5515342060025576e-98,CDC25C
ENSG00000142945,223.8170534817608,4.273338994265691,0.2018322160974647,21.172729888681875,1.7039599691931627e-99,1.811851616333439e-96,KIF2C
ENSG00000143228,170.53683744498085,4.35890347855077,0.2059903407554428,21.160717840288324,2.198500723253241e-99,2.2360664095244814e-96,NUF2
ENSG00000077152,164.78518560272724,3.62159307041625,0.1714106325586513,21.12817050119137,4.381992409217456e-99,4.271164517867665e-96,UBE2T
ENSG00000169679,168.72744363118989,3.861237384027908,0.1829470224126916,21.10576785074826,7.040194277611289e-99,6.587650589446435e-96,BUB1
ENSG00000131747,1220.3145769363923,4.704247716069099,0.2230631291203366,21.089311060149623,9.970294503326572e-99,8.970580742935328e-96,TOP2A
ENSG00000170312,251.91956687563905,3.918930683101656,0.1863313459013643,21.032052680906222,3.3388690812298044e-98,2.892820904341067e-95,CDK1
ENSG00000088325,590.173388106864,3.3475118455195334,0.1604365660706674,20.865018041118237,1.1135250495882938e-96,9.204846265864906e-94,TPX2
ENSG00000171848,434.802775576941,3.4097927399383274,0.1634306759203602,20.863847749120985,1.1411129043307068e-96,9.204846265864906e-94,RRM2
ENSG00000117650,149.03964897047894,3.949321120054383,0.189420812182023,20.84945721940681,1.541612786059011e-96,1.202098263475948e-93,NEK2
ENSG00000075218,149.96922526890918,3.290481756042736,0.1579206816579945,20.836294027459054,2.0295550342167444e-96,1.5315284166268485e-93,GTSE1
ENSG00000203760,120.62357223616876,3.137703695177966,0.1536378622849226,20.42272424592233,1.0504018467337542e-92,7.678765750200847e-90,CENPW
ENSG00000161888,166.17093016199084,3.5282913445951958,0.1732153940829955,20.36938670072608,3.125677317537821e-92,2.2157263481564323e-89,SPC24
ENSG00000105011,142.74315518578365,3.5265180639389686,0.173952675840787,20.272858965197354,2.232998438250011e-91,1.5363686019406616e-88,ASF1B
ENSG00000109805,301.7659735850156,3.883255700192972,0.1925814098693896,20.164229261934626,2.018675182052174e-90,1.3492248152499003e-87,NCAPG
ENSG00000122952,345.95991302102675,3.1856048610149057,0.1580175532346837,20.15981639890174,2.2069941954957644e-90,1.4341170893120116e-87,ZWINT
ENSG00000161800,326.6256018100621,2.82790799715656,0.1403958617098313,20.142388548469118,3.1383040655162822e-90,1.9841715406654697e-87,RACGAP1
ENSG00000137310,394.5679739126775,3.126996235048355,0.1555171611661868,20.10708150534476,6.3979222365695815e-90,3.938594602107163e-87,TCF19
ENSG00000089685,423.8343504927914,3.766539530377169,0.1890987873833756,19.91836955961516,2.820253092989696e-88,1.6916456565207168e-85,BIRC5
ENSG00000011426,210.3396912373824,3.707467993271512,0.1862685345146437,19.90388770133393,3.765574632311522e-88,2.2022021843415864e-85,ANLN
ENSG00000164283,109.36833641711338,4.571134750850708,0.2301389296404483,19.86250113352097,8.592319602322157e-88,4.902442255051761e-85,ESM1
ENSG00000121152,108.3087993650994,3.5813209587835466,0.1804533771635986,19.846239594267768,1.1876317543979456e-87,6.614826102531225e-85,NCAPH
ENSG00000101412,379.2597851451108,4.046445397246797,0.2080378494717562,19.450525024755912,2.884623892829713e-84,1.5693024819759414e-81,E2F1
ENSG00000123485,234.08783197139525,3.4004258057255847,0.1758400375133685,19.33817720817457,2.563785459163972e-83,1.3630598465050635e-80,HJURP
ENSG00000178999,201.8884478435819,3.7072578985697433,0.1919491438392828,19.313750634250265,4.115701089781444e-83,2.139524346516829e-80,AURKB
ENSG00000114346,234.69668650527765,2.957126992783317,0.1533680274552908,19.28124813136405,7.719129377008877e-83,3.925512902529753e-80,ECT2
ENSG00000163918,360.4319498446143,2.171538207775216,0.1129670719545091,19.22275376535983,2.3875607926937197e-82,1.1883448856060464e-79,RFC4
ENSG00000126787,115.33852287985928,4.361341624873793,0.2273989453498198,19.179251769019903,5.516853571580143e-82,2.6886615749994643e-79,DLGAP5
ENSG00000147257,8484.859079376389,6.072441283802799,0.3182091498852971,19.083176225421848,3.484272414164965e-81,1.6634200935624702e-78,GPC3
ENSG00000111665,246.73003725882396,3.208163758229756,0.1681284484006336,19.081623536934185,3.589343064206494e-81,1.6793100460196504e-78,CDCA3
ENSG00000156970,179.03418075411844,3.631186479811484,0.1910438127680591,19.007087574304244,1.4899849199787168e-80,6.834356320208258e-78,BUB1B
ENSG00000136011,548.3205175586302,-3.83187458875822,0.202627726509281,-18.910909453365,9.274344881682346e-80,4.172206727253753e-77,STAB2
ENSG00000137807,187.2943203933912,2.874398571237615,0.153011086930067,18.785557497224666,9.913956476287136e-79,4.3757959216940566e-76,KIF23
ENSG00000168078,124.64468200909576,4.529537585911236,0.2420905889569217,18.71009362828736,4.096547288680672e-78,1.7746394578538324e-75,PBK
ENSG00000174371,89.4096197361478,3.722842905984619,0.1999452345571389,18.619313004535403,2.2407016391460687e-77,9.53031517173527e-75,EXO1
ENSG00000112118,1343.3374955200654,2.358353090310732,0.1280172825633296,18.42214615939893,8.727355711778853e-76,3.645697002957906e-73,MCM3
ENSG00000154839,108.14554807463244,3.1633520970506868,0.1717433331395667,18.419067798573572,9.238077917531327e-76,3.79133959166334e-73,SKA1
ENSG00000085840,86.0173543757025,2.983864633439055,0.1622865237289093,18.38639811167214,1.688305237817624e-75,6.809400763494428e-73,ORC1
ENSG00000080709,186.3201372235864,-4.358413172820621,0.2386090775062343,-18.265915188020227,1.545990583377586e-74,6.129721646940997e-72,KCNN2
ENSG00000182481,909.7286672146018,2.82178646090154,0.1552895504302375,18.171129049466867,8.738163827855865e-74,3.406864440417204e-71,KPNA2
ENSG00000140451,155.20401838047425,2.7298133243936977,0.1503463953157348,18.15682589968955,1.13394173047859e-73,4.348573590341911e-71,PIF1
ENSG00000117632,1552.9912731667594,2.9247478157129128,0.1615093092611207,18.108849756668302,2.7135925020926162e-73,1.0238559580879444e-70,STMN1
ENSG00000175063,358.61437918524314,3.507893825659525,0.1944548238859301,18.039633862296487,9.51723778455052e-73,3.533916563396672e-70,UBE2C
ENSG00000138160,197.7756799774945,2.6916300182283948,0.1497238129135097,17.977300777019725,2.934341873311416e-72,1.0725478037870928e-69,KIF11
ENSG00000112742,112.10175843034988,3.858149930628908,0.2148594717275402,17.95662020207033,4.259681011680396e-72,1.5330264293267614e-69,TTK
ENSG00000237125,232.05799746482023,-2.6275293210333577,0.146662411527985,-17.91549241321449,8.927564267548891e-72,3.1642804683450184e-69,HAND2-AS1
ENSG00000087586,302.1304381138389,3.113320455214783,0.1741650310632344,17.875692015835398,1.823979303670612e-71,6.368410126980092e-69,AURKA
ENSG00000111206,384.7344293400081,2.791321558840369,0.1565403402448799,17.831324209937417,4.037441817144193e-71,1.3889393592419722e-68,FOXM1
ENSG00000137804,510.2870431881623,2.6269129247289165,0.1479829699499792,17.75145427623772,1.679480619906289e-70,5.693926107459104e-68,NUSAP1
ENSG00000175793,343.5108974463759,6.080313663315237,0.342764159909093,17.739059022179685,2.0941247769330068e-70,6.99826584382769e-68,SFN
ENSG00000249173,505.23301893778114,-5.522163400523709,0.3118163125818249,-17.70966808888363,3.531487306379397e-70,1.1635504585652568e-67,LINC01093
ENSG00000118193,125.08275410763753,3.036005015220925,0.1715981576924667,17.69252686652945,4.787938050450035e-70,1.555614372419134e-67,KIF14
ENSG00000169607,107.56016526684613,3.6298086809188863,0.2058870125810435,17.630100293431965,1.4471012024902122e-69,4.637265538336101e-67,CKAP2L
ENSG00000156509,69.0256847477259,3.360665100847309,0.1906295347995162,17.629299176445542,1.4677505492367616e-69,4.639876837607508e-67,FBXO43
ENSG00000137135,264.0571762646661,2.436296797580562,0.1382846101510146,17.617989412704627,1.7926373477730142e-69,5.59135539686055e-67,ARHGEF39
ENSG00000106462,492.9368602115168,2.199758728177952,0.1259221046229899,17.469202367320793,2.4590852233268397e-68,7.569129030169048e-66,EZH2
ENSG00000241168,210.0692007473715,-3.12428331605703,0.1788797372019469,-17.465831317327236,2.6087339780016e-68,7.92546934381707e-66,
ENSG00000154920,86.34228672049564,2.998107097993077,0.172008097035446,17.430034688281285,4.8816368672248565e-68,1.4640529645511677e-65,EME1
ENSG00000140534,89.0453798223743,3.0107374291340614,0.1735068866996075,17.352264722186796,1.8961913922195764e-67,5.614886739011715e-65,TICRR
ENSG00000024526,112.84265396671462,4.135722260652647,0.2401041211366473,17.224703354004234,1.7331400069793671e-66,5.067918022908542e-64,DEPDC1
ENSG00000145824,585.4070538499632,-4.271589526179732,0.248151469706505,-17.213637828669114,2.098268182554781e-66,6.059850320309136e-64,CXCL14
ENSG00000276043,231.25194932733783,3.231227732237909,0.1877667812564123,17.208729417507445,2.2838787161469085e-66,6.515460342295685e-64,UHRF1
ENSG00000164512,38.902893358352685,-3.096470897162363,0.1807696417234815,-17.12937453236175,8.961292569328546e-66,2.525680928606056e-63,ANKRD55
ENSG00000143476,177.4615685041168,3.7703220902877423,0.22038672466009,17.10775499796024,1.2991097690275445e-65,3.6178660508168274e-63,DTL
ENSG00000112818,229.85235588904143,7.375024556030811,0.4320200014620146,17.07102571888506,2.438772885958003e-65,6.711789896613595e-63,MEP1A
ENSG00000073111,560.1612826894464,3.184540540903299,0.1867636146252279,17.051182840370732,3.425308728179867e-65,9.317238032361816e-63,MCM2
ENSG00000152253,72.54973949192278,2.90860435283139,0.1707991028236007,17.029388941435847,4.972069629980871e-65,1.3369152282085343e-62,SPC25
ENSG00000128266,192.9598184602461,4.13164305304183,0.2437891364757149,16.947609367546217,2.0043991507720796e-64,5.328285151592187e-62,GNAZ
ENSG00000100162,117.43667273733776,3.282648960415933,0.1944222694550245,16.884120165953032,5.8887664298459034e-64,1.5478192482402832e-61,CENPM
ENSG00000168496,480.9084397415003,2.7249834553023278,0.1619166764970347,16.829541676963903,1.4824515654373567e-63,3.8532210522528986e-61,FEN1
ENSG00000167513,177.66926351717572,3.41247457755809,0.2030748039770477,16.804027435839757,2.280218612847001e-63,5.861665275860428e-61,CDT1
ENSG00000198826,220.91473930317875,3.03285922652966,0.1805332042976807,16.79945380866772,2.46301580209722e-63,6.262753115050028e-61,ARHGAP11A
ENSG00000085999,97.65117864180893,3.512844241279462,0.2091217930157624,16.798078242446415,2.520798369536747e-63,6.340756586943347e-61,RAD54L
ENSG00000104889,270.87208133570965,2.292549051340142,0.1366871706358402,16.772232834110778,3.895896813316448e-63,9.69539512275656e-61,RNASEH2A
ENSG00000170743,46.37852416521768,-4.556247119989362,0.2717286066109052,-16.767638773173275,4.209054503361963e-63,1.0364464420752252e-60,SYT9
ENSG00000171388,107.90261615818156,4.501005589561867,0.2686971237892875,16.75122355642169,5.547350034059804e-63,1.3517620765287602e-60,APLN
ENSG00000130829,626.1996236315886,5.667113415485589,0.3388427881348242,16.724904923255046,8.631382315851312e-63,2.0815868712856676e-60,DUSP9
ENSG00000110492,2446.8234750182137,4.652262419386638,0.2782701053537525,16.718513163576883,9.608665718529848e-63,2.293627726056824e-60,MDK
ENSG00000165480,73.05125156667154,3.4456401170957545,0.2076045966405339,16.59712825656678,7.310587853723437e-62,1.72744021880962e-59,SKA3
ENSG00000101447,275.9113965872391,2.7465228505737755,0.1657073998366645,16.574533504725704,1.0648605927094452e-61,2.491028384525205e-59,SACK1D
ENSG00000183763,97.84807438960397,2.6971100138949184,0.1648850839274223,16.357513667410377,3.845090432979025e-60,8.905762425611718e-58,TRAIP
ENSG00000163808,75.53998132279662,3.367236027697142,0.2082508687774634,16.16913315879304,8.326160816346599e-59,1.9095478429097645e-56,KIF15
ENSG00000129173,92.46639987652088,3.7488321037506527,0.2318795006478251,16.16715618792158,8.597640216541197e-59,1.9526659959761965e-56,E2F8
ENSG00000137309,1236.809198416055,2.8353087981927203,0.1759958795271359,16.110086246397366,2.167213928245953e-58,4.874772636870922e-56,HMGA1
ENSG00000183856,650.7940949609125,3.923707974639292,0.2445131595282525,16.047021690813835,5.997374608722661e-58,1.3361579449699926e-55,IQGAP3
ENSG00000071539,119.7472227642839,3.504117049685423,0.2187193502885697,16.021065557584315,9.10760737740627e-58,2.0099458432043856e-55,TRIP13
ENSG00000184661,67.134673974935,4.106960168640221,0.2567973657809423,15.99299960165327,1.4297756493842967e-57,3.125863716452977e-55,CDCA2
ENSG00000147889,260.0738782543813,3.6575576821021776,0.2289888772319908,15.972643415324802,1.9820480592094624e-57,4.293152800841385e-55,CDKN2A
ENSG00000100297,1133.6335646808484,2.210684184886295,0.1389370660086352,15.911406857755985,5.281324830492542e-57,1.1334498326579087e-54,MCM5
ENSG00000072571,161.895066525491,2.993428375459306,0.1883299912562741,15.894592016339724,6.90767098913221e-57,1.4690104313524526e-54,HMMR
ENSG00000094804,231.718453493803,3.129094197010048,0.1972558194559827,15.863127413122024,1.1406925582573053e-56,2.403983875253436e-54,CDC6
ENSG00000101003,160.98614232562227,2.6207554166321887,0.1655726829108738,15.828428763474928,1.981066539658842e-56,4.10115836833976e-54,GINS1
ENSG00000164362,111.883905176618,7.065654750884541,0.4465549475478223,15.822587544230192,2.173724009351172e-56,4.4605198026975404e-54,TERT
ENSG00000108106,754.6728774519677,3.111514822844969,0.1968070807591946,15.809973964565303,2.6557656701483827e-56,5.402289245372271e-54,UBE2S
ENSG00000242265,3451.17724467025,5.525201244521086,0.350565383258175,15.76082952962881,5.786840353481252e-56,1.1570218494785207e-53,PEG10
ENSG00000162063,171.89899305131436,2.00115101874736,0.127406682597935,15.706797931961807,1.3587040557712624e-55,2.6709381492989194e-53,CCNF
ENSG00000091622,120.15395295234136,-2.654140177652653,0.1690560998955303,-15.6997598980031,1.5181556058933119e-55,2.9595178407218542e-53,PITPNM3
ENSG00000146918,287.8000559590023,2.1053873966256056,0.1341313419119885,15.696461144831272,1.5991765457949038e-55,3.09169726741985e-53,NCAPG2
ENSG00000125148,18094.608514748157,-3.6325868736622384,0.231677895398379,-15.679471135629347,2.0898700691055145e-55,4.0072402070971556e-53,MT2A
ENSG00000138180,84.08001764663022,3.4351133273482803,0.219474937715329,15.651506104099274,3.244491565684352e-55,6.170600910248296e-53,CEP55
ENSG00000142748,1254.7914402779204,-4.713549496759029,0.3014607511621063,-15.635698772024831,4.1588751710921504e-55,7.845852167528925e-53,FCN3
ENSG00000121621,55.0720408982082,2.9854682173458094,0.191895465730444,15.557784056969348,1.4089299984653416e-54,2.6158015439761696e-52,KIF18A
ENSG00000100577,1357.2611187168438,-2.574368576205704,0.1656674757213144,-15.53937225757156,1.878140890214923e-54,3.459476365732102e-52,GSTZ1
ENSG00000186871,40.71682583883894,2.771646027986535,0.1785615533577252,15.522076146111344,2.4596231778259118e-54,4.495153515537622e-52,ERCC6L
ENSG00000284747,220.79716458453132,-2.6018443043426656,0.1681532820878672,-15.47305096895516,5.27467233751113e-54,9.491569999338295e-52,
ENSG00000276308,103.86635868605552,-2.699601387968853,0.1754612681492895,-15.385739636122562,2.0403160987973322e-53,3.6158420075125754e-51,
ENSG00000068366,1902.4055088181372,3.816655748943028,0.2480959616613989,15.383788286534042,2.1027617205904367e-53,3.698489092464066e-51,ACSL4
ENSG00000164045,89.2177597544111,3.027141252475368,0.1968951396691391,15.374382819007874,2.4314932754728123e-53,4.244770312920559e-51,CDC25A
ENSG00000105173,93.2431751019435,3.0942522878339465,0.2013067996350757,15.370828473966776,2.5686344780225307e-53,4.45096787736156e-51,CCNE1
ENSG00000170779,163.4284908309267,2.225529905068884,0.144989510963863,15.349592465509952,3.5641836620290983e-53,6.130657971018139e-51,CDCA4
ENSG00000104147,58.51087501715779,2.7344785315470688,0.1782334293810322,15.34211927046091,3.9992248259999153e-53,6.828749368950075e-51,OIP5
ENSG00000075702,220.72238932101703,2.233907698800598,0.145774235142232,15.324434366751934,5.250964802328391e-53,8.901146349338265e-51,WDR62
ENSG00000144354,183.5061519320452,4.530165866093437,0.2961256752333937,15.2981191601267,7.8698229553694175e-53,1.3244515711867393e-50,CDCA7
ENSG00000092470,115.85703748866814,2.433516261154159,0.1591460625844978,15.291086826996398,8.76746973926065e-53,1.4649815686466031e-50,WDR76
ENSG00000140525,388.74725479156655,2.284056777192577,0.1501165315718234,15.215224820857042,2.8025503292962677e-52,4.649649634980679e-50,FANCI
ENSG00000160339,403.7867786653392,-5.251567898411346,0.3453707841974602,-15.205593926001702,3.246727308041245e-52,5.348640275845693e-50,FCN2
ENSG00000145386,200.30442093826088,2.3858013340933617,0.1570462094508281,15.1917154984907,4.012788273575121e-52,6.564416509352643e-50,CCNA2
ENSG00000008735,248.4112538346891,3.7653411137206794,0.2481530331525315,15.173463994720734,5.300405604381014e-52,8.610582521061463e-50,MAPK8IP2
ENSG00000093009,137.0370880753488,3.447603710821824,0.2275688889462065,15.149714562418852,7.609637720256565e-52,1.2276707254480125e-49,CDC45
ENSG00000164100,36.31443859924637,-3.862643882234989,0.2552486555066706,-15.132866712138444,9.831750247421941e-52,1.5753022845064485e-49,NDST3
ENSG00000206557,178.6001603659949,5.803483781432103,0.3836488959542218,15.127070200469422,1.073702283133323e-51,1.708647449614818e-49,TRIM71
ENSG00000123080,278.94113358670523,2.446572632423188,0.1629511740986999,15.014145469987788,5.932143318925638e-51,9.25137524397516e-49,CDKN2C
ENSG00000125835,2007.6407881576108,2.135768331289668,0.1423620360516823,15.002372756977923,7.084087786711523e-51,1.0974706330764414e-48,SNRPB
ENSG00000136943,98.61283933491735,4.075728218445843,0.2721088198975441,14.978302504051353,1.0178361700351418e-50,1.5664632582652678e-48,CTSV
ENSG00000168243,296.4919535334293,5.174202602282352,0.345891165670836,14.959048151019651,1.3595669194211592e-50,2.0787156173868742e-48,GNG4
ENSG00000182566,619.4225206174724,-4.9665320013591066,0.3325136839932714,-14.936323647539288,1.912386433050651e-50,2.904964664178823e-48,CLEC4G
ENSG00000120334,97.55790782401444,2.2160950776832813,0.1484696308003355,14.926251690243127,2.2242234183257047e-50,3.3568553822511746e-48,CENPL
ENSG00000136982,86.66617688979943,2.498241656369712,0.1674925246674695,14.915541223881986,2.611511303289507e-50,3.916095122939194e-48,DSCC1
ENSG00000143179,695.0789828437607,2.335223260843583,0.1566732024803105,14.90505857973418,3.055445245900339e-50,4.523799407427002e-48,UCK2
ENSG00000114812,804.8545840694175,-3.830538544398733,0.2572097880203288,-14.892662421136103,3.6782557198250113e-50,5.411662644897263e-48,VIPR1
ENSG00000187193,6459.821107369573,-3.923278180985611,0.2640573343221662,-14.8576754781557,6.204076536208321e-50,9.07074765072008e-48,MT1X
ENSG00000214184,46.88387786318977,-2.8021195523123006,0.1888165866430642,-14.840431140773562,8.02386056605419e-50,1.1658519889546934e-47,GCC2-AS1
ENSG00000184517,483.64489552832106,-2.2861348910973533,0.1543421338248239,-14.812124430598343,1.2231261095628296e-49,1.7662092025310662e-47,ZFP1
ENSG00000263513,39.22660916667712,4.204532387313301,0.2850590445332501,14.74968946941402,3.0908357997552862e-49,4.382055870525784e-47,RUMY3
ENSG00000215784,56.78803826857679,3.369388517923696,0.2285176235837628,14.744545585074537,3.3355736590427225e-49,4.700546663011229e-47,RUMY4
ENSG00000186193,124.80597400783276,4.004286863072957,0.2718699597034253,14.72868450578766,4.218374687499506e-49,5.909008327226104e-47,SAPCD2
ENSG00000165682,220.82559491954387,-4.904080273156452,0.3347407434741104,-14.650383524453588,1.3395742649959858e-48,1.8542402829024322e-46,CLEC1B
ENSG00000268388,36.7815301062328,-2.952086717120192,0.2018744130265848,-14.62338229427536,1.992506914950672e-48,2.7418067212612387e-46,FENDRR
ENSG00000138315,722.9217560684991,-2.940925057092453,0.2013211245684124,-14.608129491612669,2.492681103478992e-48,3.410016903724214e-46,OIT3
ENSG00000115963,1430.588428276244,-2.469753239670056,0.1691493540606217,-14.601020816106203,2.766714036723599e-48,3.762891945411346e-46,RND3
ENSG00000164128,230.8822677095151,-3.441594997460843,0.2357802500304613,-14.59662120561926,2.951129791789598e-48,3.9905074693256686e-46,NPY1R
ENSG00000162062,105.00503737038736,2.8340690499242736,0.1946794340811924,14.557619110102324,5.224594937737319e-48,6.9839399644850915e-46,TEDC2
ENSG00000113368,415.89501599430895,2.2688298508750244,0.1558758200877886,14.55536753293249,5.39949586493452e-48,7.176727657296206e-46,LMNB1
ENSG00000256218,24.373813768107144,-2.830820104363178,0.1945446543027573,-14.551004315737991,5.755185918453295e-48,7.606274813015701e-46,
ENSG00000198554,110.51376227599545,2.449627148109285,0.1696950888425401,14.435462834061696,3.0956067053717513e-47,4.023084869931188e-45,WDHD1
ENSG00000111247,83.73334192000775,2.62442463944707,0.1819381852179991,14.424814869415528,3.612378781165248e-47,4.66875010098335e-45,RAD51AP1
ENSG00000163923,177.20778697502072,3.448805575818502,0.2394496806469489,14.40304938599402,4.950994825178235e-47,6.363660546450244e-45,RPL39L
ENSG00000180176,23.18235879228533,-4.485085154642871,0.3114230366352206,-14.401905533714222,5.033630587089316e-47,6.434520236272153e-45,TH
ENSG00000007968,64.2770299566352,2.627149015646293,0.1824794717389878,14.396956493846462,5.407275315723884e-47,6.8374265654448e-45,E2F2
ENSG00000125319,74.72514506272765,2.0564925608819524,0.1429257607931358,14.388536744320184,6.10744263866928e-47,7.681258368085508e-45,HROB
ENSG00000076003,511.0417677116528,2.196574964360396,0.1527232071601087,14.382718941055211,6.643251220633084e-47,8.31045859915881e-45,MCM6
ENSG00000166803,181.47017227957036,2.295250954908015,0.1595959110230332,14.38164010716264,6.747632964970819e-47,8.396137124976724e-45,PCLAF
ENSG00000184374,241.19311172342543,-4.207870799335965,0.2926134121508975,-14.380307342733872,6.878839923743876e-47,8.514111234716428e-45,COLEC10
ENSG00000125780,220.51917688093636,5.7833177191838665,0.4022472740054539,14.37751873765452,7.161641660254098e-47,8.817488597806534e-45,TGM3
ENSG00000112312,610.3414708827503,2.0122563178277906,0.1400140708847241,14.371814954830606,7.776623588572934e-47,9.524531707198256e-45,GMNN
ENSG00000182379,86.34006234640665,5.512145929959088,0.3852297720469469,14.3087225597074,1.9302643369919402e-46,2.339620395608935e-44,NXPH4
ENSG00000137825,201.89059562476464,3.5401625706527984,0.2483658552855903,14.253821510940162,4.24406372649308e-46,5.117597049167661e-44,ITPKA
ENSG00000155666,996.6893623530513,-3.1707491988485046,0.2230029391629973,-14.218418872636205,7.042620371793108e-46,8.448616326018265e-44,KDM8
ENSG00000206195,345.6563188914315,3.419853780654199,0.2410269143968975,14.18868008666761,1.0766614844724497e-45,1.2850174544012253e-43,DUXAP8
ENSG00000162769,423.4799968959258,2.1659907011655664,0.1530477750748152,14.152382810575013,1.8053478569795538e-45,2.143781848645823e-43,FLVCR1
ENSG00000123975,375.3297470975447,2.2893495942795967,0.1618995592256192,14.140554830598496,2.1359369342450546e-45,2.523533974888614e-43,CKS2
ENSG00000197299,104.4472974187212,2.707006879035824,0.1914821543315764,14.137123579403054,2.2426531741683693e-45,2.636300789111591e-43,BLM
ENSG00000189366,116.83415934441877,3.704961908161876,0.2623865986308116,14.120240620119876,2.850164870163497e-45,3.3336953403867345e-43,ALG1L1P
ENSG00000149554,171.82278559154284,2.0127049387781786,0.1430499641350105,14.06994367980818,5.811566780850291e-45,6.697043433715804e-43,CHEK1
ENSG00000126759,466.9616847860873,-3.0413173201889165,0.2162714883292527,-14.062497760032056,6.456647901554942e-45,7.403939429464448e-43,CFP
ENSG00000259316,38.2961446248532,4.312826854771266,0.3068464931506667,14.055323919421804,7.145422205136422e-45,8.153798129012504e-43,
ENSG00000176907,2522.4553785220965,-2.60537582425069,0.1855589935027974,-14.04068741195997,8.785628237449307e-45,9.92860876128752e-43,TCIM
ENSG00000266976,1109.8186047394956,5.561755977276861,0.3988077968477282,13.945955974878888,3.3295659623667953e-44,3.6913998368552806e-42,ERVE-5
ENSG00000188486,590.0176957750712,2.451995413864593,0.1758285240065358,13.945379043126405,3.356600169290156e-44,3.7038182905756885e-42,H2AX
ENSG00000156006,541.6466781226877,-4.343114030074432,0.3117628449965879,-13.930826266747614,4.1156645532812433e-44,4.498959854902249e-42,NAT2
ENSG00000185480,74.02038097090218,2.203429900028667,0.1584900412940438,13.902639446857616,6.104790282082181e-44,6.642295770639462e-42,PARPBP
ENSG00000160211,1069.4013295054351,3.321253139189804,0.239604706394196,13.861385233918156,1.0855880926716994e-43,1.175701956105049e-41,G6PD
ENSG00000121211,31.26325759423716,2.7663043114597494,0.1996215996082286,13.85774042933638,1.1421330046651005e-43,1.2312404321719214e-41,MND1
ENSG00000176597,267.23447728576525,2.8465551856854523,0.2055880618497796,13.845916733070773,1.3465183950294072e-43,1.444913064904721e-41,B3GNT5
ENSG00000130812,252.68563943144784,-2.915067507691824,0.210596698757366,-13.841943035633,1.4230721186633241e-43,1.5200879484881798e-41,ANGPTL6
ENSG00000160207,14.88152278543996,3.048070429451845,0.2203319804334648,13.833990070144589,1.5895321664223692e-43,1.6901784531417492e-41,HSF2BP
ENSG00000069011,127.24923096498324,5.234328736690533,0.3787249020196598,13.820925713564025,1.906028498336568e-43,2.0175441023342683e-41,PITX1
ENSG00000169715,7632.276219162727,-3.8155120718649664,0.2764012046178238,-13.804252688191513,2.4025103312314784e-43,2.5316182062386474e-41,MT1E
ENSG00000284669,55.28606276185606,-2.897390086820532,0.2099256778329813,-13.801980380531246,2.4794630580211943e-43,2.6009901038694976e-41,
ENSG00000035499,103.64874127217014,2.862671037125718,0.2075701098706281,13.791345193727215,2.8735122771994033e-43,3.000896102702037e-41,DEPDC1B
ENSG00000165891,54.497386119143485,3.4143068297365247,0.2480969669912444,13.761985368636203,4.31511853693614e-43,4.4863807970909825e-41,E2F7
ENSG00000185633,691.642668731633,3.903370743207697,0.2838112885119063,13.753402000583016,4.8589852244013015e-43,5.029479705947771e-41,COXFA4L2
ENSG00000284779,71.69925138885642,-5.6693339169350025,0.4123412854223198,-13.749129949790188,5.1545673469192734e-43,5.311929248743723e-41,
ENSG00000100373,118.01166386373914,6.222548828485492,0.4526280662062759,13.747598288899948,5.264842732373423e-43,5.401774826246117e-41,UPK3A
ENSG00000145708,644.2811989745027,-4.208942284862561,0.3068396690613933,-13.71707347272762,8.023928766269338e-43,8.125704139798208e-41,CRHBP
ENSG00000163931,4093.4263680948416,2.595550689311636,0.1899012578903179,13.667896243271642,1.578943215916007e-42,1.592078390082894e-40,TKT
ENSG00000114646,33.98750599015701,3.85226559729935,0.2819880868992407,13.661093415892536,1.7336094527872336e-42,1.7330908516688783e-40,CSPG5
ENSG00000134222,162.37990989469512,2.483101918291441,0.1818101508033816,13.65766381755433,1.8172061954329853e-42,1.8089321076495243e-40,PSRC1
ENSG00000151725,173.05942377666307,2.2485930495368374,0.1649996124245021,13.627868674938329,2.7345025100697168e-42,2.699080895276831e-40,CENPU
ENSG00000160801,727.603023617809,-3.520238883290024,0.2583291124425431,-13.626953810995598,2.7689915117328135e-42,2.721639429998559e-40,PTH1R
ENSG00000163535,87.29260458530412,2.0155611348108846,0.1479218640553167,13.625850023476902,2.811179046281273e-42,2.7515444112827534e-40,SGO2
ENSG00000146410,31.40093930411539,2.342282962244388,0.1720265655399311,13.615821224429968,3.225000677712985e-42,3.130391736669704e-40,MTFR2
ENSG00000169213,180.9758205862812,2.951035130747916,0.2169287146319549,13.60370910672058,3.806297135464381e-42,3.679368135947036e-40,RAB3B
ENSG00000163507,85.91015900197478,2.501343891521473,0.1840415614309749,13.591190338056364,4.5167428875534576e-42,4.312659851777063e-40,CIP2A
ENSG00000171241,91.24984578279351,2.746612305139501,0.2028254982541115,13.541750562833016,8.865081060021194e-42,8.36213069504338e-40,SHCBP1
ENSG00000150656,513.6862956830636,-3.909424661683696,0.2887841523342512,-13.537531855829677,9.389087721711567e-42,8.820840525060189e-40,CNDP1
ENSG00000181072,19.40593167206896,-3.196717250332704,0.236524995231014,-13.515346431824126,1.2695665263184166e-41,1.1832258864608256e-39,CHRM2
ENSG00000145920,781.5117565540688,8.129928163111089,0.6024991534164478,13.49367566246467,1.7038940351599344e-41,1.5817140144641406e-39,CPLX2
ENSG00000232354,34.94791311422105,-2.6833810464108883,0.1989307673244491,-13.489019735365462,1.8149762544596718e-41,1.678171522552376e-39,VIPR1-AS1
ENSG00000129810,53.406090919681816,2.4184278470904315,0.1793478450125332,13.484565966886448,1.9279671050120182e-41,1.775627342029376e-39,SGO1
ENSG00000198203,807.9716158339227,3.932146562001413,0.2919182639312312,13.470025852605543,2.3478378766051395e-41,2.1538420175460404e-39,SULT1C2
ENSG00000183010,467.0431089187551,3.729683915832456,0.2769872341830351,13.465183429240115,2.5069488012189057e-41,2.2908223948013228e-39,PYCR1
ENSG00000221867,248.32264325624143,8.999835275463044,0.6694576569307127,13.44347201393576,3.3628043380205725e-41,3.0256185338198176e-39,MAGEA3
ENSG00000104938,1010.8520705802104,-5.410002649222138,0.4030209974332984,-13.423624783017702,4.3967053978595915e-41,3.925653792829368e-39,CLEC4M
ENSG00000254726,200.60044777938933,2.7915607228026813,0.2082960243128337,13.401891524391832,5.894155337364872e-41,5.242660677071348e-39,MEX3A
ENSG00000120158,1229.2049534496668,-2.0953843662082625,0.1565895703356782,-13.38137886014008,7.76925659145618e-41,6.884326494088424e-39,RCL1
ENSG00000261150,830.0240433149748,3.7972060181786462,0.2859622935235886,13.278694793603693,3.077109440562393e-40,2.66603041270652e-38,EPPK1
ENSG00000113594,903.3027869405084,-2.7005614072504867,0.2033884065651564,-13.277853211290829,3.111883296747656e-40,2.686209814052321e-38,LIFR
ENSG00000164109,155.29024676221897,2.6315671870100017,0.198323423281253,13.269068995839364,3.4990080947922557e-40,3.009275601524825e-38,MAD2L1
ENSG00000109576,603.0639307557555,-2.3793370709156907,0.1793987864733072,-13.262838158995644,3.8022842832534235e-40,3.2581258695292064e-38,AADAT
ENSG00000100985,484.52145421907096,5.123738268137286,0.3876272523966291,13.21820959815942,6.8884131440170006e-40,5.838429299927163e-38,MMP9
ENSG00000043355,89.45714107575368,6.446290508405181,0.487778937115877,13.215598333377397,7.131695125392691e-40,6.022806645065387e-38,ZIC2
ENSG00000104738,877.4025417825682,2.2125615724641348,0.167515754958964,13.208080475810414,7.880854698471395e-40,6.631540789976308e-38,MCM4
ENSG00000127564,163.41787498977124,2.6232118441975985,0.1987593099897241,13.19793193251284,9.017685640261647e-40,7.560957712639452e-38,PKMYT1
ENSG00000159200,1870.0892266944093,-2.316760011785907,0.1760220275657689,-13.161761876196268,1.456493820830654e-39,1.2168485696675533e-37,RCAN1
ENSG00000188676,875.436016202562,-4.58600497427224,0.3487573532682887,-13.149557797980998,1.7117256286133373e-39,1.4149257113127843e-37,IDO2
ENSG00000144820,148.6963250657981,-3.0051006079961424,0.22875659007208,-13.136673383045492,2.0295470454314727e-39,1.6658664573255595e-37,ADGRG7
ENSG00000163993,422.09191592891193,6.142890560701963,0.4682079510008012,13.120004791826892,2.5291895039344477e-39,2.0687178344593896e-37,S100P
ENSG00000119969,248.3756279054559,2.156464956782606,0.1643931244322659,13.117732047675291,2.606181215263753e-39,2.1242647097095805e-37,HELLS
ENSG00000139438,207.0488789040324,2.2210314678928467,0.1694693591521691,13.10579965018071,3.0503019233988176e-39,2.4690558094833404e-37,FAM222A
ENSG00000008300,304.55056682426,2.906460377727665,0.2219415777194027,13.095610149272066,3.4885954098783916e-39,2.8140935318374214e-37,CELSR3
ENSG00000251049,6.639824620872178,-4.881467364309754,0.3729849052714041,-13.087573505843975,3.877996151541362e-39,3.117455806632545e-37,
ENSG00000166851,254.73010027926756,2.31240863361429,0.1767590284946654,13.082266027978752,4.1585543380294223e-39,3.3315432064904893e-37,PLK1
ENSG00000013810,757.9613188071033,2.233860150875353,0.1711614110045185,13.051190322428344,6.256221778557229e-39,4.9949418452487804e-37,TACC3
ENSG00000206384,32.7909157635305,-2.895401679366312,0.2223178965985652,-13.023700402286902,8.971556745942292e-39,7.1142924392484084e-37,COL6A6
ENSG00000158406,105.62013052289844,3.3431622288297547,0.2568129193112012,13.017889589809036,9.680966732962254e-39,7.625146625730167e-37,H4C8
ENSG00000147206,100.9931651382194,-3.36962575068567,0.2588697003748643,-13.016686563959317,9.834663700146606e-39,7.720211004615086e-37,NXF3
ENSG00000188610,46.323858177931214,2.0652728527913524,0.1587617856322614,13.008627010375948,1.0928802288159027e-38,8.550417121301141e-37,RUMY2
ENSG00000131094,130.51053510754875,4.391850334706801,0.3382965611129738,12.982249421211662,1.5428191440749042e-38,1.1872094814915867e-36,C1QL1
ENSG00000169258,54.166256860594586,2.8904964179451267,0.2229683000315291,12.963710166585978,1.9650806732732926e-38,1.5071846619633487e-36,GPRIN1
ENSG00000204386,1739.0313482715771,2.101168530851558,0.1622038932241752,12.953872370668812,2.233946204570507e-38,1.6857646310812216e-36,NEU1
ENSG00000169855,1068.1925924800958,2.99721046678471,0.2315057324646825,12.94659287645048,2.456153147032718e-38,1.8474852272841275e-36,ROBO1
ENSG00000285094,2260.677581328389,-5.477019143636454,0.4231946492490236,-12.942080324870956,2.6047922487781237e-38,1.9530097780662388e-36,LINC01488
ENSG00000163687,1245.0202101871523,-3.150006586872359,0.2437343920455803,-12.923931499512314,3.298470193358416e-38,2.4652112854068192e-36,DNASE1L3
ENSG00000143061,285.0726030693812,2.9135946372383943,0.2255496116935074,12.917755057798944,3.574181067633219e-38,2.662764895386748e-36,IGSF3
ENSG00000177602,22.9532156340931,2.4175337532812216,0.1873480930667893,12.903967762401368,4.27505674921152e-38,3.164759573870414e-36,HASPIN
ENSG00000079462,251.8407113003492,2.650830906036384,0.2054710100824394,12.901240447364389,4.4290971244711964e-38,3.2684501272162366e-36,PAFAH1B3
ENSG00000065328,74.82607889994553,2.840282311183357,0.2204298811574615,12.88519640018512,5.453649390547002e-38,3.974368230313583e-36,MCM10
ENSG00000160949,634.9606879254648,2.164326887420178,0.1679856512267628,12.883998553534587,5.538981555431947e-38,4.024018494603091e-36,TONSL
ENSG00000188095,21.045777891846047,3.6391164157878673,0.282897438002586,12.863730550131748,7.20153417587796e-38,5.215649813508145e-36,MESP2
ENSG00000101448,49.75217683841925,-2.365362386281392,0.1839553902177563,-12.8583477955248,7.720935372033342e-38,5.574562998702962e-36,EPPIN
ENSG00000159217,178.5368471987361,3.5073657211249145,0.2728280570371714,12.8555902908734,8.001272779879837e-38,5.7415268141021175e-36,IGF2BP1
ENSG00000204832,142.1040559067364,5.0542748650103215,0.3938581400199479,12.832729227722282,1.0750913230759358e-37,7.667564427047367e-36,ST8SIA6-AS1
ENSG00000179041,356.01191420764303,2.112454895784926,0.1650336237679786,12.800148524611169,1.6363796212601868e-37,1.15649028640905e-35,RRS1
ENSG00000104341,1914.7805267918548,2.8462806529015308,0.2223767652160065,12.799361705512649,1.6530434240034129e-37,1.1647483378828866e-35,LAPTM4B
ENSG00000176076,24.941660345183067,4.453661752851126,0.3479756100856289,12.798775614633394,1.6655655820460753e-37,1.1700473171412565e-35,KCNE5
ENSG00000185420,284.69769862160507,2.5290904344595155,0.1976833399884959,12.793644798831778,1.779292763697124e-37,1.2461974736876293e-35,SMYD3
ENSG00000196990,71.03674593478716,-3.814945317171897,0.2983127158081786,-12.788409997329738,1.903280260224654e-37,1.3290577649980697e-35,FAM163B
ENSG00000134294,7111.382454606233,-2.014280941461128,0.1577126168110479,-12.77184401723797,2.3550807190041654e-37,1.6396548589185846e-35,SLC38A2
ENSG00000104549,1373.9432765085012,2.870858887371744,0.2252298720436443,12.746350478836296,3.2668420382542503e-37,2.2676924569994564e-35,SQLE
ENSG00000102384,58.11040234204911,2.4550528086334755,0.1926482597227223,12.74370613140768,3.3795111366498977e-37,2.338961657386126e-35,CENPI
ENSG00000189159,684.6880571287752,2.428865747892757,0.1906028932539217,12.743068619934403,3.4072467124256416e-37,2.351201249078851e-35,JPT1
ENSG00000172965,363.79543606472095,2.547520369734912,0.1999337612339723,12.741821861459798,3.4621437368016955e-37,2.3820567186765308e-35,MIR4435-2HG
ENSG00000100473,185.05116488312305,3.88290280005654,0.3049634747717537,12.73235361369965,3.908760607061113e-37,2.6814556270082286e-35,COCH
ENSG00000166856,89.91968573586618,-3.3111275258257487,0.2608003762492029,-12.69602281041904,6.221183793152704e-37,4.242919897178461e-35,ACKR5
ENSG00000259881,73.99544640981995,-3.545033969023593,0.2794215152192957,-12.687047259912603,6.97667477583182e-37,4.7305899429285145e-35,LOC101927793
ENSG00000272872,83.84717938203073,3.277287751078272,0.2585032151337317,12.67793806503656,7.836633107351412e-37,5.298334054343109e-35,
ENSG00000224189,119.61492756006233,5.003965899848418,0.3951927980674833,12.662087781756432,9.59141542280452e-37,6.44747071797891e-35,HAGLR
ENSG00000181019,1819.8499366529704,5.078427725036955,0.4015589038431277,12.646781521798568,1.1655235049090729e-36,7.812347091787375e-35,NQO1
ENSG00000197085,48.6515357504853,4.0952802226440586,0.3239398355411886,12.642101320457536,1.2370314599837281e-36,8.267964840971243e-35,NPSR1-AS1
ENSG00000164344,3748.668400590635,-2.289100470356272,0.1811641070082044,-12.635507707123274,1.3452303673002292e-36,8.940049426776777e-35,KLKB1
ENSG00000260015,13.604697711694,-4.4093601277273935,0.3493175120876635,-12.622785789854232,1.581268428967185e-36,1.047892701383268e-34,
ENSG00000198099,34567.52411425152,-4.161884617744297,0.329767089436481,-12.6206791128135,1.6241459660083276e-36,1.0732668526223955e-34,ADH4
ENSG00000164161,182.2285804239062,-3.3081421646504285,0.2624559581929398,-12.60456111352026,1.992787999416396e-36,1.309474428942352e-34,HHIP
ENSG00000112186,518.0124167582748,2.553672395757359,0.2028469621716287,12.589157700063057,2.42244448219836e-36,1.587345763923424e-34,CAP2
ENSG00000279693,12.96562213061014,-2.926952133356213,0.2334972320657035,-12.535275503962293,4.786950092676473e-36,3.110586764388353e-34,
ENSG00000284491,76.487050930036,3.847630461921221,0.3069497589946131,12.535049626765618,4.8006085409603374e-36,3.1108209307115e-34,THSD8
ENSG00000197696,133.6167593688836,3.460614212732968,0.2763812197456325,12.521162674938422,5.7191183845320486e-36,3.6856015528748814e-34,NMB
ENSG00000253764,17.839094104582376,-3.1219895396274318,0.2494425521346199,-12.51586592949284,6.113747514158131e-36,3.929090538425856e-34,KBTBD11-AS1
ENSG00000085831,149.54847229531336,3.276993374497348,0.2619447683669301,12.510245556448607,6.562105855294007e-36,4.2056806102162395e-34,TTC39A
ENSG00000176092,63.37238854624069,3.351161890876872,0.2678933102457053,12.50931532333998,6.639402782602747e-36,4.243594242989783e-34,CRYBG2
ENSG00000042062,582.9824224117806,-3.1889798633966024,0.2551831530490119,-12.496827573817574,7.769016879311823e-36,4.9386035830908005e-34,RIPOR3
ENSG00000121690,1128.762889386606,-2.042142774850961,0.1637220667856213,-12.473228654784547,1.0450433543794569e-35,6.625121731435947e-34,DEPDC7
ENSG00000171408,153.9404039230518,-2.1940923293226917,0.1759564892472443,-12.46951640549996,1.0948848165248343e-35,6.922335273774446e-34,PDE7B
ENSG00000128408,25.70524808678835,3.582060377387123,0.2872809918869096,12.468838797372396,1.1042341839729424e-35,6.962628103956616e-34,RIBC2
ENSG00000248323,160.5931525128634,5.38804533507397,0.4324952724385636,12.458044465305337,1.264329380555707e-35,7.950660537456896e-34,LUCAT1
ENSG00000168268,864.6318614809948,3.1370004230755257,0.25200436783716,12.448198616551718,1.430371426583994e-35,8.946705556705713e-34,NT5DC2
ENSG00000187730,45.15037527411073,2.491959013507688,0.2003155083485952,12.440170179790094,1.5816657713280744e-35,9.866641970314038e-34,GABRD
ENSG00000139734,42.79001208260313,2.826628814683677,0.2273021173961764,12.435558661149653,1.6756516595066557e-35,1.0425138103946594e-33,DIAPH3
ENSG00000095596,307.4600454756937,-4.453223775126762,0.3583876329713652,-12.425718315683536,1.8951644351182063e-35,1.1759570724328969e-33,CYP26A1
ENSG00000107864,432.4148774267649,-2.199667174930565,0.1773841544083575,-12.400584382902055,2.59424683069968e-35,1.597032002909411e-33,CPEB3
ENSG00000099953,528.0073910723956,3.844963977917592,0.3100858907421671,12.3996740668044,2.6238868781263336e-35,1.6110389958007697e-33,MMP11
ENSG00000172425,1300.126255700207,-4.099249099980206,0.3312405370090206,-12.375445158358051,3.549209899605896e-35,2.15653680990859e-33,TTC36
ENSG00000198417,2789.163938115263,-3.973159630264775,0.3213764384688558,-12.362946235866662,4.146747633687232e-35,2.506585720797039e-33,MT1F
ENSG00000109674,47.53951911872789,4.005587275062245,0.3242635957671225,12.352873795734231,4.7001919707469327e-35,2.832628096094417e-33,NEIL3
ENSG00000225518,14.614530672466389,3.0600588440997125,0.2479455973385851,12.341654286044902,5.403412603635991e-35,3.2245416080830786e-33,LINC01703
ENSG00000265688,40.60836870420103,2.874692254383709,0.2331754505500178,12.32845159129248,6.365822002935378e-35,3.789202903681102e-33,MILIP
ENSG00000120738,9644.655406821088,-3.3482794690550315,0.2723979817045401,-12.291865923906824,1.001669042730886e-34,5.902278064635672e-33,EGR1
ENSG00000251061,17.19793065614701,-3.857382327648524,0.3139895909968926,-12.285064340514072,1.0895830127453821e-34,6.404174727927818e-33,LINC02512
ENSG00000130821,1027.9517036306354,4.365978976412795,0.3559545058742992,12.265553334376346,1.3866180359176167e-34,8.068944207517614e-33,SLC6A8
ENSG00000128165,307.009077526419,2.882000098226958,0.2349995729878422,12.263852489536474,1.416041020368558e-34,8.199368215218238e-33,ADM2
ENSG00000148339,2844.22460529219,-2.328756616490464,0.1899505784688169,-12.259802709012346,1.4886187789943255e-34,8.598335579509693e-33,SLC25A25
ENSG00000257017,311456.8966080582,-2.9764153555537884,0.243034727200327,-12.246872658245293,1.7459984881479647e-34,1.0010819272854249e-32,HP
ENSG00000173114,44.1111379919024,-2.2186836963364223,0.1812747622280924,-12.23934136813111,1.9158093702636362e-34,1.0877798203538163e-32,LRRN3
ENSG00000254233,71.00993332371944,5.7349634930876325,0.4691874998077643,12.22318048847713,2.3375708524159207e-34,1.3208404577431312e-32,LINC02365
ENSG00000253939,23.7165703741547,-3.022971127862308,0.247451560973767,-12.216415673299313,2.5404046646494892e-34,1.4319924414492889e-32,
ENSG00000233461,124.72814476464602,2.1863460370258982,0.179193198369415,12.201054821950583,3.068232906542466e-34,1.7212271554615807e-32,TSNAX-DT
ENSG00000135245,121.86430528416764,2.230752054250984,0.1833041670601678,12.169674536197318,4.508766858023445e-34,2.4875845073052457e-32,HILPDA
ENSG00000143369,741.9652472628001,-2.2080268346982392,0.1815173673407071,-12.16427313290516,4.817140813172862e-34,2.651467648060065e-32,ECM1
ENSG00000254338,33.236440762330815,7.830232177087561,0.6438882694991548,12.160855458942072,5.022990943587568e-34,2.758282327308544e-32,MAFA-AS1
ENSG00000162073,219.696676491819,2.465645702818154,0.203021225093073,12.144768123075815,6.115572172531891e-34,3.3270134844660124e-32,PAQR4
ENSG00000151360,86.30008557276601,-2.9470721494997227,0.2427855474568684,-12.138581478056384,6.595960486056344e-34,3.580030247107101e-32,ALLC
ENSG00000113739,222.3753658475757,4.539948493409344,0.3740603848995377,12.136940121656156,6.7295835112423235e-34,3.6441006268169366e-32,STC2
ENSG00000168746,15.348493727017583,-2.5493920980498244,0.2101064885329948,-12.13380945943262,6.991950814365459e-34,3.7687259308859724e-32,LINC01620
ENSG00000096088,191.17830148245463,6.8907087995636,0.5681753001307173,12.127786614409828,7.525607084372525e-34,4.047046586775321e-32,PGC
ENSG00000160957,793.0264800695013,2.7868894391949257,0.2298798772068528,12.12324224745952,7.954868367141099e-34,4.2680788007461415e-32,RECQL4
ENSG00000129195,45.33345346030125,3.03741017538032,0.250757013036077,12.112962020899973,9.017779306440057e-34,4.816276514053704e-32,PIMREG
ENSG00000132749,111.2250350067732,3.036489875884483,0.251002798499446,12.097434347494676,1.089636732347724e-33,5.806348993123077e-32,TESMIN
ENSG00000124780,64.1731805066824,-3.049690454529059,0.2521248887746144,-12.09595161093085,1.1094911974172817e-33,5.898710813905105e-32,KCNK17
ENSG00000253931,38.52804099821944,7.927473391101149,0.6560376413754115,12.083869721988597,1.2852542974348845e-33,6.817676594080329e-32,
ENSG00000198681,125.88759581337573,8.751125396874581,0.7248689411360701,12.07270018102741,1.4722296085183604e-33,7.774236395501129e-32,MAGEA1
ENSG00000100167,31.08773968276158,3.3613600957614715,0.279339573453531,12.033239881497291,2.3764840706869174e-33,1.2436933303261535e-31,SEPTIN3
ENSG00000205683,117.39121269856965,-2.474127024222128,0.205723963750294,-12.026440571722617,2.5804772795223677e-33,1.3474353794613114e-31,DPF3
ENSG00000248174,7.738753802680595,-2.497473182033344,0.2077590955957851,-12.02100526511923,2.7559797216128738e-33,1.4358715729997766e-31,LINC02268
ENSG00000245694,85.09488020254072,2.919525650987436,0.2438365413841751,11.973290116462058,4.9044475429328746e-33,2.5215327774028297e-31,LOC101927480
ENSG00000130300,947.9553710675268,2.4875077688988307,0.2079688113475453,11.960965458141956,5.689652576841727e-33,2.906070801966343e-31,PLVAP
ENSG00000222041,359.2034615089906,2.7506729768826905,0.2302331102243739,11.947338826296614,6.703759599737404e-33,3.416580573347649e-31,CYTOR
ENSG00000115009,388.1682650716876,3.83961286304559,0.3214436965007087,11.944900163992246,6.903319808230791e-33,3.5030229994347703e-31,CCL20
ENSG00000274286,147.40910038396157,-2.5108565115810157,0.2102700429756908,-11.94110428688738,7.225743396951934e-33,3.658697300538888e-31,ADRA2B
ENSG00000107984,329.33346359118,6.040832817351681,0.5060556332457442,11.93709232838084,7.58278666332036e-33,3.831190678510868e-31,DKK1
ENSG00000242114,308.1347107751606,2.2269114125135867,0.1867245952285009,11.926181496275,8.644876912825145e-33,4.3583966728818674e-31,MTFP1
ENSG00000164932,185.7342789799537,4.18359287624851,0.3510115671687436,11.918675244788467,9.460078257634684e-33,4.748918684138372e-31,CTHRC1
ENSG00000128578,90.78629195365538,2.435479196028235,0.2043853433600172,11.916114707590497,9.75526872829127e-33,4.886616731497167e-31,STRIP2
ENSG00000183281,1723.2439014427755,-2.048578791797494,0.1723521330531823,-11.88600776507575,1.39937015029227e-32,6.950205079784941e-31,PLGLB1
ENSG00000183908,32.96403728021966,-3.3548701983052807,0.2822964707981489,-11.884208785253009,1.429825781776372e-32,7.086422566333617e-31,LRRC55
ENSG00000273802,39.07157716021706,2.8469706656896,0.2398929587414224,11.86767081712604,1.7425159186775564e-32,8.617901667150969e-31,H2BC8
ENSG00000141293,278.1456263610405,-2.3120524365309274,0.1949186459636135,-11.86162783504319,1.8729789732684936e-32,9.243585890647653e-31,SKAP1
ENSG00000189057,169.64647230155373,2.4844688568382165,0.2098811546438372,11.837503281579972,2.497783054568524e-32,1.2223983053456376e-30,FAM111B
ENSG00000112175,55.89992803246693,-3.0050315443042086,0.2545433106614684,-11.8055804982468,3.652614237989879e-32,1.7654050592830007e-30,BMP5
ENSG00000114268,201.50359090310965,3.012495235201836,0.2555830983988498,11.786754500098796,4.5680734670492437e-32,2.1852953499935172e-30,PFKFB4
ENSG00000253293,47.97629491862213,4.754193322423774,0.4036949915830233,11.77669632159911,5.147113556411233e-32,2.452269397660448e-30,HOXA10
ENSG00000146755,148.505599707726,4.657790155135939,0.3962523825846381,11.754604791912012,6.687290166672117e-32,3.1412807001799365e-30,TRIM50
ENSG00000151012,160.24919483715007,3.885166205635366,0.330520622795036,11.754686206205816,6.680847891051604e-32,3.1412807001799365e-30,SLC7A11
ENSG00000051180,59.75982785101963,2.3805305947589472,0.2027658736482434,11.740292150387551,7.92123450854461e-32,3.706028777167681e-30,RAD51
ENSG00000113296,198.65857193515797,3.185677127783881,0.2716199535795865,11.728435579937814,9.1127325995647e-32,4.2464970856895836e-30,THBS4
ENSG00000259439,35.64296989115084,6.926077087074081,0.5906758469411812,11.725681899709995,9.413988386772684e-32,4.3781596487430115e-30,LINC01833
ENSG00000150551,128.01085884709275,3.9307362887391855,0.3353813842895048,11.720198176968974,1.004367684568179e-31,4.652509553485824e-30,LYPD1
ENSG00000276966,16.06656055768543,3.832310038142364,0.3270609326202034,11.717419159299586,1.037857775707377e-31,4.7981436654392636e-30,H4C5
ENSG00000156049,97.7532185528199,-2.2529136485572434,0.192397993490448,-11.709652516044004,1.1374481972507487e-31,5.248190469090091e-30,GNA14
ENSG00000067225,3607.357476091449,2.877380857752223,0.245744853465729,11.708814313596584,1.1487479552507995e-31,5.2691491994474426e-30,PKM
ENSG00000197580,1037.5226356362507,-3.244252152845223,0.2770944386870193,-11.708109943374344,1.1583296593699432e-31,5.302701706779076e-30,BCO2
ENSG00000135862,2605.540876289883,2.1119642594706014,0.1806844344882681,11.688689540148136,1.4561607226708603e-31,6.614362676784358e-30,LAMC1
ENSG00000042493,589.258039235191,3.214997017364034,0.2752124338940745,11.681874150357036,1.5777788715299786e-31,7.125285934691273e-30,CAPG
ENSG00000184368,98.31334903608852,4.163397473210233,0.3566721765316167,11.672896702221946,1.753491789912422e-31,7.873211792979135e-30,MAP7D2
ENSG00000175336,2931.2401724686915,-3.5944102728346383,0.3079442880319078,-11.672274539679728,1.7663652427818415e-31,7.91582033034399e-30,APOF
ENSG00000205358,1197.17307790977,-4.6283172104700485,0.3977153973302413,-11.637259310398145,2.664402732991353e-31,1.1760070402427685e-29,MT1H
ENSG00000162174,183.3296054802239,2.307144236586116,0.1985383131653509,11.62064993805317,3.2366454870622507e-31,1.423211426294121e-29,ASRGL1
ENSG00000186638,65.63710959577422,2.087022451382557,0.1799937964225236,11.594968787054242,4.3702493870678085e-31,1.907336640143232e-29,KIF24
ENSG00000164687,435.86744170794026,2.789792781462958,0.2413295940722044,11.560093954445836,6.5636934842577184e-31,2.853986648275852e-29,FABP5
ENSG00000150045,24.124247900538183,-2.2673823880772783,0.1961649072932971,-11.558552543178315,6.682569501494552e-31,2.8949138583048525e-29,KLRF1
ENSG00000128709,49.72176829709986,4.42724486374247,0.3832229302896059,11.552661685449646,7.156903577606811e-31,3.0889565570287105e-29,HOXD9
ENSG00000279123,107.8127413104,9.063987516300385,0.7853800884184851,11.540892938287344,8.206881480052371e-31,3.5226344672085337e-29,
ENSG00000164619,93.3335367096884,-2.6608921606090314,0.2305881104620694,-11.5395895966923,8.332180501703398e-31,3.5698662724605786e-29,BMPER
ENSG00000105697,9382.071212074845,-4.515256243449873,0.391855876661818,-11.522747296569598,1.0132782808174024e-30,4.333385525258043e-29,HAMP
ENSG00000163217,9.190067681665813,-5.059679568798647,0.4394933447491086,-11.512528299346696,1.1408389978849118e-30,4.8611378283281855e-29,BMP10
ENSG00000111275,23160.47683900352,-2.064829753662683,0.1794855223871714,-11.504157695842467,1.2571062984815704e-30,5.346815934614431e-29,ALDH2
ENSG00000228651,25.90117561556523,5.575475470188984,0.4851839667439359,11.49146685041127,1.4561807908677778e-30,6.182293510121582e-29,
ENSG00000183979,101.2381742801279,5.3234223490946855,0.4633259669166315,11.489583423353768,1.4882786669991909e-30,6.307120082810157e-29,NPB
ENSG00000125968,1554.7144936663462,-2.5626783397162787,0.2230547913429357,-11.489008257958858,1.4982200500374321e-30,6.337768830113137e-29,ID1
ENSG00000150625,288.6567436225542,-2.3621733707867243,0.2059046710870713,-11.472169904236056,1.8203653362595282e-30,7.658957969625744e-29,GPM6A
ENSG00000112183,93.97651418942937,3.559255925251992,0.3104494456394766,11.464848706431058,1.9810548528300008e-30,8.320074716741867e-29,RBM24
ENSG00000062822,841.6047886345491,2.2250612229074838,0.1941166047478558,11.462498150519815,2.0355732976348312e-30,8.518455483286514e-29,POLD1
ENSG00000198074,5170.443717811438,4.547767294412422,0.3969700071372444,11.456198737049982,2.1891346304478345e-30,9.112175517805371e-29,AKR1B10
ENSG00000165478,192.8807319808735,-3.553158708850217,0.3103600075894015,-11.44850696598434,2.3923040918537024e-30,9.904985773581179e-29,HEPACAM
ENSG00000175305,135.64646211559756,2.1165958251647568,0.184966598635903,11.443124546671063,2.5454984084971333e-30,1.050208893650325e-28,CCNE2
ENSG00000272405,139.6129908960269,4.038241764158188,0.3532651928214656,11.43119063586615,2.9207620115298037e-30,1.2007976403465147e-28,
ENSG00000243055,48.663833066452526,-2.426176955115434,0.2127310015824525,-11.404905430180428,3.952065404680108e-30,1.6162703848196109e-28,GK-AS1
ENSG00000265415,8.276832252102555,3.1216228496439253,0.2739632237637469,11.3943134657222,4.463342657899729e-30,1.8158430399347542e-28,PRR11-AS1
ENSG00000025039,493.4034836469685,2.011402948781509,0.1766212480128335,11.388227472129277,4.78627043472785e-30,1.9438406992984127e-28,RRAGD
ENSG00000267586,78.26713637917041,-3.0043319758354627,0.2640034873757285,-11.379895037370137,5.2663077307207515e-30,2.1350907581412568e-28,LINC00907
ENSG00000182621,307.59396815802097,2.380189678566053,0.209223663868611,11.376292884636472,5.488346375812241e-30,2.221261016771207e-28,PLCB1
ENSG00000271303,1487.7799660037258,2.6395740705319297,0.2321250216960121,11.37134657541866,5.808450506083101e-30,2.342708322220724e-28,SRXN1
ENSG00000141577,499.20127477497175,2.211043969122221,0.1944694915071864,11.369618709783657,5.924582397791069e-30,2.385434699337805e-28,CEP131
ENSG00000126778,13.62082255307836,4.605125148047935,0.4056664335042745,11.351999494430467,7.248586408310832e-30,2.893620850676029e-28,SIX1
ENSG00000170627,172.8634739936031,4.945686788831577,0.4360165330743102,11.342888201876246,8.044489132426443e-30,3.2058728155852086e-28,GTSF1
ENSG00000235109,281.2004850576929,2.469484253846713,0.2179287417776844,11.331613415021264,9.150348346705908e-30,3.6341952270711596e-28,ZSCAN31
ENSG00000259803,198.54090675873,4.981765967947334,0.4401710567902811,11.317795414069876,1.07132207624076e-29,4.2405139305414715e-28,SLC22A31
ENSG00000160284,142.35554658683145,2.757334344274484,0.2440145124873746,11.299878503812964,1.3139966315118505e-29,5.148797856106653e-28,SPATC1L
ENSG00000257259,15.876061583132987,-2.7156397582752705,0.2406036859471585,-11.286775377463172,1.525304375463029e-29,5.917320937845212e-28,LINC02388
ENSG00000184489,548.2771062979295,3.0475312010238533,0.2703214714792008,11.273729698006388,1.7691364450051978e-29,6.8518888837759245e-28,PTP4A3
ENSG00000198930,92.92044628517452,8.865052262170336,0.787419066686666,11.258366271816431,2.1062721786889694e-29,8.11730231895734e-28,CSAG1
ENSG00000188130,482.2123835333456,2.371204558065335,0.2106798800292487,11.255011905912134,2.1879655947127877e-29,8.418269598209906e-28,MAPK12
ENSG00000166823,63.10377174540319,2.2237713284416225,0.1976924038969542,11.248643269069396,2.3518173394347555e-29,8.989552781274057e-28,MESP1
ENSG00000154040,90.53298708686336,3.2492667878710133,0.2888889277451364,11.247460445204675,2.3835629052453235e-29,9.096033775269796e-28,CABYR
ENSG00000166819,627.4167708498228,-2.518481631963432,0.2240533914288231,-11.240542336372082,2.577937123271932e-29,9.821772495879526e-28,PLIN1
ENSG00000116761,1667.6792120029413,-2.5897794164505936,0.2306854748996395,-11.22645202337636,3.0237814484042645e-29,1.140892248750338e-27,CTH
ENSG00000167900,429.809743157609,2.0112967945081865,0.1792450342700628,11.220934530759884,3.218511254986447e-29,1.2104603502877483e-27,TK1
ENSG00000258742,24.411771445175017,-2.035702596052141,0.1817008950648615,-11.203591459059458,3.9153201560497334e-29,1.4561380669391324e-27,LINC02833
ENSG00000262406,64.61857291110844,6.420812819526296,0.5732720881810712,11.20028857483507,4.0640749019544393e-29,1.509061971133654e-27,MMP12
ENSG00000156535,226.37976477612185,2.885824983792428,0.2581404381409347,11.179282891806665,5.150447476885193e-29,1.891435130718608e-27,CD109
ENSG00000249096,846.3634686673317,-2.906875910109905,0.2600336436134478,-11.178845435981788,5.175896058073732e-29,1.897801512327881e-27,LINC02362
ENSG00000160323,1180.449713060411,-2.2056312702558203,0.1975275685734057,-11.166194603545463,5.968341095212571e-29,2.181521925629808e-27,ADAMTS13
ENSG00000100170,110.13210823499692,-3.210516865800184,0.2877282357724832,-11.15815713108828,6.533178898753897e-29,2.380539781597351e-27,SLC5A1
ENSG00000145107,60.68865941296508,4.342471224997594,0.3893178596600425,11.154050905318078,6.8419002048663e-29,2.48528837721176e-27,TM4SF19
ENSG00000213398,2371.2148099363103,-2.112689323802298,0.1897055052536923,-11.136679038265164,8.316286502340836e-29,2.9929675407578343e-27,LCAT
ENSG00000173894,125.28220684795046,2.6708438840741078,0.2398561527158328,11.135190212270112,8.456428419415847e-29,3.0387285716650526e-27,CBX2
ENSG00000116285,10370.172700445812,-2.1366070918914555,0.1919270045416848,-11.132394302686068,8.725966279681122e-29,3.130774987432216e-27,ERRFI1
ENSG00000234722,480.5681150074888,4.6248801217051385,0.4157386766204269,11.124488487097617,9.53512163584632e-29,3.405421380570275e-27,LINC01287
ENSG00000182759,20.17418633244204,6.145676100499329,0.5526085262403615,11.12121114437206,9.891991147880428e-29,3.5221209881638794e-27,MAFA
ENSG00000182718,4772.288148594316,2.038409775565208,0.1836771446280874,11.09778671534019,1.2858881870084572e-28,4.550799146548993e-27,ANXA2
ENSG00000236947,15.173587731651608,2.964180142704301,0.2673875965017426,11.08570547581471,1.4718555733660679e-28,5.185409251167534e-27,
ENSG00000140505,4294.792448916251,-4.381205577731987,0.3953556530956068,-11.081681881686672,1.5395305321034342e-28,5.415674847743704e-27,CYP1A2
ENSG00000154277,302.24933069863334,4.777442869743071,0.4313323556991805,11.076013210274796,1.64014313664758e-28,5.760941200540067e-27,UCHL1
ENSG00000123416,5509.035928008935,2.0720453934059564,0.1871857419679696,11.0694616567565,1.7645744409579853e-28,6.1794445954087065e-27,TUBA1B
ENSG00000118785,10893.582599673276,4.792315181071479,0.4330404371375271,11.066668999203674,1.820419963435032e-28,6.3654834386600454e-27,SPP1
ENSG00000253898,56.34706201935644,4.864716198030307,0.4399158945123781,11.05828695601592,1.99878438196473e-28,6.968340245499393e-27,LINC01419
ENSG00000143590,79.9180205439536,2.5994966640584707,0.2350960295588447,11.057169569968488,2.0238353497874653e-28,7.045175645472944e-27,EFNA3
ENSG00000142583,164.147388275575,3.4786149030655755,0.3146705854641565,11.05478256868028,2.078398267939257e-28,7.224364142927643e-27,SLC2A5
ENSG00000131153,118.2499328884968,2.1095267653690355,0.1910173455865893,11.043639827006048,2.3530412077909336e-28,8.166868393746783e-27,GINS2
ENSG00000112379,157.65519386121775,2.960798395058134,0.2682744429436661,11.036453426463211,2.548965246061033e-28,8.833769481645297e-27,ARFGEF3
ENSG00000120907,651.9676103249273,-3.3735808536074687,0.3058145751080519,-11.031458694915043,2.694586231225301e-28,9.310850178294456e-27,ADRA1A
ENSG00000109181,6282.684910599226,-3.174532519743605,0.287826566267601,-11.029324224339137,2.7593058850428483e-28,9.520419257936188e-27,UGT2B10
ENSG00000088926,3640.12938204772,-2.309082798669502,0.2096120495154524,-11.015983117417482,3.200236598012302e-28,1.1009284520191437e-26,F11
ENSG00000141576,316.61631637645723,2.409184667240273,0.2188687521191559,11.007440047580074,3.5185961300877248e-28,1.2086713549360081e-26,RNF157
ENSG00000284948,19.44648142875145,4.997191314033819,0.4542398114489241,11.001218272995244,3.770037536136935e-28,1.2931449865520722e-26,LOC254896
ENSG00000092853,71.8353277450977,2.3096597833406256,0.2099575215039433,11.000605107149005,3.795762047678827e-28,1.3000623950417394e-26,CLSPN
ENSG00000271824,46.35002085954613,6.003925416874661,0.5459069360877983,10.998074983075592,3.903764170550078e-28,1.3331497115573426e-26,SMIM32
ENSG00000196421,278.44135453350015,4.158594600258473,0.3786897788286258,10.981533785046848,4.688942041346503e-28,1.594308447285156e-26,C20orf204
ENSG00000284906,27.359712382659733,2.379602169748455,0.2168098680136038,10.975525198876763,5.011378349220169e-28,1.7014684139812398e-26,
ENSG00000175329,81.86334904657521,5.585734356428892,0.5090749000697383,10.972323239004126,5.192089331055785e-28,1.7602687785708403e-26,ISX
ENSG00000251031,6.168588554824272,-3.714480365584729,0.3386286777872658,-10.96918426949725,5.375516162244501e-28,1.8171885777945894e-26,
ENSG00000128591,877.4418965661972,4.559670360348544,0.4159202854557532,10.962846775680084,5.765664096258798e-28,1.946265226605802e-26,FLNC
ENSG00000063015,139.4133446411016,4.603257657228362,0.4206152476239848,10.944105529297197,7.0914208509662435e-28,2.373241887934955e-26,SEZ6
ENSG00000135119,77.88469938590954,2.090095987034013,0.1910068028413448,10.942521187426502,7.216471536535214e-28,2.4116416950595463e-26,RNFT2
ENSG00000138100,37.553637239608,4.798284990917697,0.4385227344150136,10.941929834763474,7.263704909466917e-28,2.4239636083760287e-26,TRIM54
ENSG00000135517,17.282017635033952,-2.2465947557936605,0.2054816595272334,-10.933310354620282,7.988012803867149e-28,2.6580879590450096e-26,MIP
ENSG00000184564,22.70475017128881,-3.8096132210684983,0.3489736776539351,-10.916620550522888,9.600168394720852e-28,3.1586039276751743e-26,SLITRK6
ENSG00000213401,93.47706153189152,8.715850821572797,0.7984902488858099,10.915412973088454,9.728613766413872e-28,3.1963688460353896e-26,MAGEA12
ENSG00000179094,3368.6749507910013,-2.147540332709601,0.1968728933630921,-10.908258094977548,1.0525379017767869e-27,3.443639040036974e-26,PER1
ENSG00000180061,151.21467958561468,2.615131942342267,0.2397860031563868,10.906107562236215,1.0777273669894794e-27,3.521127974299566e-26,TMEM150B
ENSG00000166897,276.05720006303864,4.130433578647351,0.3787666390497211,10.904956120238309,1.091459181544959e-27,3.561018777389292e-26,ELFN2
ENSG00000115507,30.939477115332103,3.818210492311126,0.3504574956111175,10.894931739590966,1.2185790803604767e-27,3.97022568619396e-26,OTX1
ENSG00000165140,10143.163248380084,-2.3851226587347405,0.2194075264279285,-10.870742210013525,1.5890285911350838e-27,5.155637424746604e-26,FBP1
ENSG00000163071,111.82700306076752,-2.6010589238823574,0.2393515542311471,-10.86710688901755,1.6536152350748666e-27,5.357759168158775e-26,SPATA18
ENSG00000147697,31.342836349069422,4.331623283960246,0.3989454722232032,10.857682529447976,1.8334300381572246e-27,5.915783294153372e-26,GSDMC
ENSG00000151790,7636.442591443891,-2.6572642964391866,0.2450600143568056,-10.843320577669717,2.145397748656053e-27,6.893858452515254e-26,TDO2
ENSG00000074410,229.8052953464368,3.905264459616491,0.3606424642068661,10.82863180908284,2.5189080770081388e-27,8.060850430294307e-26,CA12
ENSG00000275223,15.390420697147055,2.9418271576423747,0.2716893762658435,10.827906479360628,2.538936921085213e-27,8.113845818981748e-26,
ENSG00000238107,22.725420972429283,5.746932578427612,0.5308527747258568,10.825850126516611,2.59658250784904e-27,8.286746876686574e-26,LOC124904403
ENSG00000185686,291.0364233408259,7.453369310875944,0.6890032126118325,10.817611840476264,2.8408334282786607e-27,9.02929570485363e-26,PRAME
ENSG00000164683,131.83572038797433,2.399228661931942,0.2220047775999827,10.807103738348234,3.1856958211664717e-27,1.0111666532503024e-25,HEY1
ENSG00000130822,253.0402043312224,5.346419170140842,0.4955867107991015,10.788059997654267,3.9197651963902055e-27,1.235782577347117e-25,PNCK
ENSG00000137642,4774.582203460152,-2.089979529620191,0.193788536518048,-10.784846034613333,4.05922497527619e-27,1.2763098097666116e-25,SORL1
ENSG00000271127,23.820857246150965,3.4615221262132483,0.3210212634938292,10.782843754771362,4.148583488190246e-27,1.302655215291737e-25,
ENSG00000139219,412.4145262398215,6.085164108560752,0.5650155481649263,10.769905586358329,4.77490588666997e-27,1.4913133966204354e-25,COL2A1
ENSG00000226486,745.3740696727378,-3.2196925233226867,0.2989912344724957,-10.768518110583162,4.847402479778777e-27,1.5079160400194806e-25,LINC01035
ENSG00000133134,94.5751202950629,3.4658430105561995,0.3220622178333964,10.761408257919555,5.236376853166949e-27,1.6245963358903769e-25,BEX2
ENSG00000163631,1800107.8617762618,-2.4215039660348605,0.225039746216784,-10.760339036741495,5.2974908739183454e-27,1.6413801856102236e-25,ALB
ENSG00000169550,67.7157454826144,4.971512964920573,0.4620417185663226,10.759878957135664,5.324005025415253e-27,1.6474133539621562e-25,MUC15
ENSG00000174938,254.6845983581753,3.191300947235672,0.2968128804727277,10.751895073262835,5.8056383067373766e-27,1.7940726143924368e-25,SEZ6L2
ENSG00000283033,10.042725960667893,-2.9252695073341743,0.2723039487084978,-10.742662826625716,6.416647977941489e-27,1.9750611335261215e-25,
ENSG00000230333,65.17014425780866,-2.471162915222179,0.2304825201850013,-10.721693398868826,8.051551736303362e-27,2.4556707922730707e-25,
ENSG00000221926,423.5099154378901,2.2975389336792524,0.2143227977711512,10.71999319518267,8.200936822173181e-27,2.4979754567851206e-25,TRIM16
ENSG00000272993,38.24325895745764,2.0099146053457004,0.1877536330956159,10.705063716781051,9.636434837655443e-27,2.9238018178634738e-25,
ENSG00000175643,87.17575595159407,2.240932240705408,0.209458386243613,10.698699063302556,1.0321713060153212e-26,3.1276662385513485e-25,RMI2
ENSG00000205364,902.169502713059,-3.88548736149172,0.3632904310081637,-10.6952648070282,1.0711324924843208e-26,3.241526830101645e-25,MT1M
ENSG00000141526,756.0905662397132,3.412725709757697,0.3194646675497826,10.682638978302313,1.2273222287978276e-26,3.699838775549946e-25,SLC16A3
ENSG00000188613,67.23594308986436,2.9275116641176706,0.2740474956653137,10.682497415312842,1.229195673858229e-26,3.7007174258128127e-25,NANOS1
ENSG00000226622,5.022618004158205,-3.1659625139037777,0.2964836005058391,-10.678373132619267,1.2850386912592775e-26,3.8539628339267023e-25,
ENSG00000005187,1467.7832815306049,-2.320730021909144,0.2174196420884873,-10.673966710719874,1.3474828919250942e-26,4.0360649540081604e-25,ACSM3
ENSG00000176956,14.264698214022424,5.370057814315997,0.5047807719669827,10.638396136585108,1.974996222014575e-26,5.863082058577025e-25,LY6H
ENSG00000196553,16.69867536571926,-3.07230119357019,0.2889074139402766,-10.634206826569365,2.065789432082608e-26,6.117090149963096e-25,CCDC196
ENSG00000205777,175.80599776775878,5.854958892816415,0.550862535161418,10.62871137370188,2.1911910749950422e-26,6.472036971888767e-25,GAGE1
ENSG00000125551,2982.6805920275056,-2.3160448907580427,0.2181316243597893,-10.617648392595866,2.4669757717904902e-26,7.2682574596341225e-25,PLGLB2
ENSG00000280081,241.9446414418452,7.316489225025747,0.6892895197207112,10.614537165733012,2.550552934261504e-26,7.495613667233587e-25,LINC01667
ENSG00000154380,1588.0476069705776,2.226203319368653,0.20979276306842,10.61144000778815,2.6365391680510563e-26,7.736295693221268e-25,ENAH
ENSG00000263761,113.6900480084538,-5.213089065456496,0.4912747943523581,-10.611350562629315,2.639064661732387e-26,7.736295693221268e-25,GDF2
ENSG00000106211,8807.757508812767,2.000879186760025,0.189105290639546,10.580767888582796,3.659466439380967e-26,1.0621079207994908e-24,HSPB1
ENSG00000154478,13.624445828740166,-2.356584425366337,0.2229339025984626,-10.570776350741498,4.071103753749769e-26,1.1771981472369391e-24,GPR26
ENSG00000187871,14.326007607442,-2.8556327166299527,0.2703274260952246,-10.563607096321917,4.3944388567310703e-26,1.2659988691565263e-24,GFRAL
ENSG00000163536,133.3745644399037,2.7642248508562592,0.2618041763323954,10.558368050426768,4.646698178431485e-26,1.3370259592625795e-24,SERPINI1
ENSG00000218819,57.12850212051264,-3.032036841116638,0.2873334125758839,-10.552329483491189,4.955303055539667e-26,1.4223239801010974e-24,TDRD15
ENSG00000205037,27.12577934418986,-2.3900980487101915,0.2266171320705071,-10.5468550716923,5.252589166358376e-26,1.502124918931803e-24,
ENSG00000176595,214.3270870661308,-2.9663412302720595,0.2813287930629785,-10.544037096153223,5.412442976051303e-26,1.5459496769080361e-24,KBTBD11
ENSG00000179750,52.72925021698982,2.831118546809756,0.2685570949290126,10.54196146840992,5.533261249060869e-26,1.5766087746562843e-24,APOBEC3B
ENSG00000225792,47.472023938377816,-2.923375177390438,0.2773677948778568,-10.539706596714993,5.667543832915378e-26,1.6129057528392874e-24,SNX10-AS1
ENSG00000136425,42.46003204173297,2.615995869684373,0.2482880884675757,10.536131176610995,5.887119112135037e-26,1.6733581699899752e-24,CIB2
ENSG00000088882,132.8503088890705,4.369589852936711,0.4155498755225407,10.5151995231429,7.352501491317101e-26,2.0747535269768502e-24,CPXM1
ENSG00000248890,16.497290990732086,-2.187398880166867,0.2082374704817244,-10.504348113270227,8.24907491724221e-26,2.322149332599844e-24,HHIP-AS1
ENSG00000166866,104.680006888673,3.596073725478005,0.3426146580114657,10.495971615311513,9.014546267572831e-26,2.528504566394859e-24,MYO1A
ENSG00000248884,23.79676581952161,-3.0476409276031045,0.2903899755914001,-10.494993573370996,9.108391338962024e-26,2.551767647812438e-24,
ENSG00000116675,73.7419457671493,2.476472682820374,0.2361618199780327,10.486338067053897,9.98225334235876e-26,2.7799387194976007e-24,DNAJC6
ENSG00000113600,11613.339196926505,-3.4594314257357746,0.330045258684347,-10.48168799493148,1.0485528626042176e-25,2.9166227247206257e-24,C9
ENSG00000261058,25.31634035966078,-2.5047864986428827,0.2392554770785862,-10.46908739238666,1.197922821351169e-25,3.308501600928913e-24,
ENSG00000135454,135.55016497085052,3.089773352197853,0.2956630311282132,10.45032021895894,1.4603132857285584e-25,4.00012982354194e-24,B4GALNT1
ENSG00000260886,157.53074088271515,-3.414706178765168,0.3269582891915109,-10.443858717296674,1.5632430298331829e-25,4.2571529914886665e-24,TAT-AS1
ENSG00000117009,1503.6944216219026,-2.427560898997182,0.2324973152169243,-10.441242715995331,1.6069313580313562e-25,4.365963444648956e-24,KMO
ENSG00000073754,765.8947062804017,-3.45208962276874,0.3306881645528892,-10.439108479845894,1.643468598178126e-25,4.4600534706706385e-24,CD5L
ENSG00000114631,335.7588253511658,3.8456429784390265,0.3684919941939885,10.436164256025954,1.69522735899349e-25,4.5845611108595055e-24,PODXL2
ENSG00000184702,258.7211069344765,2.604766888297037,0.2497326499051594,10.430221636162695,1.804668538342578e-25,4.863664875282019e-24,SEPTIN5
ENSG00000170577,21.16108913160554,6.288779535962778,0.6031696533489987,10.4262200544165,1.882279026927658e-25,5.0669911711068696e-24,SIX2
ENSG00000171234,7818.702199098246,-2.782805082686539,0.26706136665697,-10.42009601583798,2.0075042923976443e-25,5.397879070351506e-24,UGT2B7
ENSG00000178752,30.45623122674292,2.8712236293476985,0.2758311452533295,10.409352528738925,2.2474497498992752e-25,6.0291963302057054e-24,ERFE
ENSG00000204983,210.9181478946285,8.633070871479958,0.8300162209351528,10.401086935088273,2.4512099946163053e-25,6.560772929526229e-24,PRSS1
ENSG00000081041,3301.629154105345,-2.8309315534872144,0.2722205569214436,-10.399404018206289,2.4948871042780303e-25,6.670045032042965e-24,CXCL2
ENSG00000188536,355.77148490679144,-2.7191304425849903,0.2616262927311857,-10.393184928774826,2.663088601253771e-25,7.087330107978324e-24,HBA2
ENSG00000151025,50.12443207065962,3.1407323211854603,0.3021990603598524,10.3929255023015,2.6703440733741027e-25,7.098563512322771e-24,GPR158
ENSG00000214274,10021.400537141431,-2.1621206495915275,0.2081911782140927,-10.385265447549934,2.8936324560191857e-25,7.64003883111251e-24,ANG
ENSG00000104332,68.37338680669117,-3.13880292635308,0.3025319081365661,-10.375113639041968,3.218292530351325e-25,8.468562110518396e-24,SFRP1
ENSG00000129521,215.9697534239858,3.089881911171261,0.297912167554469,10.371788223810364,3.3322969855038235e-25,8.758699256392241e-24,EGLN3
ENSG00000010379,827.6208177848858,-2.969597928934247,0.2865048327547758,-10.364913919186748,3.5808072595372603e-25,9.401327073216062e-24,SLC6A13
ENSG00000255081,22.98940784332878,-2.769016714713381,0.2672008498141838,-10.363053548066947,3.6511618403990553e-25,9.575294723369404e-24,
ENSG00000223784,4.371928659682185,-4.489372588266329,0.4338593273036942,-10.347530422283269,4.294195572733981e-25,1.1186427286521829e-23,LINC00707
ENSG00000284695,28.637326208775335,-3.681553896254676,0.3558427180772613,-10.346014430609562,4.362711490925359e-25,1.1352270290013008e-23,
ENSG00000243155,41.827936917025255,2.0229078320752003,0.1955351826107559,10.345492842084193,4.3865344969784e-25,1.1401577943090634e-23,
ENSG00000186417,68.46714908310766,3.137110922996997,0.3032432670253038,10.345195637056712,4.400166628181624e-25,1.1424317195677329e-23,GLDN
ENSG00000205054,22.162476154239798,4.114110598923771,0.3977448965744596,10.343591166992107,4.4744883631740485e-25,1.1604402026577665e-23,LINC01121
ENSG00000120457,113.23302074807474,2.6778408300937144,0.2589064834064134,10.342888269391947,4.507438326929901e-25,1.1663993891799909e-23,KCNJ5
ENSG00000185467,20.381627010329854,2.767107670106153,0.2675349857022863,10.342975005091104,4.503359420771115e-25,1.1663993891799909e-23,KPNA7
ENSG00000077935,32.33916690127921,3.342340234700154,0.3233417096964502,10.336866956749589,4.79973424959096e-25,1.2406650088473076e-23,SMC1B
ENSG00000237978,28.5438037130294,3.559677770468362,0.3444366210628522,10.334783100252274,4.905205232629964e-25,1.2665283223721057e-23,KCNMB2-AS1
ENSG00000168874,504.8085855805029,-2.673352000372869,0.2589645755923456,-10.323234342990528,5.532734608782346e-25,1.422277590145554e-23,ATOH8
ENSG00000125046,89.1859050330571,3.0237229138973083,0.2929161043838911,10.322829194582166,5.556137098289964e-25,1.4267257424840522e-23,SSUH2
ENSG00000251165,557.431324603771,-2.3676277985368235,0.2294821948184743,-10.317261434638413,5.887859143141136e-25,1.5102487821875066e-23,F11-AS1
ENSG00000153165,73.70522480850249,-2.2790107895513576,0.2210700746065384,-10.308997242650555,6.41673269127694e-25,1.64230446222146e-23,RGPD3
ENSG00000141622,245.4464360985437,-2.453701241505416,0.238379786794713,-10.293243712053844,7.558629027754078e-25,1.926132993967877e-23,ARK2C
ENSG00000146233,699.9084278824317,-2.876003378132648,0.279421280018034,-10.29271420539992,7.600321464036282e-25,1.9346498368683438e-23,CYP39A1
ENSG00000175832,462.1082703586414,3.288568958277853,0.3195367623728828,10.2916764063606,7.682698008027302e-25,1.953492983715029e-23,ETV4
ENSG00000087237,289.6068078865484,-2.312964929608727,0.2249543605473869,-10.28192973890585,8.500824966358669e-25,2.1591726214769642e-23,CETP
ENSG00000173702,533.7589999143245,3.736560292998846,0.3636860167502967,10.274137912660883,9.216471419141646e-25,2.335871244940201e-23,MUC13
ENSG00000187758,16909.84481429165,-2.6019937297985805,0.2534448743454239,-10.266507604538427,9.975054905252658e-25,2.5199401662913117e-23,ADH1A
ENSG00000176909,44.32480331420916,2.8106483614461046,0.2737764769375042,10.266215684000128,1.0005273939368471e-24,2.5248476080220772e-23,MAMSTR
ENSG00000183837,311.95401507276847,3.251490634239022,0.3168874269200012,10.260712032162344,1.0592279511770522e-24,2.667224915165208e-23,PNMA3
ENSG00000099769,1345.2766456132456,-3.1933093048658425,0.3115842588919683,-10.248622045996932,1.2004261586943187e-24,3.0065919839760383e-23,IGFALS
ENSG00000139800,50.97335695585698,5.161933816954455,0.5039762284158277,10.242415268633216,1.2800038109937671e-24,3.19223125272678e-23,ZIC5
ENSG00000120129,8537.622573313596,-2.33066932833798,0.2277155358856109,-10.23500359461092,1.3819004991307421e-24,3.428080421650631e-23,DUSP1
ENSG00000137269,212.0097483620714,2.0779084428226757,0.2031994692730306,10.22595408470618,1.5172643753605994e-24,3.746505641462108e-23,LRRC1
ENSG00000162745,171.57653741171933,3.0239379578938963,0.295731431717578,10.225284273407032,1.5277903899010102e-24,3.7660274595315417e-23,OLFML2B
ENSG00000160808,14.08072157834754,-2.261944631883066,0.2213366426833532,-10.219476560503496,1.6221442779560134e-24,3.994402220444739e-23,MYL3
ENSG00000144485,136.5386279700414,2.278801265002535,0.2229994616503609,10.21886442297986,1.6324194593542443e-24,4.015477225307449e-23,HES6
ENSG00000075461,81.56874830520307,4.302395522791789,0.4216094101140465,10.20469519792734,1.889133711345852e-24,4.6129963371099713e-23,CACNG4
ENSG00000197172,185.1766549633368,8.801644058628705,0.8638484350131683,10.188875388186048,2.223210946060644e-24,5.40619268827408e-23,MAGEA6
ENSG00000183287,152.48346064589603,-2.369646974437872,0.2326052841755744,-10.187416777037711,2.2568129063237068e-24,5.482203978985511e-23,CCBE1
ENSG00000118514,2630.559256715979,-2.337666665420636,0.2297663904989179,-10.174101879498537,2.5877612443927193e-24,6.24721349742816e-23,ALDH8A1
ENSG00000170927,538.1025857436808,-2.6424848235969205,0.2598080251866629,-10.170913010475283,2.6739040764554727e-24,6.441878276057968e-23,PKHD1
ENSG00000138028,290.9900687211437,2.0073754781218174,0.1974159777180383,10.168252343733164,2.7479475145668603e-24,6.60665325881424e-23,CGREF1
ENSG00000131097,16.168234480591277,2.683351167162588,0.2640511050580872,10.162241762147866,2.9227755094623192e-24,7.012562819779695e-23,HIGD1B
ENSG00000263963,9.38810187911229,-2.637629603966372,0.2598690546192975,-10.14984107219092,3.319034791873616e-24,7.938873301257618e-23,
ENSG00000277047,11.264138794121315,-2.390053695135716,0.2355043580814514,-10.148660154769164,3.3594378068934095e-24,8.027306293836314e-23,LOC124903233
ENSG00000138778,130.68327789305087,2.627446041734421,0.2592927488082557,10.133125796268953,3.938536951617828e-24,9.372756348850036e-23,CENPE
ENSG00000284928,37.39940209301451,4.747354019120449,0.4687041906231495,10.128678416142955,4.121825390900353e-24,9.789021458815426e-23,
ENSG00000212907,62704.320497897046,-2.284204744753664,0.2255525280672214,-10.127152040046756,4.18665897013855e-24,9.932912098220194e-23,MT-ND4L
ENSG00000181577,88.27055580152557,4.327891340234848,0.4273976394176923,10.12614703752548,4.229897403565598e-24,1.0025328263587644e-22,LINC03040
ENSG00000126752,68.26286963684142,7.071198016854424,0.6985323658126317,10.1229354041859,4.371059192737497e-24,1.0338947188645933e-22,SSX1
ENSG00000253417,32.20300178150143,6.376540726235033,0.631695559065528,10.094325715488482,5.85319398955609e-24,1.3719816332433428e-22,LINC02159
ENSG00000258586,21.459614675114626,-2.118913729205936,0.209955713916616,-10.092193680651452,5.981754689310631e-24,1.4007125870574937e-22,LINC02274
ENSG00000143512,46.08827547513757,3.537120063583419,0.3504969227056087,10.091729297590255,6.0101255598059685e-24,1.4059486722054099e-22,HHIPL2
ENSG00000104808,13.732010908885012,2.6538455226287305,0.2631488781560638,10.084958526993349,6.439237073726355e-24,1.5033240804958143e-22,DHDH
ENSG00000104833,94.0543998212922,3.357519422116535,0.3338724025323103,10.056295149436956,8.618068057664211e-24,1.9960640205241477e-22,TUBB4A
ENSG00000130054,27.112511846010776,3.1349393486975274,0.3117598713035321,10.05562176937558,8.677193251228913e-24,2.007770343481681e-22,NALF2
ENSG00000147003,262.6671563140577,-2.5971265579302063,0.2585738047204441,-10.044043559393332,9.75897633398444e-24,2.246965879733248e-22,CLTRN
ENSG00000146700,100.5554234850604,2.0104119790200734,0.2004329713847533,10.03034563191135,1.1212342198267887e-23,2.5739972624541774e-22,SSC4D
ENSG00000274021,47.21190242551815,-2.099621364460173,0.2094955304323215,-10.022272838601038,1.2167218913007225e-23,2.7822849660994917e-22,
ENSG00000179914,42.4772023144611,-3.2283636699666136,0.3222624291612211,-10.017809641568649,1.2729265919283953e-23,2.9051289526810683e-22,ITLN1
ENSG00000227036,103.82715996628454,2.4765631182497168,0.2472208052896403,10.017616095652674,1.2754212205760722e-23,2.9079852449255423e-22,LINC00511
ENSG00000101955,192.24279911419077,-2.6945130128792454,0.2689929866676232,-10.01703816244353,1.2828990965543549e-23,2.9221868126286293e-22,SRPX
ENSG00000271992,96.84352547722744,-2.4912772569879325,0.2490794110218781,-10.001939729852294,1.4944073883500145e-23,3.3809160576084995e-22,
ENSG00000243766,17.60978759828052,6.025584284485845,0.6035412898946443,9.983715091866683,1.7961299889230422e-23,4.0478679027819583e-22,HOTTIP
ENSG00000121075,36.95366457609687,4.279907893477253,0.4286996924277825,9.98346387710141,1.80068482472033e-23,4.0542271515575247e-22,TBX4
ENSG00000197177,9.74288248107821,-3.838179914955927,0.3848865862631576,-9.972236113034237,2.0163717199516534e-23,4.53112234820644e-22,ADGRA1
ENSG00000172955,6388.5110016553,-2.195294421795419,0.2202989978031848,-9.96506767478214,2.1672621476130022e-23,4.865524320452107e-22,ADH6
ENSG00000125144,11151.28390103815,-3.8131197283395033,0.3832769384069781,-9.948732486196672,2.5541553383758158e-23,5.7012744113192235e-22,MT1G
ENSG00000046774,72.55571672203938,10.312317573887366,1.0365847663346952,9.9483591779485,2.563753134202081e-23,5.717242809188682e-22,MAGEC2
ENSG00000145911,46.18929018583405,2.4924966514526576,0.2510210540685917,9.929432655364362,3.100143938550037e-23,6.867582116903505e-22,N4BP3
ENSG00000170345,11014.14925827395,-3.132796523900132,0.315582712618927,-9.927021977541118,3.175993244123642e-23,7.022307179563739e-22,FOS
ENSG00000196932,82.54466294689878,-2.177937987421445,0.2194440502031317,-9.924798532497938,3.2475790271940785e-23,7.1738070050189885e-22,TMEM26
ENSG00000170516,51.34266523902715,7.380736809415893,0.7438157626136138,9.92280236638374,3.313207043900432e-23,7.3118728658455485e-22,COX7B2
ENSG00000277893,1175.4099236791096,-3.2175178650212364,0.3245160034476941,-9.914820319608182,3.589016412350956e-23,7.875971945039955e-22,SRD5A2
ENSG00000164188,159.35513104960913,-3.077841083450015,0.3105721955439674,-9.910227404804136,3.75789861846339e-23,8.223435208766518e-22,RANBP3L
ENSG00000269416,44.28518682510189,2.588909532735513,0.261257219102612,9.909427734200474,3.788096499756049e-23,8.281770226055443e-22,LINC01224
ENSG00000160213,2425.996524862181,2.141979307326677,0.2162483659041947,9.905181472102528,3.952518388227115e-23,8.617079464659543e-22,CSTB
ENSG00000269974,8.954005942841306,2.116472139424135,0.2136867317458991,9.904555711680269,3.977338859471484e-23,8.663118057692404e-22,
ENSG00000135097,128.64631552718205,3.1713130754885936,0.320711189786503,9.888376759163696,4.6754735365521203e-23,1.0117793935297293e-21,MSI1
ENSG00000179292,29.819851607986006,3.428849316595298,0.3468107341684447,9.886802739300215,4.749549642270993e-23,1.0259114938286737e-21,TMEM151A
ENSG00000144057,105.80040036605934,-2.2813872143043272,0.2308320154873086,-9.88332233502402,4.9174939420888354e-23,1.0612078947166433e-21,ST6GAL2
ENSG00000106689,65.88624871105397,-2.325514802614313,0.2356821349869748,-9.867166226845466,5.777370362120836e-23,1.238771997076927e-21,LHX2
ENSG00000226644,17.421419561864433,2.3994403533941924,0.243234015062839,9.864740146538722,5.918750204196848e-23,1.2672560110717228e-21,LINC03086
ENSG00000109193,569.7280216190658,-2.922059464789925,0.2967020628783403,-9.848463594902896,6.959974220782884e-23,1.4868920269111781e-21,SULT1E1
ENSG00000088826,232.23918600678445,2.564359269231848,0.2604707983299082,9.84509313778764,7.197253415845525e-23,1.5347798464619361e-21,SMOX
ENSG00000258604,92.00483327806788,-2.594794343373937,0.2637375891536143,-9.838545774613095,7.681306365042682e-23,1.6365100163701593e-21,
ENSG00000250266,17.235516778265456,-4.18971647409464,0.4264796365958971,-9.8239543335208,8.879068871296887e-23,1.8746214630527808e-21,LINC01612
ENSG00000214814,36.71238145204726,6.857561767812258,0.6982169609317144,9.821534210027488,9.094869538277976e-23,1.918451606031891e-21,FER1L6
ENSG00000164841,25.20076126806344,2.8120381930781853,0.2863373822056847,9.820716287257994,9.168970648250604e-23,1.9323399132840215e-21,TMEM74
ENSG00000204511,22.669904416920097,5.2613540289386345,0.5366534458188008,9.804006794200502,1.0820623026757986e-22,2.270195824797754e-21,MCCD1
ENSG00000283646,108.97574494104389,3.9002926088972414,0.3981145732204187,9.796909913010944,1.1608253228796871e-22,2.4289075830165038e-21,LINC02009
ENSG00000179774,35.00225693504304,-2.676578910964877,0.2732334514758071,-9.795941516340536,1.1720038254487885e-22,2.4501059417983477e-21,ATOH7
ENSG00000122824,7.957421234745026,-3.177363040410835,0.3245371305096983,-9.790445350338375,1.2374960936288396e-22,2.575511220485716e-21,NUDT10
ENSG00000179083,47.31297876653302,5.890378936204288,0.6020531595760352,9.78381865872489,1.3212919333897825e-22,2.7474650842477494e-21,FAM133A
ENSG00000095970,68.94040495447047,2.7589265388381,0.2822760403853986,9.773860137301302,1.457891024508195e-22,3.0180924545416107e-21,TREM2
ENSG00000279372,21.28903530354448,-2.5079183917199592,0.2569463397154086,-9.760475259144403,1.663737041094546e-22,3.420017627620801e-21,
ENSG00000101255,1281.2582568270782,2.112330844844175,0.2164919980462323,9.75708508354698,1.7202863127325088e-22,3.526963866235897e-21,TRIB3
ENSG00000258232,677.7649187697829,2.194608423189204,0.224993833523977,9.754082540023608,1.7719558343243236e-22,3.629716535231953e-21,
ENSG00000198431,2638.634409779089,2.474512429404905,0.2538933550835014,9.7462670048654,1.9137646074888164e-22,3.909929734758592e-21,TXNRD1
ENSG00000244734,266.392147947611,-2.867667498870544,0.2943068704614612,-9.743800728722906,1.960803339774464e-22,3.999047299681258e-21,HBB
ENSG00000283913,44.768817414636686,-2.0501485961135444,0.2105009159875268,-9.73938087868,2.047982664148822e-22,4.1695786303249245e-21,
ENSG00000128645,20.738593983644183,5.9871117596783225,0.6150104966484081,9.73497491881193,2.138704492777869e-22,4.335417175004566e-21,HOXD1
ENSG00000272899,56.45186748390444,2.3228378203112814,0.2386779673791137,9.73209989098704,2.200036394336767e-22,4.4520286654602065e-21,SPMIP1
ENSG00000140107,5167.12235615274,-3.486903309804472,0.3587348849305173,-9.720000636346931,2.477799472487464e-22,4.9753788034248265e-21,SLC25A47
ENSG00000108231,24.21433926965101,-2.3678939879373218,0.2436727015406626,-9.71751851137162,2.5389339443274617e-22,5.089398608367808e-21,LGI1
ENSG00000081051,1667.43408857366,3.842014923035571,0.3956252494324683,9.711248027134296,2.7001049721405e-22,5.389381878266443e-21,AFP
ENSG00000166840,3507.56674828979,-2.619056383604957,0.2697260837621691,-9.710059728277184,2.7317698961018176e-22,5.4479363324390285e-21,GLYATL1
ENSG00000162595,62.07035570551764,-2.6126208026715694,0.2690685680900251,-9.70986994585498,2.7368610029145813e-22,5.453440327187462e-21,DIRAS3
ENSG00000229782,6.9002138899186,-2.185163888427604,0.2250833750844617,-9.708242057449286,2.780918277744808e-22,5.531804529871113e-21,SPNS2-AS1
ENSG00000169783,170.36053182791812,3.2550907926164774,0.3354775303550215,9.702857861066745,2.9316966951953804e-22,5.816894045013192e-21,LINGO1
ENSG00000162482,2442.4862685547355,-2.216859075403109,0.2284737520348498,-9.702904844250837,2.9303466178234062e-22,5.816894045013192e-21,AKR7A3
ENSG00000134824,2241.268166394954,2.397194003731066,0.247057722344923,9.702971358184412,2.928436369995312e-22,5.816894045013192e-21,FADS2
ENSG00000213886,3740.11643114476,2.5864466659779306,0.2667888511821225,9.694732948987818,3.1746709329796723e-22,6.2761705890189734e-21,UBD
ENSG00000176566,101.38312583203118,7.998299006115773,0.8250681927912765,9.69410659142833,3.194208927036125e-22,6.3003481812947776e-21,DCAF4L2
ENSG00000110169,49463.39445075435,-2.249206110025307,0.2320926101299974,-9.690985459491811,3.29335457170514e-22,6.490433318946784e-21,HPX
ENSG00000159399,308.5305168046972,3.319754475254601,0.342583696346482,9.690345777275606,3.3140476331982823e-22,6.520228451085569e-21,HK2
ENSG00000250348,5.173848784083301,3.976400736559353,0.4107716377355522,9.68031960161595,3.6557137401915113e-22,7.162320898182582e-21,SV2C-AS2
ENSG00000187243,385.4958291053852,3.88393105194415,0.4013058311521541,9.678232286815604,3.7311120284632263e-22,7.303879702850328e-21,MAGED4B
ENSG00000167757,26.71999638068823,-2.1315177737658,0.2203667688750111,-9.672591673632816,3.9426485692385367e-22,7.698695991669206e-21,KLK11
ENSG00000149925,6059.624189258198,2.087562743490805,0.2159080855458214,9.668756675848387,4.093204816468127e-22,7.972717757838377e-21,ALDOA
ENSG00000064300,445.322208503002,-2.5786214630379565,0.2668612862383339,-9.66277836469314,4.3393263773677725e-22,8.438060012116732e-21,NGFR
ENSG00000092445,317.23628030595444,2.2663782721217416,0.2347611466224932,9.653975134847087,4.728636643598085e-22,9.179833776239834e-21,TYRO3
ENSG00000163577,120.31612731651046,2.156448228333759,0.2237865918379656,9.636181554144011,5.624120363888542e-22,1.0891146330500388e-20,EIF5A2
ENSG00000196616,62570.44558486556,-2.8680458210463784,0.2976445169000838,-9.635809357137097,5.644540981065772e-22,1.0921649889997652e-20,ADH1B
ENSG00000268916,84.90638917997681,7.008708483297839,0.7273723872654869,9.635653766905644,5.653099181762995e-22,1.0929169351981964e-20,CSAG3
ENSG00000117394,356.12742795340955,3.047227671738755,0.3163278086501219,9.633132429116204,5.793588219269501e-22,1.1191528423895246e-20,SLC2A1
ENSG00000176170,517.1331527912001,3.0023640040089417,0.3116840807780594,9.632715268980428,5.817163183370944e-22,1.1227796893448555e-20,SPHK1
ENSG00000104419,6806.937076671909,2.5748511396913742,0.2673438652746948,9.63123330713321,5.901683465516499e-22,1.1381540091411992e-20,NDRG1
ENSG00000108187,3456.493970874917,-2.061590225321097,0.2142612590284961,-9.621852474258594,6.465608504044259e-22,1.2407709576300851e-20,PBLD
ENSG00000019991,423.99445145815946,-2.32670842123587,0.2418506236965336,-9.62043589416312,6.555277603849633e-22,1.2559181735205116e-20,HGF
ENSG00000124102,17.424136552269015,4.990774159152589,0.5188185402076828,9.61949848044132,6.615291080461706e-22,1.2653434525367184e-20,PI3
ENSG00000264424,112.02264880837129,6.608143653850476,0.68771489548618,9.608841828529613,7.3369580031848225e-22,1.3976666007207046e-20,MYH4
ENSG00000176230,89.2402011326717,-2.1308802120082526,0.2217720990971346,-9.608423334961277,7.366834662678916e-22,1.399937963152298e-20,OR4K17
ENSG00000204653,1168.1527141090305,-2.5139888260165133,0.2616547264051054,-9.608039038913612,7.394375941254509e-22,1.4040311395597942e-20,ASPDH
ENSG00000236279,27.75372020985377,6.865828527719804,0.7150530740134301,9.601844642361264,7.852627278584559e-22,1.4874211330196644e-20,CLEC2L
ENSG00000121207,168.61246916387023,-2.020146198075925,0.2105001508114709,-9.596887176984575,8.239523189172679e-22,1.559443090326185e-20,LRAT
ENSG00000249395,39.259017819895945,4.004041228841141,0.4172987554021053,9.595142992896976,8.380082052658949e-22,1.5847636172825447e-20,CASC9
ENSG00000078898,188.43621759884076,5.244347144739988,0.5470996128746207,9.585726294311671,9.180939559378764e-22,1.7292247915664042e-20,BPIFB2
ENSG00000157131,7338.172827404281,-2.2350116155700888,0.2332182487396178,-9.583347905443803,9.39491253225582e-22,1.768102887104267e-20,C8A
ENSG00000091129,203.92354009800448,3.296327757679057,0.3440606416556803,9.580659216981482,9.642748086402178e-22,1.811829766949447e-20,NRCAM
ENSG00000100379,202.4483224282454,2.0664004215724923,0.2158435698124598,9.573601953340225,1.0324462770780257e-21,1.9383640256570032e-20,KCTD17
ENSG00000196460,20.993210293027083,2.0231962689698832,0.2113343639890288,9.573437233685832,1.0340930979491896e-21,1.9385193438163503e-20,RFX8
ENSG00000221818,23.465127803517465,3.3538418927139872,0.3504424927448885,9.57030600497264,1.0658971899230054e-21,1.9947626371095086e-20,EBF2
ENSG00000144045,101.86776026312351,4.05128717946854,0.4242243438935261,9.54986963333097,1.298595964234533e-21,2.4167108505440276e-20,DQX1
ENSG00000131188,79.56931345554372,2.1828523599989964,0.2286109623963435,9.548327591633942,1.3180678115671429e-21,2.4472204045718124e-20,PRR7
ENSG00000130876,67.04253223645725,4.478605160610828,0.4691587583324901,9.546033365185236,1.3475735142050918e-21,2.4999038237747596e-20,SLC7A10
ENSG00000105281,636.6506923602554,2.590428831668357,0.2714187652871777,9.54402997496332,1.3738726672265109e-21,2.546672211127557e-20,SLC1A5
ENSG00000254340,29.392166914520555,-2.3907517788887125,0.250820430341766,-9.531726644560385,1.5468865188435269e-21,2.8605783664274006e-20,PPP1R3B-AS1
ENSG00000175445,41.623542353236665,2.825344986233013,0.2964803649196427,9.52961922789992,1.5786117335423281e-21,2.9169403066947624e-20,LPL
ENSG00000170509,4766.5837915103175,-3.307912637748158,0.3477409418605678,-9.512577437817248,1.8599596527646867e-21,3.4179132880694665e-20,HSD17B13
ENSG00000164107,179.5190367965998,-3.024913389110368,0.3180561920348786,-9.510625684591767,1.895191686929653e-21,3.477193657438853e-20,HAND2
ENSG00000113758,540.0056196776258,2.2155811126637754,0.2332248763427654,9.499763264565248,2.1036799935287258e-21,3.853671580941072e-20,DBN1
ENSG00000140274,58.12135495163906,5.1630727749889145,0.5435022911261458,9.499633873283113,2.106295466478892e-21,3.8554436500266604e-20,DUOXA2
ENSG00000187013,9.852421617744282,2.3561959145697755,0.2480809101716415,9.497691349727704,2.145949864159632e-21,3.9249574020552207e-20,LINC02875
ENSG00000186827,88.97812296777062,2.3476267216723583,0.2472668618865852,9.494303861668095,2.216876187163081e-21,4.051514425492653e-20,TNFRSF4
ENSG00000126838,586.9761574405603,-3.3055699910106795,0.3483163435074653,-9.490137493188955,2.307297331578229e-21,4.210187712762053e-20,PZP
ENSG00000245614,16.226664584767985,2.125529953718531,0.2241705931209341,9.48175192886189,2.5004912537294768e-21,4.537935756283449e-20,DDX11-AS1
ENSG00000285068,20.15987541799693,-2.663694963694997,0.2810132149547056,-9.478895731378106,2.569881550187596e-21,4.642257845833083e-20,
ENSG00000251350,14.004035688864583,3.7325272427706095,0.3937718691485912,9.47890780222832,2.569584322128111e-21,4.642257845833083e-20,LINC02475
ENSG00000106031,76.56405950717924,4.844011097557653,0.5110772885043279,9.478040223101466,2.591034115735664e-21,4.669650313513433e-20,HOXA13
ENSG00000184260,25.47772281314352,2.5893089846673294,0.2732062373003284,9.477488545845205,2.6047656612538213e-21,4.687175624131588e-20,H2AC20
ENSG00000196196,90.63944227740129,2.923855437048576,0.3085090496728249,9.477373322271538,2.607642713301322e-21,4.6887460409114396e-20,HRCT1
ENSG00000272620,131.80237437910355,4.304175967982053,0.4550087459097885,9.459545572856772,3.0928437688434525e-21,5.527188257032459e-20,AFAP1-AS1
ENSG00000167971,29.511843213603324,3.3661215191957155,0.3561885251015465,9.450392929519728,3.375611289979264e-21,6.014141272390322e-20,CASKIN1
ENSG00000138109,26957.8986427081,-2.7322641990438843,0.2891422999603774,-9.449548542078762,3.4029521129810555e-21,6.058238872067417e-20,CYP2C9
ENSG00000061656,147.82036007445936,2.404166355743765,0.254533140456146,9.445396192555853,3.540623041502228e-21,6.298539529267042e-20,SPAG4
ENSG00000080493,727.6020211081734,-2.180629835716412,0.2309529477475031,-9.441879209528238,3.661527188822437e-21,6.50372858983472e-20,SLC4A4
ENSG00000147378,3.5903673591949614,4.142000025269017,0.4392049168168939,9.430677723937755,4.074477226270875e-21,7.226250625788823e-20,FATE1
ENSG00000112164,21.867042766222536,5.296270203103256,0.5619159796513641,9.42537744947079,4.2856137574599884e-21,7.572006240805252e-20,GLP1R
ENSG00000130707,37370.229500590685,-2.3017147610657016,0.2442227763879829,-9.424652340407013,4.315327553076736e-21,7.613005840808754e-20,ASS1
ENSG00000160886,54.501890403023054,4.157723891315358,0.4412059478927922,9.42354451741352,4.361118266835091e-21,7.676421340562325e-20,LY6K
ENSG00000163046,24.40982867881559,3.4910512457453997,0.3708590555775859,9.41341782879844,4.802606297665228e-21,8.427422565871422e-20,ANKRD30BL
ENSG00000225548,31.050535774766765,6.224098835721018,0.6613322470422233,9.411455230798138,4.8931468688290705e-21,8.567768316056772e-20,LINC01980
ENSG00000137968,102.44733931682602,3.678720987082254,0.3911014011306622,9.40605422646706,5.151119663298873e-21,8.999263800115797e-20,SLC44A5
ENSG00000137868,54.87807933174426,3.927950591426709,0.4176141704927691,9.405692787655823,5.168855820677871e-21,9.023510762172944e-20,STRA6
ENSG00000259153,12.022080343881315,2.2435928170958066,0.238546304587772,9.405271739476,5.18959324343495e-21,9.052957102436524e-20,MAP3K9-DT
ENSG00000125841,306.4660963358473,2.1944849305962806,0.2334596157246242,9.39984812270389,5.464188712971344e-21,9.50569824323272e-20,NRSN2
ENSG00000225532,17.496721779961018,3.143189076147513,0.3344499837054103,9.398084106100876,5.5565601940164266e-21,9.65710346349378e-20,
ENSG00000230435,32.59392067186869,-2.4197713554557114,0.2576111915083427,-9.393114255974966,5.825189696964001e-21,1.0071593686702058e-19,
ENSG00000185818,34.763790566277564,3.9963273271812954,0.4256248286430218,9.389319086300477,6.038938555235366e-21,1.0433448273457972e-19,ASPNAT
ENSG00000135253,74.9305580893275,2.131032268081831,0.2272264944452412,9.378449785464538,6.6949793224582826e-21,1.1524330484934996e-19,KCP
ENSG00000142513,9.2490855002021,3.530062554770589,0.3768336175295625,9.367695424609128,7.413346206566457e-21,1.2686203936372282e-19,ACP4
ENSG00000280837,32.019770903548086,-3.6685553911386415,0.3928334819328929,-9.33870344525606,9.752096099802432e-21,1.6543204065458905e-19,CPS1-IT1
ENSG00000272068,46.49301022338756,3.4975845116518998,0.3745539500011869,9.337999269907089,9.817159778583939e-21,1.6641508601479282e-19,BCAN-AS1
ENSG00000124635,42.48917770408055,2.594997785337286,0.2779866319232512,9.334973294880358,1.0101671310721646e-20,1.7111397318733632e-19,H2BC11
ENSG00000273297,15.908272517245562,2.3844133461213515,0.2554417328104911,9.334470604653768,1.0149719210104186e-20,1.7180345982776208e-19,LINC03060
ENSG00000185133,51.28512645729993,2.6889222792025547,0.2881371664730392,9.332091073555258,1.0380242928199168e-20,1.7532627898183832e-19,INPP5J
ENSG00000229649,16.225072479937502,-2.0488628441363943,0.2196988245804382,-9.325779726173478,1.1017051895900344e-20,1.856785987037441e-19,LINC02681
ENSG00000230587,7.9000252641200355,-2.457253218517706,0.2635384646420279,-9.324078069041898,1.1195261259223739e-20,1.88410609091382e-19,LOC107985876
ENSG00000118526,74.2472306972172,-2.223686604379896,0.238563684835067,-9.321144607224104,1.1509190796100121e-20,1.934155892910705e-19,TCF21
ENSG00000278677,6.684294770167852,3.1786190957320937,0.3417079635654262,9.30215106070681,1.376325485653856e-20,2.3046801779456445e-19,H2AC17
ENSG00000162365,4321.8165365742825,-2.680875349935237,0.288243608110605,-9.300727837498238,1.3948751923352835e-20,2.3340711998783466e-19,CYP4A22
ENSG00000100625,35.7722443806214,2.7894024315975616,0.3001587953622143,9.29308910715567,1.498740614021768e-20,2.496451620307044e-19,SIX4
ENSG00000128242,303.29467923257334,2.589831321554383,0.2793438979444788,9.27112187025158,1.8419816987142364e-20,3.0495030345380137e-19,GAL3ST1
ENSG00000181585,35.98380476962379,2.321754196495589,0.2504520410335617,9.270254644019705,1.8570204063872994e-20,3.0700550082415617e-19,TMIE
ENSG00000226798,6.885224917262664,-2.683936890363166,0.2896598321137715,-9.26582353782826,1.9357764424506075e-20,3.191234553787672e-19,
ENSG00000166391,1944.9670791788208,-3.0814863109845434,0.3326286241390753,-9.264044304545912,1.968320798065122e-20,3.2357644714783835e-19,MOGAT2
ENSG00000149582,642.8956650968876,-2.007584902968512,0.2168724901534228,-9.256982762305537,2.102905617278117e-20,3.44490694012514e-19,TMEM25
ENSG00000214290,115.21337116749903,2.193766349631463,0.237047308701723,9.254550754642322,2.151331737629866e-20,3.5193079257605213e-19,POU2AF3
ENSG00000153132,193.7212566369203,3.180913005404492,0.3437356771454645,9.253950686237236,2.16344888947776e-20,3.5366568743223783e-19,CLGN
ENSG00000241886,22.080479879015964,-2.0711345832795014,0.2238493819934308,-9.252357834699236,2.195941522878778e-20,3.584763436476152e-19,
ENSG00000110723,365.0969488122376,-2.5876976015451163,0.2797806370865806,-9.249023193639848,2.265535445411026e-20,3.6932174686062812e-19,EXPH5
ENSG00000086205,845.4443528236436,-2.0598479427541587,0.2227627413305136,-9.24682435873761,2.31261355271608e-20,3.764715994341493e-19,FOLH1
ENSG00000126562,181.546572992967,2.705081356700749,0.2925455562686323,9.246701235881314,2.3152780805138112e-20,3.76643255476075e-19,WNK4
ENSG00000164266,3672.56055177477,4.424016082961899,0.4787072552157893,9.241589791589147,2.428615718334837e-20,3.939847954161362e-19,SPINK1
ENSG00000167037,102.71535879106892,2.380989534762717,0.2579688443908758,9.229756176118029,2.712486412021423e-20,4.391224542312605e-19,SGSM1
ENSG00000138115,31115.571196868103,-2.822598606908957,0.3058288843988297,-9.22933951270614,2.723057871430264e-20,4.405289957563497e-19,CYP2C8
ENSG00000251003,50.72249428761359,3.269406181424421,0.354675088711465,9.218031616774036,3.0260394324974355e-20,4.88868373234893e-19,ZFPM2-AS1
ENSG00000280587,1155.9220834226198,-2.3194946554019844,0.2517659843679202,-9.212899277181036,3.174328352074763e-20,5.124711051765696e-19,LINC01348
ENSG00000259230,10.728152119078413,5.774716454352812,0.6269757900362817,9.210429726510878,3.248219023494483e-20,5.236773784742002e-19,LINC02323
ENSG00000132692,27.893745925766524,3.6343081118239646,0.3949693791729775,9.201493339645232,3.5300920316602784e-20,5.683072491127956e-19,BCAN
ENSG00000156959,34.11360278075188,4.446198443804483,0.4835187140215004,9.195504361816234,3.7323948468438997e-20,5.992581513535987e-19,LHFPL4
ENSG00000154545,169.67177014460174,3.103858888961061,0.3377910292525849,9.188695436432493,3.976343025677685e-20,6.366775660484468e-19,MAGED4
ENSG00000225383,4.440263528259416,4.51864946224608,0.4922671749319207,9.179262181905584,4.3405518113447805e-20,6.926229776452145e-19,SFTA1P
ENSG00000087258,615.1444796041828,-2.4933520073018145,0.271887592073003,-9.170525172889604,4.7072011720750494e-20,7.48067642787715e-19,GNAO1
ENSG00000189320,77.44955649804844,-2.782879400960069,0.3039035792033204,-9.157112950941068,5.330426932895272e-20,8.431012659987769e-19,FAM180A
ENSG00000100302,21.42990440841477,2.173693784030871,0.2374300098025134,9.155092845419492,5.431108647391102e-20,8.5786579735597615e-19,RASD2
ENSG00000149948,83.4085376056289,3.565368536496005,0.389510764224997,9.15345316217373,5.514210396440732e-20,8.704043441561272e-19,HMGA2
ENSG00000268089,6.467981900294584,5.396742467802948,0.5898127036266384,9.149925789355631,5.697267222236606e-20,8.974826406045853e-19,GABRQ
ENSG00000111490,103.3651205542324,2.0461486860795097,0.2236290674303362,9.149743857501509,5.706869966163819e-20,8.983903709183729e-19,TBC1D30
ENSG00000185652,57.271397618415584,-2.518287873362964,0.2756727570102433,-9.135062530931885,6.536898737875316e-20,1.023545329150718e-18,NTF3
ENSG00000186510,80.05414918431943,2.8170566632773504,0.3086292516627566,9.127639872436935,7.000882481442879e-20,1.0932686507903421e-18,CLCNKA
ENSG00000174992,386.7081291723298,-2.4031297558902143,0.2636152903929862,-9.116048436749372,7.791343882397941e-20,1.2118544377721744e-18,ZG16
ENSG00000118271,69513.29075540624,-2.316603821750768,0.2542702467830501,-9.110793933068203,8.178128350375838e-20,1.2694821267441404e-18,TTR
ENSG00000104951,128.18876659822573,2.865072689226368,0.3144824636315251,9.110437053124,8.20507604541502e-20,1.2728205830927954e-18,IL4I1
ENSG00000186603,10.1575598971571,2.880350511435416,0.3163393337418543,9.10525566759238,8.60634905390423e-20,1.3333001550859712e-18,HPDL
ENSG00000226330,10.607279820201091,2.503218374248944,0.2750963644737981,9.099423683904648,9.081242243406184e-20,1.4022277214521506e-18,PPP1R15B-AS1
ENSG00000174059,565.001451169509,2.051054202209053,0.2255035741110779,9.095439885129052,9.420434768951151e-20,1.4507717613566441e-18,CD34
ENSG00000108381,427.7338661791073,-2.008337415143701,0.2210078957232225,-9.087174956223404,1.0164574415949124e-19,1.559212388933101e-18,ASPA
ENSG00000173825,15.691482327990734,2.035939370241165,0.2240813459021663,9.085715555859135,1.0301878724371328e-19,1.5763704834346144e-18,TIGD3
ENSG00000147041,91.57183360189303,-2.203255921991711,0.2425691905640125,-9.082999851995982,1.0562276217295201e-19,1.6138688932148052e-18,SYTL5
ENSG00000183778,63.400574680937694,-2.40567064457962,0.2648913402531428,-9.081726274179616,1.0686624545710856e-19,1.6307384735669541e-18,B3GALT5
ENSG00000175175,67.35732062319103,2.29151992658774,0.2523436001886197,9.080951230286376,1.0763004490973816e-19,1.6413231033725588e-18,PPM1E
ENSG00000141696,253.76836138725804,2.044129896759342,0.2251261569087573,9.079930670107869,1.0864403344871998e-19,1.6535522930812666e-18,P3H4
ENSG00000259359,27.934073080913254,-2.2965706259885086,0.2530616459218322,-9.075143005660731,1.135283200980462e-19,1.7256452190081837e-18,
ENSG00000108448,475.1784429784825,2.206983816190125,0.2432451358182306,9.07308509486222,1.1569386727762234e-19,1.7574198943022204e-18,TRIM16L
ENSG00000229953,22.712986340357915,3.785284565702961,0.4172759938293809,9.071417051733674,1.1747906850041392e-19,1.783379525911864e-18,BCAN-AS2
ENSG00000222236,15.964481149541063,-2.50347601586077,0.275976617507738,-9.071333790771517,1.1756888728409453e-19,1.7835855902962537e-18,RNA5SP163
ENSG00000149485,1315.373160530054,2.1664093466724834,0.2388639333704532,9.06963774774908,1.1941335718809318e-19,1.8092206377597567e-18,FADS1
ENSG00000146151,10.588990339303606,-2.7968372737806684,0.3083901356891547,-9.069152836327332,1.1994594184997655e-19,1.816113538962137e-18,HMGCLL1
ENSG00000136231,101.93116241169574,3.0582709887405386,0.3373062747998933,9.066747989063812,1.226221045623468e-19,1.855432659784592e-18,IGF2BP3
ENSG00000251026,8.183366498836008,4.502670306660614,0.4968933671869236,9.061643008341424,1.2850015473871418e-19,1.9393574966469296e-18,NIHCOLE
ENSG00000183248,59.6032892469508,2.8717058842903165,0.316981292164188,9.059543749991557,1.3099733733799545e-19,1.975770929946955e-18,PRR36
ENSG00000273162,4.938693300686492,2.4663483115218976,0.2722802856375209,9.058122977016698,1.3271457546028712e-19,2.000381484370165e-18,KAZALD1-DT
ENSG00000162931,29.185964359660343,2.5038131165484083,0.2764893153661924,9.055731912216093,1.3565493258455305e-19,2.043384312910785e-18,TRIM17
ENSG00000165443,209.51122441836543,2.034112558583023,0.2246959118192075,9.052735059192752,1.3943129553342442e-19,2.098916535658557e-18,PHYHIPL
ENSG00000210194,711.0992587396264,-2.382021331174072,0.2631802718384579,-9.050911432435084,1.417799127623422e-19,2.1328987133437117e-18,MT-TE
ENSG00000140835,131.10003173166186,-3.3647497652861293,0.3721949260718506,-9.040289186093254,1.5625788447206536e-19,2.3446701035631976e-18,CHST4
ENSG00000109758,6775.91549066199,-3.204686556385538,0.3549190123090505,-9.029345978217178,1.7270084092058668e-19,2.5765247268209724e-18,HGFAC
ENSG00000109511,451.1207518102905,-2.706451065171769,0.2997800488986832,-9.028122702343245,1.7464194291592756e-19,2.602164949447321e-18,ANXA10
ENSG00000178882,68.50385892099337,4.825399455729222,0.534926939849769,9.020670106995183,1.8694224196450872e-19,2.7748349405303e-18,RFLNA
ENSG00000248050,37.59276394075071,-3.4152823336760325,0.3787444868933611,-9.017378343087634,1.92644151768429e-19,2.857656716752606e-18,SYBU-AS1
ENSG00000232527,112.74614567032876,2.315804421651955,0.2570449154945702,9.009337598435684,2.0730480441134817e-19,3.061541218178452e-18,LINC02802
ENSG00000110881,52.72010861304738,2.3904740593415448,0.2657948336820785,8.993681427987532,2.390847632616287e-19,3.513134338554824e-18,ASIC1
ENSG00000053108,19.85144232808073,3.4982320535939686,0.3890041709206404,8.992788034418359,2.4103681197677404e-19,3.5395945653312465e-18,FSTL4
ENSG00000163009,16.440457496555176,2.0273326468768613,0.2256270654649821,8.985325597790522,2.579693356238527e-19,3.774031687460154e-18,
ENSG00000184709,20.884354506814635,4.773714759281677,0.5315031825029682,8.98153560774778,2.6701367172818097e-19,3.901468346494277e-18,LRRC26
ENSG00000133665,30.70243469023882,2.0153616231159703,0.224403069234003,8.980989564872626,2.6834229690826724e-19,3.918434052169223e-18,DYDC2
ENSG00000135324,31.999401604037345,2.8996245036113266,0.323256319135061,8.970047395731878,2.963868731760084e-19,4.317171932880675e-18,MRAP2
ENSG00000249413,5.27499966654591,3.7684940770236888,0.4208573810602218,8.95432573269861,3.418182348045336e-19,4.954246571736341e-18,
ENSG00000183150,11.846968273294822,2.3320257213955533,0.2604677145097481,8.953223725961154,3.45249181405548e-19,5.0008756040990624e-18,GPR19
ENSG00000197408,12813.514902806017,-2.979301068929916,0.3332646620704883,-8.93974491750874,3.9006971692261753e-19,5.636133964157376e-18,CYP2B6
ENSG00000124766,650.6424067985605,2.21724655127976,0.2482011956419961,8.933262974598648,4.1362493295688944e-19,5.950755262398841e-18,SOX4
ENSG00000179546,48.529863722013445,3.627313319508305,0.4060849752080387,8.932399721634665,4.1686617729716653e-19,5.993700359872536e-18,HTR1D
ENSG00000206172,108.01022093198792,-2.749168121351373,0.3077899669023399,-8.93196145741706,4.1852131232924303e-19,6.013801633487703e-18,HBA1
ENSG00000114948,232.87902435880244,3.512775138566101,0.3934439015980839,8.928274461233151,4.3270501526236323e-19,6.209980627013781e-18,ADAM23
ENSG00000182902,2542.218997848468,-2.0141233552370585,0.2256571380126258,-8.925591155571448,4.433251184915262e-19,6.349034440010379e-18,SLC25A18
ENSG00000258947,95.55407293007876,3.7756692435974095,0.4230309336129643,8.925279320239524,4.445758937103623e-19,6.360834178328137e-18,TUBB3
ENSG00000253394,9.818843152466153,-2.0428970053289848,0.2289752363330525,-8.921912421819796,4.58304583610241e-19,6.549248090650195e-18,LINC00534
ENSG00000282988,24.705593172981104,2.399450339008561,0.2700313470900854,8.885821460602788,6.345018297054038e-19,8.941506808613563e-18,
ENSG00000079557,9775.568287471666,-2.4480408462091203,0.275540040345409,-8.884519444579913,6.419765947846588e-19,9.041395834917233e-18,AFM
ENSG00000129214,658.5668261497296,-2.2218897265094686,0.2503106324695807,-8.87652955285264,6.897881306609809e-19,9.691419663995389e-18,SHBG
ENSG00000186910,3476.6950281267664,-2.2610295487841774,0.2548580255111489,-8.871721988151663,7.202340434132551e-19,1.009492808721766e-17,SERPINA11
ENSG00000181649,102.58902032405324,2.763413761763902,0.3117166991395369,8.865145080106494,7.640451922226507e-19,1.0702580348302074e-17,PHLDA2
ENSG00000263167,4.987975817479311,-2.854118444099296,0.3222502508130683,-8.856838549847769,8.231562008625952e-19,1.1489315636502797e-17,
ENSG00000036448,98.18215171761798,-2.621024042980061,0.2962134024341706,-8.84843164232769,8.875777228163617e-19,1.2344295879811624e-17,MYOM2
ENSG00000124003,40.58908609557085,-2.2987929859684986,0.2601137847205078,-8.837643835133731,9.77583417409166e-19,1.3571874708280485e-17,MOGAT1
ENSG00000104369,39.182603032425774,3.1910226681646123,0.3611224776664478,8.836400018034915,9.885237038785488e-19,1.3715619813066957e-17,JPH1
ENSG00000253696,4.834247828656637,-2.898139133841862,0.3283352169837547,-8.826769057750072,1.0774295671817957e-18,1.4912488765018417e-17,KBTBD11-OT1
ENSG00000124657,14.76977062293801,2.999272936450448,0.3398135075895673,8.826232240517706,1.0826110268110585e-18,1.4967801270798516e-17,OR2B6
ENSG00000112303,279.65655761395084,2.5234683325188816,0.2861937324641495,8.8173431010932,1.1720766656368816e-18,1.612846437602563e-17,VNN2
ENSG00000111713,2088.884792985689,-2.7487434748939346,0.3120094029244504,-8.809809733713415,1.253584499599803e-18,1.7189391675930945e-17,GYS2
ENSG00000171208,85.32159479587548,2.365402363070508,0.2686210609231402,8.805721915257097,1.3001302482800789e-18,1.7775538806555162e-17,NETO2
ENSG00000114279,63.60738425960766,2.816450823332652,0.3200281193199173,8.80063548577485,1.3604356253970022e-18,1.858917674352341e-17,FGF12
ENSG00000187244,3384.8980378065985,2.016312113133416,0.2292056344056449,8.79695701356527,1.4057612795744524e-18,1.9186098957459257e-17,BCAM
ENSG00000253174,19.75045954361974,2.19183258337928,0.2492948161215997,8.792130608564918,1.4675002831981286e-18,1.999372983392768e-17,
ENSG00000143595,15.698384607038925,5.690972498218866,0.6477075231642856,8.78633070435311,1.545242685689633e-18,2.100398730176501e-17,AQP10
ENSG00000174599,13.448138610725772,3.144200292042361,0.3580970712486399,8.780301612294473,1.6303685322064213e-18,2.2122512223842702e-17,TRAM1L1
ENSG00000143195,168.97334496573157,3.023744965075336,0.3446512024227,8.773348080088349,1.7343087668022029e-18,2.3478405660766166e-17,ILDR2
ENSG00000185615,36.779569311518415,3.444190137161107,0.3927294916025084,8.76987904093299,1.7885832301210014e-18,2.415723296894953e-17,PDIA2
ENSG00000130598,53.9926693604414,2.972282843447785,0.3390993985843121,8.765225936278886,1.864024548178868e-18,2.5103699628985752e-17,TNNI2
ENSG00000139445,189.7576850649291,3.3944207699266578,0.3876251216690724,8.756967957367273,2.005726452621236e-18,2.696549362423481e-17,FOXN4
ENSG00000269066,42.33559528602219,-2.4154604745791737,0.2758467691401291,-8.756529873845029,2.013533832652439e-18,2.7054909217253596e-17,
ENSG00000175170,42.09034419114294,3.117944635486708,0.356343054392605,8.74983978795747,2.1365586013482393e-18,2.865855238608908e-17,FAM182B
ENSG00000148965,5979.8318617784125,-2.3899622041326736,0.273453471537926,-8.73992270308846,2.3326997591535922e-18,3.1164389186681876e-17,SAA4
ENSG00000254622,7.452074935679594,-2.69383021929696,0.3087391713833521,-8.725262192117862,2.6556461432288922e-18,3.531752713391329e-17,NAV2-AS4
ENSG00000179636,146.82060575817613,-2.5189321245346266,0.2887198804627044,-8.724484508991097,2.673958912536283e-18,3.5540864114182535e-17,TPPP2
ENSG00000198535,42.19321905254491,2.6293601958087702,0.3013843708977267,8.724275210346027,2.678908703604662e-18,3.558643458456778e-17,C2CD4A
ENSG00000011677,19.186445674686446,4.153539803912234,0.4764640422905979,8.71742552479746,2.8459889507987616e-18,3.76775435914179e-17,GABRA3
ENSG00000147804,511.61883509766153,2.79014465247082,0.3206564351723842,8.701352433394467,3.279520368051016e-18,4.3270062024713714e-17,SLC39A4
ENSG00000128683,20.61802413483416,3.1616141563489784,0.363351142379971,8.701263839822335,3.2820820466036897e-18,4.327945057282983e-17,GAD1
ENSG00000258725,10.040743830225876,2.3526123417940354,0.2706351293827412,8.69293039362563,3.5320878768646085e-18,4.652372280602127e-17,PRC1-AS1
ENSG00000198054,12.70562688450948,3.8534545814650927,0.4433106092827831,8.69244836639363,3.547110571686887e-18,4.66953053480424e-17,DSCR8
ENSG00000004846,39.10218751232092,3.0937917792111405,0.3561135427657981,8.687655502182928,3.6999577400609124e-18,4.8598041220238575e-17,ABCB5
ENSG00000167995,290.95885726414417,2.244454838064672,0.2585140124265724,8.682139962150718,3.8839106718169844e-18,5.0928431808192105e-17,BEST1
ENSG00000268902,26.1494565928531,5.191320324403788,0.5980821666964147,8.679945020060918,3.959601844585562e-18,5.189185767528855e-17,CSAG2
ENSG00000268606,64.66153082009093,8.367714126845211,0.9649335191204432,8.67180376786222,4.2532819723815874e-18,5.5491927038439735e-17,MAGEA2
ENSG00000135638,51.64276369375348,2.8164009825024308,0.3249221502366124,8.667925472152305,4.4006460649361464e-18,5.735059242175558e-17,EMX1
ENSG00000189108,15.846268070940402,-2.8145821287405624,0.3250043043333613,-8.66013800806037,4.711934442903009e-18,6.11349320148808e-17,IL1RAPL2
ENSG00000166920,91.95484169984528,2.848187014708147,0.3291389608676032,8.653448401247871,4.996623908849383e-18,6.461361144262777e-17,COXFA4L3
ENSG00000249487,9.018457249692633,-2.1921863140387083,0.2534266048566526,-8.650182230388516,5.14172596449865e-18,6.637990920944642e-17,LINC01586
ENSG00000238840,13.888723035990118,4.470731380578224,0.5170459133325069,8.646681591124274,5.301864028368942e-18,6.84095450720544e-17,U8
ENSG00000166557,894.3768414612766,2.316459595741821,0.2680340831882182,8.642406846875376,5.50410266211676e-18,7.08236928354771e-17,TMED3
ENSG00000279141,154.3194075941661,2.457942542793118,0.2844566826450481,8.640832480846294,5.58048911735438e-18,7.164894726798628e-17,LINC01451
ENSG00000235535,12.053188678101591,-2.309335785333527,0.267276329083131,-8.640255548463681,5.6087424296756065e-18,7.19327366542771e-17,TRDN-AS1
ENSG00000006118,268.90302145408765,2.512206543148099,0.2908370356058111,8.637849501921906,5.728100596409336e-18,7.338305435476647e-17,TMEM132A
ENSG00000186897,5.608626175567215,4.763611083504563,0.5515837933559529,8.636241928940192,5.80924209102925e-18,7.434113798438034e-17,C1QL4
ENSG00000120833,413.80796759306,-2.07006672102404,0.2397145971274921,-8.635547212517373,5.844657703073308e-18,7.475345962164784e-17,SOCS2
ENSG00000263711,45.10810897226272,3.2426913383613964,0.3758469198200223,8.627691667432552,6.260257136514847e-18,7.989426906409811e-17,LINC02864
ENSG00000101981,6284.180481750034,-2.4539754178094486,0.2846294533038047,-8.621649619620182,6.599638040041195e-18,8.40878718249911e-17,F9
ENSG00000132205,272.760464000324,2.5787834914270014,0.2992380250361399,8.61783354944798,6.823277107662237e-18,8.67954983031771e-17,EMILIN2
ENSG00000147588,7.20230254895971,-2.4944414044725747,0.2895444972465226,-8.615053741977244,6.990879594129757e-18,8.883087797147062e-17,PMP2
ENSG00000105427,15.99360999536682,3.083800018353015,0.3579600637794601,8.61492755865903,6.998583202929543e-18,8.888048689800804e-17,CNFN
ENSG00000162975,12.14801003355717,4.291020196852453,0.4981479705065156,8.613946961360405,7.058735834793292e-18,8.959577177608218e-17,KCNF1
ENSG00000133454,66.92111245731908,5.187207899891209,0.6024584957957142,8.610066811390976,7.301800791376204e-18,9.248025225374312e-17,MYO18B
ENSG00000204291,284.93243332496354,2.581293868538612,0.2999843274317647,8.60476242421618,7.647499305880455e-18,9.666319598642208e-17,COL15A1
ENSG00000123358,2532.9042202698497,-2.487051934177509,0.2890353068865482,-8.604664810564902,7.654010052943664e-18,9.667940451863452e-17,NR4A1
ENSG00000187772,32.16239133390411,4.691005611023805,0.5454168104618415,8.60077196200024,7.918167620242348e-18,9.980048229543602e-17,LIN28B
ENSG00000116035,31.3340733445776,3.88454024170803,0.4523969384305997,8.586575000228345,8.960033064717063e-18,1.1214663107700712e-16,VAX2
ENSG00000204379,201.80528338259137,7.726494835026717,0.8998612527494277,8.586317958928953,8.980092315622776e-18,1.1233759333655808e-16,XAGE1A
ENSG00000279692,24.714567536332005,2.351940564403391,0.2740579207567656,8.581910560763564,9.3310181381012e-18,1.1635421498113078e-16,
ENSG00000168779,12.983734215222055,3.4926407508663897,0.4070111431710732,8.5811919635782,9.389503501840948e-18,1.17021127021079e-16,SHOX2
ENSG00000183091,571.3198426277055,2.0561511394232164,0.2397110375182005,8.577623962213666,9.685297699597832e-18,1.2051498355675112e-16,NEB
ENSG00000226363,4.92841355470146,4.508524526586799,0.5258309208414074,8.57409548942556,9.98685440471237e-18,1.2400344219184526e-16,HAGLROS
ENSG00000198758,424.9685900261795,3.7308846036809777,0.4355322369337456,8.566265105764217,1.0689562616461589e-17,1.3223740787249386e-16,EPS8L3
ENSG00000196581,19.796082691215528,-2.5647099105989777,0.2994493771827138,-8.564752863166177,1.0830789662200836e-17,1.33913669433332e-16,AJAP1
ENSG00000175967,5.359201436792899,-2.325369302044264,0.2715892421421186,-8.562081780939735,1.1084752367484306e-17,1.3690898211856408e-16,LINC02880
ENSG00000134323,100.79753935836808,3.4058721327683967,0.3978665620625399,8.560337704964093,1.1253738767952107e-17,1.387763368469708e-16,MYCN
ENSG00000163975,211.29846003920812,2.1433258241016397,0.2505629812370287,8.55404023978341,1.1885344470238039e-17,1.4633361220646236e-16,MELTF
ENSG00000181751,75.54508232423686,2.039872606764129,0.2385972130167627,8.549440209181395,1.2368692252385165e-17,1.519647152626293e-16,MACIR
ENSG00000167014,15.708772720261528,-2.4193496260037533,0.2830302620485136,-8.548024541591449,1.2521309775433385e-17,1.537590548959124e-16,TERB2
ENSG00000169436,107.29926459152117,3.118286965149064,0.3651212990568921,8.54041375620539,1.3374207837003318e-17,1.6380253608953855e-16,COL22A1
ENSG00000232451,60.08927768018921,-2.086590354041921,0.2443916566013724,-8.537895209104299,1.3668879543483245e-17,1.6714903249383354e-16,LOC107985792
ENSG00000034510,8111.342539177984,2.0946245884511283,0.245461064370489,8.533429095253927,1.4207254088517938e-17,1.733700025522692e-16,TMSB10
ENSG00000196747,3.690604671893045,4.33525885791444,0.5082846536923858,8.52919486437641,1.473697675406065e-17,1.7955317562903162e-16,H2AC13
ENSG00000112964,2366.205982127114,-2.1538972751956966,0.2527403816754519,-8.522173073084744,1.5658716007954888e-17,1.903868729595056e-16,GHR
ENSG00000256084,6.838478904296548,2.786694285673113,0.3275454365245006,8.50780983317002,1.772495914681655e-17,2.1439502033168542e-16,
ENSG00000205212,46.6252615001932,3.732543706399138,0.4388005154873184,8.506242756469621,1.7966059040203965e-17,2.170867867394067e-16,CCDC144NL
ENSG00000091831,543.7234731279623,-2.399823617157975,0.2824133303673747,-8.497557866819484,1.9362098537292356e-17,2.335933837456833e-16,ESR1
ENSG00000168389,2752.835042535453,-3.033323497343947,0.3570853444113686,-8.494673737854402,1.9848968010690945e-17,2.3934376735778004e-16,MFSD2A
ENSG00000250436,1040.981713954095,-2.507356162101613,0.295516956666523,-8.484643962177259,2.1638022878971778e-17,2.605137772556803e-16,LINC02499
ENSG00000160360,386.298545619706,2.0263148705359577,0.2388907081085196,8.482183700571035,2.210062659873281e-17,2.6594648046510115e-16,GPSM1
ENSG00000170166,22.421661347642907,3.388459743820387,0.399589966984281,8.479841897416012,2.255001551300976e-17,2.710752892578814e-16,HOXD4
ENSG00000248144,17030.751676258053,-2.666170035666026,0.3149427091087036,-8.46557154223814,2.54899589424823e-17,3.048500048780615e-16,ADH1C
ENSG00000113083,163.6599213792111,2.221002298507241,0.2623889171322988,8.464543101823894,2.571588080452501e-17,3.0739478776711987e-16,LOX
ENSG00000101210,354.3391729839507,3.695173123046963,0.4366245062568792,8.46304563783001,2.6048371660929962e-17,3.110513314263065e-16,EEF1A2
ENSG00000113303,60.19725922420477,3.1993987971240143,0.3782084487605795,8.459353056783131,2.6886489670278585e-17,3.208957412534831e-16,BTNL8
ENSG00000148346,697.2692212007553,3.589029254012792,0.4244438642542522,8.455839643997955,2.7708617959979454e-17,3.302025980325009e-16,LCN2
ENSG00000108602,178.839206588687,3.3383225389531748,0.3948574714446608,8.454500118078784,2.802855124585547e-17,3.3384516257347103e-16,ALDH3A1
ENSG00000277224,4.764761097457204,3.371834279048613,0.3988515927597682,8.453856873725707,2.8183476676622177e-17,3.3551962844591477e-16,H2BC7
ENSG00000278518,32.181127063041025,-2.908179069619788,0.3441431888999063,-8.450491433278456,2.900792004011693e-17,3.448080658020606e-16,
ENSG00000162951,7.456211311711985,-3.048254274174583,0.3607913226168475,-8.448801517911678,2.9430832144102404e-17,3.49302616107046e-16,LRRTM1
ENSG00000178860,332.5032886072009,3.0309249717215034,0.3587603490521828,8.448327636342682,2.9550512134007035e-17,3.503675267870383e-16,MSC
ENSG00000136383,560.548641591203,2.005061608033967,0.2373552442059374,8.447513408611727,2.975726961223824e-17,3.5246167495650084e-16,ALPK3
ENSG00000132429,39.49450199083695,5.689824874606261,0.6749455625862039,8.430050051450715,3.4551740399326656e-17,4.0739358022250433e-16,POPDC3
ENSG00000250049,8.428029093212999,4.089531227583459,0.4851670825110412,8.42911931785972,3.482763300380864e-17,4.1022443837661214e-16,
ENSG00000132031,15.08896467505915,2.8835550615297705,0.342353845602532,8.422733083236743,3.678017605428116e-17,4.323611348933664e-16,MATN3
ENSG00000233695,477.3124959402087,-2.017975473257261,0.2396200872774646,-8.42156221619507,3.71496954884081e-17,4.364855984732952e-16,GAS6-AS1
ENSG00000136928,56.41640468464078,3.0898314674140743,0.3677921508802149,8.401026123095246,4.425939188941947e-17,5.1690462030413865e-16,GABBR2
ENSG00000110243,5811.519200682666,-2.395895635397814,0.2852325702273822,-8.399796816639311,4.4725183535850185e-17,5.218235503511938e-16,APOA5
ENSG00000259436,28.62609994219532,3.2788892836466608,0.3904073670039439,8.398635786023826,4.51695435432895e-17,5.264828759881272e-16,
ENSG00000089558,13.916208104276864,2.6078514957598653,0.3105238922473732,8.398231378867193,4.532534217960775e-17,5.280357219161176e-16,KCNH4
ENSG00000134940,4.055179979429003,2.590147326942292,0.3085958730125054,8.393331063235992,4.725584988856672e-17,5.494314594648316e-16,ACRV1
ENSG00000115602,18.003834622159836,-2.338158102468389,0.2786003490070301,-8.39251677466272,4.758440869007383e-17,5.527021213936926e-16,IL33R
ENSG00000114200,1685.858992894784,-2.510130088622405,0.2991784225323459,-8.39007729025318,4.858226700689112e-17,5.640123930978679e-16,BCHE
ENSG00000164742,1216.550496057473,-2.378399086988486,0.2834923465027377,-8.389641259558722,4.87627847200129e-17,5.658272931325705e-16,ADCY1
ENSG00000249464,27.9198700849761,2.282916610516199,0.2721424241745229,8.388683305959608,4.916170641060062e-17,5.701734249197721e-16,LINC01091
ENSG00000162460,539.2853179671104,-2.349266719376701,0.2801082558084038,-8.38699563708546,4.9872350171291827e-17,5.775563799787276e-16,TMEM82
ENSG00000155495,68.12490360228458,7.353824057185484,0.8769701461091537,8.385489619928496,5.0515053147216304e-17,5.847098655481597e-16,MAGEC1
ENSG00000260428,107.73279529229076,2.222548107191133,0.265116858969124,8.383277154961974,5.147408023916327e-17,5.955159045671347e-16,SCX
ENSG00000156510,783.9705674315645,2.54913468841285,0.3042306165877284,8.378955139374598,5.339962103996281e-17,6.171824777607955e-16,HKDC1
ENSG00000251629,13.343531451621804,4.542291845342406,0.542731213666769,8.369321186916887,5.795109413558005e-17,6.66167049195884e-16,LINC02241
ENSG00000149403,18.52940376005796,2.866065354755503,0.3424686993881721,8.368838845347888,5.81887653022793e-17,6.685706221592436e-16,GRIK4
ENSG00000177679,38.66482450545591,2.7903914849417477,0.3334521797161999,8.36819086717814,5.850956688426201e-17,6.719265086517138e-16,SRRM3
ENSG00000131650,12.960577710732942,2.74452096161896,0.3280784160280056,8.365442002696943,5.98899844676358e-17,6.864313604367489e-16,KREMEN2
ENSG00000145777,98.01303504803492,-2.334463921917962,0.2792672940239468,-8.359245682803747,6.312053829968704e-17,7.231041882686478e-16,TSLP
ENSG00000182836,119.64595372940292,-2.140443130608941,0.2561898183131769,-8.354910998033404,6.548206574686395e-17,7.490571951180384e-16,PLCXD3
ENSG00000165072,33.32005399896419,-2.542839366731848,0.3043979400865472,-8.353668116179962,6.617511460957147e-17,7.56245459727262e-16,MAMDC2
ENSG00000173267,342.6531601823037,3.010572705731468,0.3605217121448389,8.350600267098411,6.791690913717455e-17,7.753929992415444e-16,SNCG
ENSG00000256577,7.068327182347989,-2.501173739612375,0.2996748929098583,-8.34629059286833,7.044036660674238e-17,8.030270448496708e-16,SLC6A12-AS1
ENSG00000011465,4185.255996815523,-2.6229458680956204,0.3142694621991688,-8.346168443287448,7.05132206379801e-17,8.032998757068399e-16,DCN
ENSG00000070669,295.13208163346457,2.0130430406585607,0.2412864839968242,8.342958160412564,7.245480674588881e-17,8.231837271522957e-16,ASNS
ENSG00000163220,632.5662037250772,3.475941163481469,0.4174238484073526,8.327126436938487,8.282826764515122e-17,9.342341682849677e-16,S100A9
ENSG00000126890,218.09929903414684,6.980493413105007,0.8388372005717791,8.321630714931183,8.676126421889893e-17,9.762415843543544e-16,CTAG2
ENSG00000149090,170.62671328608056,-2.0325521327697142,0.2443424914557924,-8.318455462493525,8.9116974624063e-17,1.0022660516253392e-15,PAMR1
ENSG00000198832,770.4126305128867,2.5034136553003896,0.3012050030596709,8.311328264372968,9.463673301590444e-17,1.0607748420896276e-15,SELENOM
ENSG00000182798,6.807611842763043,4.399622630999208,0.5295742611728813,8.307848310556272,9.745299268984687e-17,1.0912962460476726e-15,MAGEB17
ENSG00000257335,42.469639367943934,3.1643970302109365,0.3808976782551021,8.307735150046296,9.754594537618268e-17,1.0918144976961921e-15,MGAM
ENSG00000279428,516.4213837711056,-3.0255508271466045,0.3643165620183018,-8.304730398160192,1.0004635400311415e-16,1.1180564425237752e-15,
ENSG00000278828,42.36028731656741,2.2002733867000908,0.2651151259855208,8.299312906123125,1.0471523455147065e-16,1.1664778485059777e-15,H3C10
ENSG00000128298,484.7885353806486,2.2698144127971087,0.2735386540035383,8.297965861774506,1.0590909864248063e-16,1.1786543979750474e-15,BAIAP2L2
ENSG00000169427,15.094776280492836,5.169820972086425,0.6236482416257169,8.289642505220273,1.1358935092890823e-16,1.2623257417006888e-15,KCNK9
ENSG00000153822,70.53144031631358,-2.335437645100592,0.2819826737328749,-8.282202640978486,1.2091760451715763e-16,1.339311326927021e-15,KCNJ16
ENSG00000185915,12.278314680569412,3.032828380414826,0.3662171880257644,8.28150201459539,1.2163127561073982e-16,1.3465785283303534e-15,KLHL34
ENSG00000161682,33.4445581614654,2.3037689403892108,0.278446062956761,8.273663186061839,1.299047989090689e-16,1.4341023883340484e-15,FAM171A2
ENSG00000137573,475.4552423700163,2.7243112462909203,0.3293659684679106,8.271380491929431,1.324167185981075e-16,1.459078802715746e-15,SULF1
ENSG00000237380,9.118147699267032,3.943335105717921,0.476830398898339,8.269890331716553,1.3408229268451115e-16,1.4767359099664641e-15,HOXD-AS2
ENSG00000056291,14.333867107818897,4.18919811594449,0.5065901158718334,8.26940357637051,1.346308089658099e-16,1.4813821797446805e-15,NPFFR2
ENSG00000166578,19.07502630287032,2.17156577741299,0.2626055606949354,8.269306147464496,1.347408653805601e-16,1.4818961278079182e-15,DRC10
ENSG00000188517,54.69205003685014,-2.806531334785797,0.3397252100840359,-8.261180658602171,1.4423858617517162e-16,1.5804090147052878e-15,COL25A1
ENSG00000274267,4.196246197994808,4.263610046421313,0.5162475594494581,8.258847849989168,1.470852721461634e-16,1.609338527275585e-15,
ENSG00000167769,8.423417900725369,-2.7051749306794908,0.3275889752694955,-8.257832634489734,1.4834135377180684e-16,1.6215650882167657e-15,ACER1
ENSG00000055118,62.497424027151226,3.700220915946228,0.4480935349532033,8.257697617379506,1.4850919931463687e-16,1.6226416158651568e-15,KCNH2
ENSG00000149124,3403.20778529192,-2.753390441284938,0.3335723624714536,-8.254252303413077,1.5285613876625821e-16,1.6654697970000364e-15,GLYAT
ENSG00000154096,846.1037357063854,2.3664939342208755,0.2867934281196203,8.2515626307651,1.5633666651832722e-16,1.7010156464480133e-15,THY1
ENSG00000225721,6.669764068318479,2.053098890807906,0.2491238897858581,8.241276629763242,1.7038278211194003e-16,1.851260762631033e-15,
ENSG00000167612,21.48840052808343,4.262402312629836,0.517392932861653,8.238230640404922,1.7477602072230462e-16,1.897232228657481e-15,ANKRD33
ENSG00000234511,60.72987273008293,3.1808731533990864,0.3862103009786576,8.236116813401267,1.7789025104800743e-16,1.927460232869865e-15,C5orf58
ENSG00000122728,67.3009928197659,-4.88342013952131,0.5932146481946056,-8.232130063516726,1.839134060873308e-16,1.989956664477766e-15,TAF1L
ENSG00000275966,15.788638489259892,2.325603142468853,0.2825748235872116,8.230043685229791,1.8714518026708296e-16,2.021185227141215e-15,
ENSG00000139547,5369.274176442991,-2.43833121819627,0.2965552752085543,-8.222181232424543,1.998349011397811e-16,2.1512829463243898e-15,RDH16
ENSG00000280721,19.16613120124734,2.532060629115542,0.3080432689205226,8.219821319221333,2.0380660165647328e-16,2.1910146289291722e-15,LINC01943
ENSG00000133710,58.94998879715299,3.3917230255874204,0.413165145936612,8.209121846177654,2.2281203521767674e-16,2.3876509115195203e-15,SPINK5
ENSG00000039537,8645.12174826624,-2.2672009488323006,0.2766333920218464,-8.195687918446426,2.491640275806271e-16,2.663936973123222e-15,C6
ENSG00000275713,9.564063894553955,3.671691900167082,0.4488397328916677,8.180407461950976,2.828856637970588e-16,3.005242658131061e-15,H2BC9
ENSG00000140465,836.2898452007295,-3.183528596336373,0.3892557373795675,-8.178501408271035,2.8739564307567918e-16,3.0503839738971702e-15,CYP1A1
ENSG00000259823,12.00877131849725,3.192887901221008,0.390865343825804,8.168766946613651,3.115573582817112e-16,3.294873997415945e-15,LYPD8
ENSG00000221932,146.40078153697797,-4.009526807975875,0.4909362543886619,-8.167102698432275,3.158839775705841e-16,3.334600129651929e-15,HEPN1
ENSG00000114854,42.49463481395533,2.6550736248547904,0.3256379047998359,8.153453838510657,3.53675295507625e-16,3.723459130427485e-15,TNNC1
ENSG00000074211,62.543672367664136,3.979115945930641,0.4881400441597737,8.151586811075537,3.5917969833680896e-16,3.776310419412572e-15,PPP2R2C
ENSG00000079215,153.7073439161355,2.1552739821397897,0.2644449027953807,8.15018160439823,3.633781597810815e-16,3.818735530888966e-15,SLC1A3
ENSG00000107159,390.3396458952712,3.941568192965637,0.4836605278320402,8.149451869957883,3.6557749573929833e-16,3.838399622006016e-15,CA9
ENSG00000197353,9.311942948195776,-3.4309261900212977,0.4211482697275421,-8.146599277828928,3.7430147033566e-16,3.926472778278965e-15,LYPD2
ENSG00000253368,375.60699713242633,2.384771098813621,0.2929234538999171,8.141277412454736,3.9112906570750043e-16,4.093817554405171e-15,TRNP1
ENSG00000223802,22.29580418943383,3.449268857861038,0.4240748833891857,8.133631565950452,4.1661747145974536e-16,4.348921244916477e-15,CERS1
ENSG00000251443,6.360835368595079,-3.1429704825656275,0.3864427471108216,-8.133081824056868,4.1851193158439396e-16,4.364801433595064e-15,LINC02160
ENSG00000233198,9.311171969864454,2.4379838655802706,0.3008214525550997,8.104421559275995,5.299704873754073e-16,5.4639046325134e-15,RNF224
ENSG00000163362,302.0248355263545,2.2954290675874027,0.2833367201062268,8.101417517386434,5.432247009839239e-16,5.59315819987541e-15,INAVA
ENSG00000255071,370.64875276210967,-2.785410936572065,0.3442512399777772,-8.091215406375515,5.9072279109093335e-16,6.071519442877944e-15,SAA2-SAA4
ENSG00000280650,116.26001707522111,-2.4086884292162045,0.2977093890183749,-8.09073720233774,5.930468590883932e-16,6.0927295453029344e-15,KCNIP4-IT1
ENSG00000102287,1944.9335762073213,2.079086930327429,0.2570086305763201,8.089560750023267,5.98802825348396e-16,6.149163517723893e-15,GABRE
ENSG00000137251,48.993335777629966,5.485296893346904,0.6791582266403215,8.07661113152044,6.659147466927983e-16,6.802508152569708e-15,TINAG
ENSG00000116039,40.1342246438711,3.4087743971836444,0.4220715816037965,8.07629450964434,6.676452169422335e-16,6.817208450427616e-15,ATP6V1B1
ENSG00000230316,21.024410285441892,4.228896519285199,0.5236641783073986,8.075588696851389,6.715187411603552e-16,6.850779726107364e-15,FEZF1-AS1
ENSG00000168060,162.68083159381263,2.431760011993368,0.3011780647646633,8.074160426967062,6.794250003230701e-16,6.928417189432249e-15,NAALADL1
ENSG00000209082,275.03418028939103,-2.5492364493465374,0.315747142231059,-8.0736643610888,6.821924009704676e-16,6.953606464445381e-15,MT-TL1
ENSG00000182459,4.50779027601359,4.989964934736724,0.6182340348323027,8.071320331127131,6.954199942391469e-16,7.073026054450592e-15,TEX19
ENSG00000006377,14.205337200711543,3.4702354085105056,0.4300141637164912,8.070049085170215,7.02699121838174e-16,7.140851675569246e-15,DLX6
ENSG00000276649,11.543320482506193,2.0804140197284484,0.2578454075561428,8.068454813473698,7.119340731048382e-16,7.231556132063168e-15,
ENSG00000178776,9.501945721619578,3.694031044209909,0.4578407529185269,8.068375348114246,7.123974984468702e-16,7.233122691479007e-15,C5orf46
ENSG00000272635,5.123985278124285,-3.09870945220526,0.3842067466999125,-8.065213531051105,7.31079719925474e-16,7.416369422470345e-15,
ENSG00000158887,236.32664565663148,2.604152343315537,0.3229218593048128,8.064342094777246,7.363130821470895e-16,7.466221036266521e-15,MPZ
ENSG00000140297,111.09158418572684,2.236034187248725,0.277522849017595,8.05711744155149,7.811459358159618e-16,7.900279669927709e-15,GCNT3
ENSG00000198077,3474.8581676333347,-3.323052232990188,0.4128056356109075,-8.049919735403883,8.284835139212149e-16,8.357358706838716e-15,CYP2A7
ENSG00000196132,16.819953126176006,3.581868630119315,0.4450398485403884,8.04842227469492,8.386814451693134e-16,8.449300192440031e-15,MYT1
ENSG00000123496,48.25839098681867,-2.6738399972046474,0.3323290877680318,-8.045759747250917,8.571199815557086e-16,8.627628110384117e-15,IL13RA2
ENSG00000253661,20.33855033215237,3.3860512248789667,0.4213469208579871,8.036254822947235,9.262601306099912e-16,9.267751597673022e-15,LOC107986952
ENSG00000171532,174.57996406272133,-2.6683337223338617,0.3320585124840252,-8.03573352892807,9.302070820914384e-16,9.303263903961104e-15,NEUROD2
ENSG00000135355,11.96283900817265,5.936612942113496,0.7389001493502889,8.034391314352188,9.40446007484876e-16,9.401646774826368e-15,GJA10
ENSG00000171405,25.76681169164201,5.274497544897307,0.6565639365589593,8.033486536803807,9.47410562464342e-16,9.467225667547352e-15,XAGE5
ENSG00000168077,358.85160557523045,2.020640531875899,0.2517245322400951,8.02718953887502,9.973094360933327e-16,9.947452820360532e-15,SCARA3
ENSG00000261594,12.877541327998564,3.1566371557776502,0.3933472744434145,8.025064264762694,1.0147280821281735e-15,1.0101078308606112e-14,TPBGL
ENSG00000240990,6.923741638117325,5.55151799780292,0.6919053450958693,8.023522346158071,1.027552837081538e-15,1.0220044012690654e-14,HOXA11-AS
ENSG00000184601,55.43912599925885,-3.02400790154242,0.3772835816577924,-8.015212027660631,1.0994718100463836e-15,1.0898063856720807e-14,C14orf180
ENSG00000158865,69.33431352482191,2.569117728756048,0.3209731182367515,8.00415231926386,1.2029241747474212e-15,1.1863408608712656e-14,SLC5A11
ENSG00000272273,19.404713213251423,3.2447193719401746,0.4059901584043968,7.992113367211698,1.326449746867836e-15,1.3037663415327432e-14,IER3-AS1
ENSG00000148848,71.0533245789291,2.7429363732114456,0.3436857166737749,7.98094375221019,1.452186356960489e-15,1.424360396158353e-14,ADAM12
ENSG00000183230,64.174332644136,-2.0110558965249847,0.2520298062336817,-7.979436744320376,1.4700255684951849e-15,1.4406496909848283e-14,CTNNA3
ENSG00000122787,1798.9662718435857,-2.589649299573811,0.3247284922736823,-7.974813917441053,1.526105775732957e-15,1.49310716903894e-14,AKR1D1
ENSG00000262172,2.538158803589247,3.943807766581638,0.4950150619213747,7.967045995073275,1.6251219107672072e-15,1.587266978633958e-14,
ENSG00000251339,21.851187702747616,-2.7499146622221637,0.3451631720077989,-7.966999046352575,1.6257391872812225e-15,1.587266978633958e-14,LOC105377672
ENSG00000233590,42.84795671538116,-2.72595980870617,0.3422389440090169,-7.965077780962151,1.6511988328248913e-15,1.6094372623446952e-14,LINC02640
ENSG00000175093,10.30152267353271,-2.574240289605361,0.3232564575572823,-7.963461299606662,1.6729235134099238e-15,1.6285767685891946e-14,SPSB4
ENSG00000168298,5.480834185958264,2.3976294179281883,0.3012053637380166,7.960115278735894,1.7187906831964557e-15,1.670447463731395e-14,H1-4
ENSG00000124507,43.28208621522774,2.1730925344956,0.2731174471493597,7.956622900430089,1.7679851131549708e-15,1.7154075384501963e-14,PACSIN1
ENSG00000182583,31.010290351402347,5.744437178896225,0.7220662533483412,7.955554150686749,1.7833150135445552e-15,1.7281312390989142e-14,VCX
ENSG00000116785,6348.970570874114,-2.4828246531969747,0.3120956053537541,-7.955333592034218,1.7864949141868503e-15,1.7304958810589227e-14,CFHR3
ENSG00000259923,10.18910517290233,-2.8308349561768225,0.356170645095191,-7.947973801772031,1.895867323934253e-15,1.8296214648842403e-14,
ENSG00000152932,105.43188514945456,3.202362913917601,0.4029648803638175,7.947002505593893,1.910785490098474e-15,1.8424981438529924e-14,RAB3C
ENSG00000147485,8.85015581949918,2.21020417512626,0.2785722444350048,7.934043032926542,2.121245425812091e-15,2.0370399936790737e-14,PXDNL
ENSG00000159398,65.95650294015626,-2.0712426368884143,0.261304966238041,-7.926533761327652,2.253473979066e-15,2.158702571346885e-14,CES5A
ENSG00000185559,828.4710597152499,5.396051513857239,0.6812544055419009,7.920758339265306,2.360663541869708e-15,2.2567634750698032e-14,DLK1
ENSG00000122877,307.1806257940125,-2.376192336035728,0.3001363306249298,-7.91704333523413,2.4322499378805304e-15,2.3185665361385184e-14,EGR2
ENSG00000137142,13.918538864586182,3.949116545771658,0.4989038472669134,7.915586475040515,2.4609027967691595e-15,2.34301583739605e-14,IGFBPL1
ENSG00000244383,4.509652847316197,-2.3473775878748726,0.2966649988531199,-7.912553206308875,2.521630426262445e-15,2.3998576306573385e-14,FAM3D-AS1
ENSG00000258525,20.36549273017669,3.222626973701398,0.4077450535048847,7.903534196185634,2.71104736190924e-15,2.5723430438011478e-14,COCH-AS1
ENSG00000189120,15.244801403013454,2.50497752292432,0.3169895545569475,7.9023976876004545,2.735888819357238e-15,2.593219090406153e-14,SP6
ENSG00000100206,20.23268135089556,2.120366470853828,0.2683416520994924,7.901741881158519,2.75032507958782e-15,2.6058466823328422e-14,DMC1
ENSG00000167780,218.95792096527072,2.608842702073724,0.3302525053993781,7.899539471831774,2.7993577988771762e-15,2.6512298376167523e-14,SOAT2
ENSG00000181291,40.55897114138148,-2.210927944630342,0.2799171286368597,-7.898508945833781,2.8225952530895077e-15,2.6721558379410294e-14,TMEM132E
ENSG00000165078,8.458966341613369,4.670820110806803,0.5914952217685362,7.896632024923756,2.8654071866503904e-15,2.7115886050692793e-14,CPA6
ENSG00000237289,41.14498773731872,3.520684947449443,0.4460918253242456,7.892287523741111,2.966971949616544e-15,2.8042979724193862e-14,CKMT1B
ENSG00000004799,4878.411182105465,-2.0887168314206868,0.2646561723269803,-7.892190131277556,2.9692889230134968e-15,2.804687562757365e-14,PDK4
ENSG00000171587,4.372479654492674,-2.3840574741733462,0.3027333249911467,-7.875107486904744,3.4045004559264788e-15,3.203599322827358e-14,DSCAM
ENSG00000228594,43.16848635044944,2.394294679467598,0.3042190159466976,7.87029920538269,3.5379408036074376e-15,3.3224829072175343e-14,FNDC10
ENSG00000142319,7.64400124683419,4.634156137048834,0.5892287897492372,7.864782267378736,3.69739977383821e-15,3.4583475773449525e-14,SLC6A3
ENSG00000115386,68.48538961389784,5.431049651912675,0.6905984951438554,7.864265112221765,3.712705192817615e-15,3.471275482637189e-14,REG1A
ENSG00000146070,208.49309159619884,2.1805341025646894,0.2776519335838,7.853480703049264,4.046470903160572e-15,3.7712786389496116e-14,PLA2G7
ENSG00000110848,131.5143344545844,-2.1902408107597977,0.2790488051460847,-7.848952478449729,4.195265352145725e-15,3.903732791676409e-14,CD69
ENSG00000249364,134.31808372125795,-2.4337758390827617,0.3103363114425703,-7.842381794671641,4.420798121243548e-15,4.1037988273908855e-14,LINC02997
ENSG00000242268,7.454144369949233,3.396394945068751,0.433595739723742,7.833091135149771,4.76019001414137e-15,4.4013883399529285e-14,LINC02082
ENSG00000169297,42.47556969293253,6.5098616719955,0.8317534997929296,7.826671812762042,5.009545417939685e-15,4.622812463978818e-14,NR0B1
ENSG00000162782,13.741667846433293,4.753062683817105,0.6074445514750084,7.824685680817495,5.089268568944895e-15,4.6945291653520477e-14,TDRD5
ENSG00000141485,9019.948105953416,-2.088338597251027,0.2669439903028155,-7.823133964851803,5.152422179316892e-15,4.7471686506797975e-14,SLC13A5
ENSG00000142178,639.9917903525322,-2.319006321684085,0.296553195141578,-7.819866248876408,5.287949211078873e-15,4.868201333914524e-14,SIK1
ENSG00000165905,245.1821757725395,2.561073052856341,0.3280125798772706,7.807850094696348,5.817171465547317e-15,5.33442148543898e-14,LARGE2
ENSG00000257878,79.09082811170198,-2.3038128306291035,0.2955333224369408,-7.795441852824153,6.4183488430423826e-15,5.853584190459669e-14,
ENSG00000181218,39.49133383079951,3.120313328870166,0.4005385729919811,7.79029421701324,6.685333829375704e-15,6.08758327250237e-14,H2AC25
ENSG00000261469,37.377665354723625,-2.366205742138886,0.3038373409367201,-7.787738448618444,6.821921472881891e-15,6.204712636668977e-14,
ENSG00000147255,204.7041537122401,2.539940272291578,0.3266253826221332,7.776310132118504,7.467051759630601e-15,6.78356278885587e-14,IGSF1
ENSG00000187908,12.666628217687816,3.6353768681436103,0.467647561606769,7.773753498581247,7.619394482342641e-15,6.916588867886743e-14,DMBT1
ENSG00000142185,210.25569073158732,2.238496932337722,0.2882189683961584,7.766653752160049,8.058674306480915e-15,7.289890489230785e-14,TRPM2
ENSG00000185306,39.54756236418644,3.814399646289845,0.49173781666359,7.756978448739829,8.697670264282489e-15,7.840639710688259e-14,C12orf56
ENSG00000119915,5.520415638739616,3.669456941556871,0.473134382123635,7.755633663921729,8.790343683727708e-15,7.915031169878456e-14,ELOVL3
ENSG00000272398,2480.3980039865087,2.2657948995009747,0.2922401502351627,7.753195095464167,8.960878534099349e-15,8.062378136468697e-14,CD24
ENSG00000224596,61.14637080920229,2.015303316389344,0.2599829696132467,7.751674347697964,9.068872013177188e-15,8.156406113196998e-14,ZMIZ1-AS1
ENSG00000188060,78.38207615946413,2.2596236417133992,0.2916786963207426,7.746961537529017,9.41174489507745e-15,8.445299130439078e-14,RAB42
ENSG00000089356,67.68965858312521,3.239093258655376,0.4185923246076898,7.738061756605538,1.0094381684418064e-14,9.026677016192349e-14,FXYD3
ENSG00000275088,11.53744062112909,-2.0480126991831584,0.264690845973786,-7.737376378274847,1.0148928194058066e-14,9.071986138463905e-14,
ENSG00000132688,656.3763036833834,2.027098794389361,0.2622134993320143,7.730718668388051,1.0694112374192438e-14,9.533817483593129e-14,NES
ENSG00000126231,1581.619508225623,-2.201930733236142,0.2850187235484792,-7.725565204356173,1.1135812077437551e-14,9.912482950056952e-14,PROZ
ENSG00000250081,3.1514659894795853,2.63497819729734,0.3413131964095983,7.720118134943696,1.1622193702899452e-14,1.0325787211998745e-13,
ENSG00000274641,4.424038422816324,2.8711840789356744,0.3721979230387595,7.714132458059629,1.2180791919672835e-14,1.0797471215494757e-13,H2BC17
ENSG00000118972,279.88936852140773,-2.3497823907929294,0.3047482986955219,-7.710567707354548,1.2525927811871103e-14,1.1095003002767921e-13,FGF23
ENSG00000143847,97.22562377916978,2.500254863236523,0.3243459379500942,7.708605444663306,1.2719999976594055e-14,1.1262640403197001e-13,PPFIA4
ENSG00000079689,190.072487962918,2.3420204200244457,0.3042412531410742,7.697905513617083,1.3831458189088167e-14,1.2200576976521098e-13,SCGN
ENSG00000248709,315.9402416639897,-2.4845246738808138,0.3228032586535404,-7.696714971974352,1.3960883551235067e-14,1.2296195365739534e-13,LOC124901048
ENSG00000158560,43.00715375709823,2.1538754870590413,0.2798807037927369,7.695691263710963,1.4073124507595892e-14,1.238572617028558e-13,DYNC1I1
ENSG00000176490,24.975095463131865,3.3783974965546526,0.439591549158657,7.685310381923024,1.5262650845356424e-14,1.3407404852625717e-13,DIRAS1
ENSG00000171385,456.8276237053932,-2.3030784560011446,0.2998678486294585,-7.680311398928996,1.5870233584290032e-14,1.3890346700570954e-13,KCND3
ENSG00000158639,38.68853306812002,3.922040302405688,0.510662464861746,7.680298773217098,1.5871797858601357e-14,1.3890346700570954e-13,PAGE5
ENSG00000135298,19.57923065757685,-2.53697175687216,0.3304975642593737,-7.676219225873479,1.6385262226372416e-14,1.4318283125197237e-13,ADGRB3
ENSG00000261115,49.20923416055472,2.855947224073802,0.3722463106073684,7.672197528066705,1.6907431129272933e-14,1.4758042403249318e-13,TMEM178B
ENSG00000116748,16.859284784519343,-2.915039570245954,0.3804456538077132,-7.662170775432983,1.828163174259753e-14,1.590413578856765e-13,AMPD1
ENSG00000205116,6.150771705860798,3.8943072142944968,0.5086473756556527,7.656202313586474,1.9151194592253508e-14,1.663586688067532e-13,TMEM278
ENSG00000181234,5.63103957290657,-3.7875684930633104,0.4953590338753226,-7.646107639204995,2.0715427925978542e-14,1.790158867648378e-13,TMEM132C
ENSG00000130649,88110.17568333885,-2.910331875050493,0.3806375523823335,-7.645939967917812,2.0742443007018092e-14,1.7918314965405259e-13,CYP2E1
ENSG00000187048,15301.738911941138,-2.24144631289931,0.2931678460636982,-7.645607603271398,2.0796095843417768e-14,1.7958031379293904e-13,CYP4A11
ENSG00000189410,6.919184625621767,2.830004638264299,0.370921010989871,7.629669267620916,2.3535672363703705e-14,2.020440306804113e-13,SH2D5
ENSG00000184956,1235.1881855141794,-2.463547692889345,0.3230131748428196,-7.626771552238152,2.407055875257297e-14,2.063329354704799e-13,MUC6
ENSG00000234869,6.752997512291958,2.7069449372703827,0.3550736061419483,7.623616316297594,2.4666582645286523e-14,2.1105536496751562e-13,LINC02925
ENSG00000137869,20.59634608292736,4.455211387450712,0.584421979663932,7.623278286029988,2.4731291050200802e-14,2.1153166052553834e-13,CYP19A1
ENSG00000285447,25.09054010562246,2.264680975292693,0.2971504637838805,7.621327412565678,2.510801810646402e-14,2.146753901917079e-13,
ENSG00000139209,10772.282701524562,-2.121465187216838,0.2785633534021929,-7.615736820032617,2.6219143670870485e-14,2.23930057646102e-13,SLC38A4
ENSG00000198216,19.51448301514837,3.0958165659276387,0.4066950861962996,7.612131719814731,2.6961157537258723e-14,2.300154479464235e-13,CACNA1E
ENSG00000240541,5.844399938674725,2.158754517400839,0.2836984186246482,7.6093286944155105,2.755232295219129e-14,2.34887569541039e-13,TM4SF1-AS1
ENSG00000135409,15.306001094067948,-2.293995522337872,0.3015081386375814,-7.608403317746916,2.7750272404743783e-14,2.36402812222932e-13,AMHR2
ENSG00000226673,7.219197289476801,2.956365189465442,0.3890524280560093,7.598886361505584,2.986899173710729e-14,2.532531075411928e-13,LINC01108
ENSG00000102174,20.29605427796936,2.741430632305917,0.3607792224734276,7.598637786043323,2.9926411230565704e-14,2.535561528129748e-13,PHEX
ENSG00000169347,53.07347372253769,3.42116147692832,0.450303050054527,7.597464588601061,3.0198881703255095e-14,2.5567949319010004e-13,GP2
ENSG00000151640,18.4181207461904,3.3253645609187523,0.4386797227234408,7.580392684380306,3.4451062819163544e-14,2.898970188952132e-13,DPYSL4
ENSG00000253395,3.797779252893432,4.052597290225871,0.5346404147431607,7.580042919450307,3.4544066622564795e-14,2.905750990656808e-13,LINC03044
ENSG00000197921,5.1816125964128,2.500536587046557,0.3302738907911947,7.571099795555571,3.7007760826117055e-14,3.1029482043202734e-13,HES5
ENSG00000172497,1489.894876206498,-2.0307128198869395,0.268249315564541,-7.57024417979679,3.725233428375304e-14,3.1212172489249093e-13,ACOT12
ENSG00000138135,58.7683519302584,-2.663320634375741,0.3519297064812266,-7.567763065542219,3.797057108100888e-14,3.175708149081304e-13,CH25H
ENSG00000125740,3241.9391362570987,-3.1689218854484587,0.4188897438722847,-7.565050068197972,3.8771524010272236e-14,3.234601502041008e-13,FOSB
ENSG00000240241,10.358815915494446,2.738979265254108,0.3620565280331175,7.565059743940238,3.876863814766207e-14,3.234601502041008e-13,
ENSG00000167771,39.386159833087405,2.6180955367830623,0.3466403042073009,7.5527730186198,4.260872066387152e-14,3.543355145716126e-13,RCOR2
ENSG00000116299,84.69781027378922,2.1866135735261456,0.2895958821620579,7.550568596491701,4.333620742048634e-14,3.600013850097432e-13,ELAPOR1
ENSG00000241186,113.4555818800986,2.2222478155426617,0.2943856392839685,7.548764338327828,4.39407126197289e-14,3.64764049082086e-13,CRIPTO
ENSG00000109705,4.648761609539619,4.008059813926807,0.5309797055831479,7.548423737824329,4.405575542795515e-14,3.6558931774606413e-13,NKX3-2
ENSG00000178623,147.66109608253356,2.047340543818907,0.2715367687325052,7.539828043824781,4.70591571206332e-14,3.89135765055133e-13,GPR35
ENSG00000273582,5.064489632983483,-2.4354661203852226,0.3230320520777263,-7.53939463505378,4.721581149665474e-14,3.902895683184609e-13,LOC102723708
ENSG00000143194,17.117356318560066,2.688069508938819,0.3566584462053619,7.536817191737115,4.815806849402255e-14,3.9751647716325677e-13,MAEL
ENSG00000241644,400.66714235323457,-2.0555417989906397,0.272756041038841,-7.536191650097773,4.8389526655022593e-14,3.991453445137318e-13,INMT
ENSG00000164076,7.960554493765796,6.054704375057368,0.8035761849101885,7.534698624417385,4.8946394658375084e-14,4.0331208532700544e-13,CAMKV
ENSG00000116014,6.538758418044715,4.926791170186435,0.6541688631854611,7.531375226566933,5.0208675739730604e-14,4.132764080153124e-13,KISS1R
ENSG00000235098,145.47295591171195,2.3744344110645765,0.3155640157095749,7.524414359240045,5.29571507804036e-14,4.351340457344508e-13,ANKRD65
ENSG00000159556,9.584292505800748,2.864015521919146,0.3806556775301983,7.523900708644854,5.316572612381796e-14,4.365411832974636e-13,ISL2
ENSG00000158104,20626.060141820693,-2.466019101316089,0.3278911400979053,-7.520847012150918,5.442250240457223e-14,4.4592140061301513e-13,HPD
ENSG00000166405,155.07452762827776,-2.231496986259808,0.2969957793441261,-7.513564641180284,5.753871137316997e-14,4.694813655921049e-13,RIC3
ENSG00000188037,20.977716436505315,3.097446775832898,0.4129123565080808,7.501463027232706,6.310943191298503e-14,5.131452696351958e-13,CLCN1
ENSG00000131142,17.557410744097957,2.7771716235770323,0.3706676864878626,7.492348874246878,6.765180637656318e-14,5.489346883686932e-13,CCL25
ENSG00000283458,7.651299005239124,-3.198796016577619,0.4269726462329988,-7.491805493394621,6.793254684335634e-14,5.508305262761299e-13,LOC101927879
ENSG00000198670,1877.217184661104,-2.152555517978047,0.287499822124605,-7.487154260029802,7.038296193688004e-14,5.695152641264043e-13,LPA
ENSG00000127831,2035.0080469063173,2.1578941305251425,0.2883038802725101,7.484790452648302,7.166138218401171e-14,5.78858671764705e-13,VIL1
ENSG00000171502,51.99370771982484,2.582846483656346,0.3451185913853419,7.483938994096294,7.212744694260926e-14,5.820204782091957e-13,COL24A1
ENSG00000131981,1077.8499005849903,2.028682154660704,0.2711211775863713,7.482566182106616,7.288516843654852e-14,5.877293158346017e-13,LGALS3
ENSG00000164708,67.4231187144249,3.564703186986436,0.4768489046369042,7.475540265109286,7.688731129928293e-14,6.185092411362195e-13,PGAM2
ENSG00000243902,4.753623103868959,3.995938596032932,0.5350960738009187,7.467703075540808,8.16067278203026e-14,6.548974901887954e-13,ELFN2
ENSG00000197993,114.8438172207081,2.689485187319808,0.3607402713800948,7.455461451616045,8.955383619698007e-14,7.154825444521704e-13,KEL
ENSG00000249001,5.673883389383867,3.0970093158876084,0.4154761354998127,7.4541208297365715,9.046905873714997e-14,7.223012597399826e-13,DMP1-AS1
ENSG00000124253,39534.42036842575,-2.684666605752414,0.3604801904245086,-7.447473334362417,9.514477191787097e-14,7.578214673049899e-13,PCK1
ENSG00000232682,11.59047506008779,-2.594643198013227,0.3484561615869502,-7.446110828394079,9.61320568973081e-14,7.654245088491247e-13,
ENSG00000262772,10.651857988818572,2.520640571486364,0.3385988144106797,7.444327812764074,9.743927031913449e-14,7.75305051216161e-13,LINC01977
ENSG00000107807,110.60095624019972,2.1311370191378383,0.2863484847215371,7.442459565344957,9.882771425932112e-14,7.858180556316447e-13,TLX1
ENSG00000186191,6.717080467256417,5.08453055314863,0.6835249243425875,7.438690780791818,1.0168803862374481e-13,8.077379584126526e-13,BPIFB4
ENSG00000071991,65.0892900212717,-2.0254607754714504,0.2724034068421265,-7.435519250481773,1.0415799684845053e-13,8.259552611104416e-13,CDH19
ENSG00000248740,167.5214299494095,-2.156322594023972,0.2902355386134239,-7.429560846771635,1.0895881727596832e-13,8.622711815076884e-13,LINC02428
ENSG00000231789,27.54959206970345,2.0560365192924777,0.2768477324638974,7.426596927466605,1.1142725166479907e-13,8.803166829431423e-13,PIK3CD-AS2
ENSG00000243384,23.845002204092708,-2.525526380949016,0.3402423375241606,-7.422728162892658,1.147321039815942e-13,9.058144139188096e-13,
ENSG00000179846,8.863623221551656,2.011516053673553,0.2710166232396374,7.422113188588203,1.152662379888543e-13,9.094175734479825e-13,NKPD1
ENSG00000231421,39.18782470380062,-2.279833174729441,0.3072196730199671,-7.420856718968214,1.1636514906684433e-13,9.17778129507987e-13,LOC101927093
ENSG00000282944,9.50689161079248,3.244914304070716,0.4380243555994764,7.408068210339019,1.2815239060112233e-13,1.0059962662188104e-12,CYP4F30P
ENSG00000074276,1562.0117942799188,-2.4723718185230097,0.3337870015977826,-7.407034446183282,1.291549242880048e-13,1.0131861649461086e-12,CDHR2
ENSG00000221986,5.670576377502004,4.893610973837727,0.6607384840798829,7.406275087264468,1.2989624859440513e-13,1.0186600547666507e-12,MYBPHL
ENSG00000229656,25.38720763666205,2.5951925393400086,0.3505192105780267,7.40385251655789,1.32289342917517e-13,1.0363846613762474e-12,ITGB1-DT
ENSG00000204335,165.8576397927585,2.1956982158352143,0.2969998796835236,7.392926280559108,1.436321189576289e-13,1.1203688425394508e-12,SP5
ENSG00000112936,4380.084482265225,-2.653989609868629,0.3590888802853951,-7.390898898788799,1.458394812622171e-13,1.1368287188160765e-12,C7
ENSG00000184845,51.34338647542436,-2.378707414005146,0.3221472886223664,-7.38391257048126,1.537043992570015e-13,1.194157094592838e-12,DRD1
ENSG00000166183,3919.31090072648,-2.410228762670773,0.3269644383051601,-7.371531825186675,1.6867848426845297e-13,1.3048597164325132e-12,ASPG
ENSG00000138131,517.0097538435253,2.2954319749201466,0.3113967337716405,7.371406716820213,1.6883688537811834e-13,1.3053130700622113e-12,LOXL4
ENSG00000108947,32.141783255514966,-2.075255858026837,0.2815776072611044,-7.370102609411234,1.7049675692714407e-13,1.3171831686911097e-12,EFNB3
ENSG00000100604,7.3988894626603745,3.501610032654761,0.4753213564606836,7.366826642775513,1.747374686018718e-13,1.3481641170856156e-12,CHGA
ENSG00000060718,55.41892969866931,4.172606629532055,0.5667506502590698,7.362332319556575,1.8072437127007118e-13,1.3916014539568052e-12,COL11A1
ENSG00000278952,10.97674203719426,2.2983843792875773,0.3121863736989051,7.362218767127561,1.808782160026393e-13,1.3923277745803693e-12,
ENSG00000229312,4.454915762892038,-2.602492606259126,0.3537667941670857,-7.35652030990211,1.8876617297731278e-13,1.4506593575749925e-12,LOC124902178
ENSG00000134201,72.75037595761712,-2.482376746945788,0.3377784897804995,-7.349126193793229,1.9950676616309298e-13,1.5301841904436834e-12,GSTM5
ENSG00000284604,9.22888544538535,3.635544940382735,0.4952311488663208,7.341107175316404,2.118340882650234e-13,1.6210123738252185e-12,
ENSG00000267374,8.597976813447126,3.777523185765869,0.5146788369527393,7.339573564227864,2.142754640252407e-13,1.639158250471699e-12,MIR924HG
ENSG00000141314,15.851788676285668,2.487645124874554,0.3393159380382179,7.331353602949134,2.278396229141503e-13,1.7383732220582905e-12,RHBDL3
ENSG00000165841,2273.399908821988,-2.2053172080372856,0.3008419845695259,-7.330483513439352,2.293238420295464e-13,1.7485569219677893e-12,CYP2C19
ENSG00000269353,179.94061112935427,-2.8137914568852405,0.3839496952994777,-7.328541971339514,2.326700979254001e-13,1.7723385219045537e-12,
ENSG00000224960,24.16757164495472,6.900566627636095,0.9416586216337204,7.328097963637853,2.334420599297347e-13,1.7776400090938424e-12,PPP4R3C
ENSG00000179455,21.282813163966,2.120170175088916,0.2895512152618548,7.322263086243814,2.4382353374382377e-13,1.8548825771932586e-12,MKRN3
ENSG00000047597,65.10866792446832,2.437556884161408,0.3329284751872001,7.321563236039843,2.4509877541432054e-13,1.8639777806460338e-12,XK
ENSG00000087494,22.15720350934992,2.546932746459871,0.3483938288312572,7.310499026357512,2.661520781526591e-13,2.0201478144792845e-12,PTHLH
ENSG00000170498,52.10620870262781,2.1763453573374183,0.2982853788447789,7.296185169270196,2.96041413163387e-13,2.237575695680489e-12,KISS1
ENSG00000198650,24224.705764936716,-2.7410243138258354,0.3757629253498069,-7.294557629053343,2.996419516246176e-13,2.261136830436993e-12,TAT
ENSG00000225680,4.111398697527139,3.2459785724512846,0.4452135709031977,7.290834746717669,3.080404190846391e-13,2.322265395954548e-12,
ENSG00000156150,13.295854803729624,5.842314695757975,0.8021363412086875,7.28344346916706,3.2540531629318073e-13,2.444510778434931e-12,ALX3
ENSG00000106236,95.85366568030824,3.0597382426967137,0.4202626415523309,7.280538263869729,3.324908601228992e-13,2.493734751797044e-12,NPTX2
ENSG00000235034,12.097411968305346,4.316189609334553,0.593111745493242,7.277194630069474,3.4083336720975153e-13,2.553848481466277e-12,C19orf81
ENSG00000146374,77.92398085538956,-2.859388040290011,0.393215836865174,-7.27180284264705,3.5472106874731897e-13,2.6519622758728137e-12,RSPO3
ENSG00000159650,2938.695966712008,-2.554894774214322,0.3513751997147494,-7.271130052116416,3.5649251684957457e-13,2.6635034962191304e-12,UROC1
ENSG00000213468,29.48723746031369,2.015816120965017,0.2772669559981239,7.270307829176214,3.586692181445557e-13,2.678910925943676e-12,FIRRE
ENSG00000272384,19.73015153886616,2.384955045778202,0.3281363616554013,7.268182757151457,3.6435564253227436e-13,2.71791184494818e-12,ZHX2-AS1
ENSG00000183134,46.84274492054556,2.053593084265101,0.2828488079961432,7.260391510269693,3.8597151389347893e-13,2.873657423459628e-12,PTGDR2
ENSG00000102385,9.020622752885526,2.884479171669135,0.3976034340657002,7.254663628464794,4.026612342688443e-13,2.993153559978098e-12,DRP2
ENSG00000164129,11.229080632549207,-2.320957954878362,0.3200697920696686,-7.251412074442709,4.124487385873701e-13,3.060996164645372e-12,NPY5R
ENSG00000090382,2955.1131303565,2.4587676439618336,0.3394244137208839,7.243932800849534,4.358574364387776e-13,3.223526086187899e-12,LYZ
ENSG00000141338,2156.761804896485,-2.095336513275653,0.2895137988264862,-7.237432280495368,4.572589299648614e-13,3.378603331859761e-12,ABCA8
ENSG00000163295,5.553107410149214,4.036359351485854,0.5579533640346601,7.234223524163777,4.682000974240005e-13,3.4550804034825367e-12,ALPI
ENSG00000266830,17.46348737845036,6.605459876454336,0.9143086162013,7.224540772565614,5.027979982228631e-13,3.703385885525012e-12,LOC105371712
ENSG00000128710,6.848845640525602,3.740834547755161,0.5181109835315475,7.220141372523874,5.193355542263974e-13,3.819181584413114e-12,HOXD10
ENSG00000127928,6.977875026073324,5.261794078575695,0.7292999520199792,7.2148559231381215,5.399111049792233e-13,3.956810926935768e-12,GNGT1
ENSG00000104044,28.83877753438037,2.3755345281695543,0.3299724425617836,7.19919066491367,6.057100368335016e-13,4.415511028870708e-12,OCA2
ENSG00000178538,14.87583024647613,3.408127755144616,0.4734643632125312,7.198277251575864,6.097805922384035e-13,4.44379981128753e-12,CA8
ENSG00000164270,7.56360002876324,2.92287937882675,0.406257747217143,7.194642807056388,6.262449107460513e-13,4.5566865309743015e-12,HTR4
ENSG00000260442,5.244791193489536,2.540800772833037,0.3533257032461619,7.191100872338354,6.427097432322342e-13,4.673580672499737e-12,ATP2A1-AS1
ENSG00000134569,85.44876035202337,2.2837736848330192,0.3176275009587969,7.190100598780562,6.474360114386366e-13,4.706485585949045e-12,LRP4
ENSG00000179915,18.47675988742393,-2.4179999840973707,0.3365504039401685,-7.184659283687087,6.737499248089793e-13,4.8886575654641594e-12,NRXN1
ENSG00000261786,17.819535277481922,-2.637198053554937,0.3670816226276281,-7.18422795093216,6.758801755188239e-13,4.9025937816780934e-12,
ENSG00000162947,7.119459489317705,-2.001833905955487,0.2790297119607019,-7.1742679010378,7.269513559273479e-13,5.258371388128772e-12,LINC01931
ENSG00000105048,15.471820117807749,2.963707898618745,0.4131193671034998,7.173974726477156,7.285106521100524e-13,5.268021540899677e-12,TNNT1
ENSG00000112559,88.32088021329965,2.549603056376505,0.3554657431184375,7.172570369254975,7.360256000187601e-13,5.319075335569619e-12,MDFI
ENSG00000248359,4.574931385601877,-2.340890947842727,0.3264116946169457,-7.171590315076902,7.413150599039399e-13,5.355646447292424e-12,
ENSG00000175928,21.083825524277263,-2.309871639470156,0.3224380638717143,-7.163768482337633,7.848891665254634e-13,5.658480260731118e-12,LRRN1
ENSG00000170231,7.942440420824687,5.5742449116794806,0.7783716048826599,7.161418629241752,7.984640451919663e-13,5.752531385640796e-12,FABP6
ENSG00000180785,11.884146600406623,2.396341958794136,0.3347282898477714,7.159066118624006,8.122850432515922e-13,5.844904342289909e-12,OR51E1
ENSG00000257893,11.638531914596198,5.3867119664246434,0.7524616562428077,7.158785994919103,8.139463339248354e-13,5.855057376846149e-12,LINC02404
ENSG00000088992,287.0148442703935,2.380899367126375,0.3327567427288245,7.155074748001893,8.362734147897993e-13,6.006430455074539e-12,TESC
ENSG00000088836,52.0543328137543,2.235260632878594,0.3124590465612509,7.153771534153415,8.442553547018288e-13,6.056321837638725e-12,SLC4A11
ENSG00000133019,60.06402279710756,2.284413582365827,0.3193336301087568,7.153689329832923,8.447613402419332e-13,6.058093817375702e-12,CHRM3
ENSG00000243694,76.26166804370219,-2.7380777423024,0.38349608899541,-7.139780093911653,9.34803495026195e-13,6.675170378250238e-12,LINC02027
ENSG00000105889,7.858342788407235,3.0997509959247616,0.4342008297503784,7.138979899478324,9.402608115440599e-13,6.707996695471241e-12,STEAP1B
ENSG00000139155,6.39795787789875,2.5952718468519693,0.3646214893267165,7.117715008087452,1.0973096505240253e-12,7.771530322345905e-12,SLCO1C1
ENSG00000235200,121.28606116242634,-2.158760186097499,0.303579635021903,-7.111017792553004,1.1519028701639e-12,8.140925631946859e-12,LINC01702
ENSG00000100362,14.59708103466129,-2.3415601555219463,0.3292851884792941,-7.1110400268404,1.1517172877131482e-12,8.140925631946859e-12,PVALB
ENSG00000133063,48.48353531125787,2.7248347355008256,0.3835038813528088,7.105103410919805,1.2023247969004113e-12,8.471681919846784e-12,CHIT1
ENSG00000164393,8.618584002109513,-2.7952999975708326,0.3941386040554391,-7.092175109996705,1.320203105223345e-12,9.249329511976552e-12,ADGRF2P
ENSG00000124713,2284.74222839016,-2.1827741846476614,0.3079130104612003,-7.088931323097533,1.3515156983166657e-12,9.448896213604828e-12,GNMT
ENSG00000205865,298.73274354198804,-2.665981421135702,0.3761553756502356,-7.087447352113979,1.36608245263133e-12,9.54218178990884e-12,FAM99B
ENSG00000203618,100.26146630282668,2.768532428339877,0.3906299959100489,7.087352372646243,1.3670200045313216e-12,9.545880288358567e-12,GP1BB
ENSG00000204044,9.14968102889774,2.5187937235552704,0.3554458484515681,7.086293832177007,1.3775117863046877e-12,9.607672396250909e-12,SLC12A5-AS1
ENSG00000228714,5.311493286811359,4.019886424505227,0.5672841760896618,7.086195233250903,1.3784930677989205e-12,9.611650770497808e-12,
ENSG00000171431,8.99450822974827,5.57734455117914,0.7875120364269581,7.08223403985577,1.4184882401063465e-12,9.87580220262136e-12,KRT20
ENSG00000163888,39.518017234093584,2.4802855747672194,0.3509849780365328,7.066643104335524,1.587264782784867e-12,1.1005004464637342e-11,CAMK2N2
ENSG00000174498,25.90181010088965,2.6539855116168423,0.3756176089001768,7.065657862494297,1.5985683942272489e-12,1.1080091984046824e-11,IGDCC3
ENSG00000162366,366.30585273639866,2.7427437698926087,0.3884872349126851,7.060061498569076,1.6642893087735745e-12,1.151514930498084e-11,PDZK1IP1
ENSG00000205795,59.479883750424506,-2.3260232261903773,0.3297508855619456,-7.053880150242751,1.7399625996969909e-12,1.2013856285334032e-11,CYS1
ENSG00000100285,34.97627013790508,2.384393977785515,0.3382423982090686,7.049364569345663,1.7973667178465984e-12,1.237733283208286e-11,NEFH
ENSG00000181418,5.103408438462202,3.524109809548176,0.5000449936001987,7.04758542661425,1.820490645762748e-12,1.2521828190628628e-11,DDN
ENSG00000272942,6.549121346826345,2.3654845037096663,0.3360142696592125,7.03983347525316,1.9246971625015837e-12,1.3215274647020704e-11,
ENSG00000276409,937.500642049866,-2.130345018345204,0.3026348903695199,-7.039323905264306,1.9317484353924004e-12,1.3252020864848804e-11,CCL14
ENSG00000188015,5.502406530213336,2.7714903652376663,0.3939642210790041,7.034878339071005,1.9943494104829955e-12,1.36614394610333e-11,S100A3
ENSG00000003137,118.44097076996736,2.3509203583743457,0.3345343858116072,7.027440102071492,2.103570621979316e-12,1.4380136633536567e-11,CYP26B1
ENSG00000243449,100.67166277718786,2.332346543129903,0.3321535136087788,7.021893334167815,2.1888161695816146e-12,1.4936690972877098e-11,NICOL1
ENSG00000184033,24.2929825385564,6.602163746441019,0.9411891121243294,7.014704761659934,2.3043502453603275e-12,1.56702515377076e-11,CTAG1B
ENSG00000262703,3.657386708570156,2.42152492420865,0.3453786457390165,7.011217844772203,2.36252543591098e-12,1.605186102883112e-11,RMI2-AS1
ENSG00000272468,8.015869930595905,2.2081409294347827,0.3150697826097159,7.008418614901121,2.4102675548613285e-12,1.636673117877244e-11,
ENSG00000223572,33.83080922159954,3.9780567052883,0.5677144781038436,7.007143306570125,2.432331040405927e-12,1.651175856883803e-11,CKMT1A
ENSG00000241224,99.08852130841944,-2.7357133548112103,0.3904725271284819,-7.006160906964513,2.4494620063807694e-12,1.6623227361550718e-11,C3orf85
ENSG00000105376,21.470315697846555,2.259406911098514,0.3227225461489847,7.001081697141359,2.5399377189712695e-12,1.7197326500693168e-11,ICAM5
ENSG00000105880,4.912897530630578,4.8646707796538,0.6949666030663764,6.999862667054195,2.5621352902632864e-12,1.7342601517687808e-11,DLX5
ENSG00000021461,598.1252107546529,-2.241033889391051,0.3204768287881421,-6.992810986882715,2.6943239998379724e-12,1.8200497062722978e-11,CYP3A43
ENSG00000278239,17.017363711603853,2.278387349674041,0.3272332910521724,6.96257811162247,3.3410123574786028e-12,2.2349528761366014e-11,
ENSG00000121742,12.080701286588903,4.093558599895574,0.5880705283017233,6.9609994088928016,3.3786719150004e-12,2.2569181070132597e-11,GJB6
ENSG00000152377,20.599131901425555,2.7398672938549065,0.3938180794692526,6.957190227394885,3.471261108110808e-12,2.3128228738831135e-11,SPOCK1
ENSG00000283071,6.704783375035346,3.432825517965765,0.4936598801573943,6.953827231962363,3.5550695147494375e-12,2.3666403289281047e-11,LBHD2
ENSG00000168065,109.64195301472124,2.407682327502936,0.3463198661048429,6.952192360729452,3.59652525949008e-12,2.392875864483829e-11,SLC22A11
ENSG00000223991,165.69422199389786,-2.868761800069402,0.4129313016173732,-6.947310094519377,3.723167382060637e-12,2.4736169999586616e-11,TANAR
ENSG00000259869,2.988937969040053,2.3596216098060774,0.3396832492219148,6.94653508882488,3.743668497508691e-12,2.485825636168629e-11,
ENSG00000005073,8.053698625662012,5.952080755621487,0.8568839221774347,6.946192595721257,3.752763644037149e-12,2.4904510617010225e-11,HOXA11
ENSG00000170819,5.589082348984033,3.545869582193576,0.5114787406844865,6.932584485228682,4.132206076654764e-12,2.7329572166012127e-11,BFSP2
ENSG00000099812,72.61825923653258,3.3425979712382503,0.4821736653329248,6.93235282547067,4.138980698139195e-12,2.7366640890777328e-11,MISP
ENSG00000101197,11.867955054222662,3.535747996448572,0.5107755348258595,6.922312748698951,4.443289231559061e-12,2.9279398589820033e-11,BIRC7
ENSG00000180806,6.196222033617838,5.572262336233083,0.8050958236392494,6.921241140023508,4.477036346436851e-12,2.9493469797858985e-11,HOXC9
ENSG00000054356,6.786466000963427,4.07033059579684,0.5885757330969756,6.915559658532843,4.660198670332908e-12,3.064830685833503e-11,PTPRN
ENSG00000121753,31.58770852626556,2.1272355157283624,0.3076788681494881,6.913817411388905,4.717823448877685e-12,3.099243019926865e-11,ADGRB2
ENSG00000157613,88.35206476547047,2.119839304686919,0.3067612936475717,6.9103871596080015,4.833327702627691e-12,3.1715577825405206e-11,CREB3L1
ENSG00000116882,3395.9586632434352,-2.544538424581286,0.3683005421438465,-6.9088641840431215,4.88549401073976e-12,3.203093088375426e-11,HAO2
ENSG00000231106,25.690870242107977,3.0396712980152087,0.440394820321754,6.9021504290046245,5.1221151456780496e-12,3.347908343192139e-11,LINC01436
ENSG00000189143,435.0098324676344,2.3513985851885497,0.3406935368759488,6.901799801517004,5.134776683096855e-12,3.3552466745163333e-11,CLDN4
ENSG00000164379,157.88518953418426,2.5079546309209144,0.3637948958609797,6.893869758632628,5.429473747257917e-12,3.5369445661265506e-11,FOXQ1
ENSG00000143502,243.84323552441467,2.280721240662771,0.3309107091436702,6.892255758554368,5.491452605660952e-12,3.573339382593231e-11,SUSD4
ENSG00000251129,21.912558855153485,3.0841698454679825,0.4476975586155189,6.88895837405416,5.620238015254294e-12,3.6530766293649264e-11,LINC02506
ENSG00000188848,8.79959691426684,-2.009468695442433,0.2917301526611843,-6.8881076471249525,5.6539422524050686e-12,3.673963086403105e-11,BEND4
ENSG00000029559,7.385017690755117,5.409825492719419,0.7863084512369986,6.880029693447694,5.98400861866581e-12,3.8787451819465025e-11,IBSP
ENSG00000117148,12.14016257104645,5.544236529213798,0.8058876329932575,6.879664486997016,5.999368969394227e-12,3.8876243296686746e-11,ACTL8
ENSG00000278704,93.90768612834415,2.0119796674821244,0.292773232980171,6.8721434914044615,6.3244288847827595e-12,4.091464737326414e-11,
ENSG00000238178,3.8784510542823214,3.4550628043466824,0.5029634399709412,6.869411431865306,6.446732720471096e-12,4.1648279074835775e-11,MAGEB17-AS1
ENSG00000253877,6.540450667715067,5.233213291753699,0.7628906985008717,6.85971568671278,6.89977304181978e-12,4.4366792404422793e-11,LINC01608
ENSG00000134873,95.08514139292414,-2.746434651508137,0.400616680776682,-6.855517464184415,7.1054840363177194e-12,4.561432164148749e-11,CLDN10
ENSG00000170801,336.6611897926776,2.664052427999066,0.388890717331792,6.850388320598976,7.364978969255113e-12,4.717660269106924e-11,HTRA3
ENSG00000263745,5.283305156362579,4.733985032197488,0.6915756532163438,6.845216441875762,7.636033005318736e-12,4.8832618942980095e-11,LOC105371956
ENSG00000141756,854.5555429474199,2.164935157954337,0.3164734020174387,6.840812353118518,7.874534874839355e-12,5.0281238919233436e-11,FKBP10
ENSG00000197891,33.968930693217075,3.762828661997631,0.5502548760286787,6.838337697531856,8.01173620502615e-12,5.112344382001548e-11,SLC22A12
ENSG00000262003,23.61740749955287,-2.313851540883208,0.3386635699782827,-6.832301274777168,8.356312150752563e-12,5.3148235492809866e-11,LOC101927727
ENSG00000204060,42.970403339711446,2.2091332417426357,0.323365097235946,6.83169971226277,8.391436347610579e-12,5.335712706704384e-11,FOXO6
ENSG00000166863,9.874074502024166,2.735184329259618,0.4003990757457913,6.83114546197443,8.423926081388497e-12,5.3534610926900596e-11,TAC3
ENSG00000129991,9.221809559656547,3.375921507138347,0.4942337797446857,6.830616694962252,8.455036873316642e-12,5.371772883690825e-11,TNNI3
ENSG00000221866,43.34013909511032,-2.044410476856653,0.2994625199977737,-6.826932722238,8.674935196370446e-12,5.501023557839356e-11,PLXNA4
ENSG00000131771,15.203921803547034,3.6355874189092616,0.5327970746248619,6.823587425792548,8.879466040848228e-12,5.6215791364969574e-11,PPP1R1B
ENSG00000107562,3390.176194780822,-2.0442120018040284,0.2996179545006961,-6.822728648590646,8.932729077966111e-12,5.653769786819839e-11,CXCL12
ENSG00000253508,4.291904024392238,4.781675059116203,0.7010032970232771,6.821187688304732,9.029088331132554e-12,5.710123366590533e-11,
ENSG00000099399,42.60621133230065,6.353494678778458,0.9318621889275795,6.818062535717096,9.227647683108344e-12,5.824672483835766e-11,MAGEB2
ENSG00000100218,15.697405194772092,2.174695039880587,0.3195283934742917,6.805952410784916,1.0038289382623851e-11,6.317613761843416e-11,RSPH14
ENSG00000070019,36.97763963082056,2.284916346846728,0.3357405569375918,6.805601228782894,1.006280916584633e-11,6.331341980006539e-11,GUCY2C
ENSG00000143001,9.17103171149525,3.151946209612375,0.4635270451000187,6.799918673423373,1.0467822594994987e-11,6.568502520512815e-11,TMEM61
ENSG00000164007,24.88994960188799,2.936876201734028,0.4320631626590192,6.797330704288223,1.0657526982143087e-11,6.678583677826769e-11,CLDN19
ENSG00000263443,3.6567354367123097,4.058781830947628,0.5973408653356739,6.794749976911102,1.0850053025642886e-11,6.78832015054464e-11,
ENSG00000119946,87.60441207934679,2.382521502629968,0.3510348444044515,6.787136777467311,1.1438076137570478e-11,7.121930132717227e-11,CNNM1
ENSG00000253339,3.382317084474922,3.479572731165211,0.5128948129947881,6.784183896982732,1.1674454594588183e-11,7.263311604553229e-11,
ENSG00000183185,11.38735519360868,2.128368523662352,0.3138864818881251,6.780695080780642,1.1959906157459811e-11,7.431024827130342e-11,GABRR3
ENSG00000184160,95.62720886384164,2.740844940910266,0.4042491824802032,6.780087776787255,1.20102889999427e-11,7.460347598928827e-11,ADRA2C
ENSG00000131055,20.54987499067301,2.045667317893123,0.3018162883149402,6.777855924589808,1.219723900712203e-11,7.574462757993248e-11,COX4I2
ENSG00000251139,6.997685657272392,-2.318741464143649,0.3421535234773789,-6.776903655931371,1.2277870150612788e-11,7.620488629166489e-11,
ENSG00000257390,15.787208688995328,2.3808806267339784,0.351384595619077,6.775711446710664,1.2379553999837328e-11,7.679525503001712e-11,
ENSG00000188056,7.696107603567022,4.473825713644307,0.6603062078443305,6.775380362165286,1.2407938331891707e-11,7.69305331030858e-11,TREML4
ENSG00000188763,16.186756043810757,2.9496249146405606,0.4354634075792661,6.7735310551981325,1.2567658293616347e-11,7.787242648597487e-11,FZD9
ENSG00000130283,8.699178057589789,3.256394111534268,0.4813875193773959,6.764600203482499,1.3367781505895636e-11,8.25098978278144e-11,GDF1
ENSG00000205359,7.134704555786897,5.536590763289178,0.8185908364630797,6.763563085083338,1.3463870772621879e-11,8.301537400736522e-11,SLCO6A1
ENSG00000148513,7.080421643150045,5.226483900864471,0.7728389486186268,6.762707689883246,1.3543632142305804e-11,8.34411869120252e-11,ANKRD30A
ENSG00000108309,23.17808295639223,2.036668789551551,0.3019348636634887,6.745391257040958,1.5261520172716e-11,9.358132146798044e-11,RUNDC3A
ENSG00000086548,13.601448104846376,-3.766949004031384,0.5592688173737211,-6.735489065384795,1.633794514692555e-11,9.994601224425453e-11,CEACAM6
ENSG00000105675,4.139369463974734,4.242859669715901,0.630895115574072,6.725142682163873,1.7542046093246394e-11,1.069484191449864e-10,ATP4A
ENSG00000250413,9.34637291851169,-2.1194336901858555,0.3152509899880606,-6.723004074518922,1.7801560384749993e-11,1.0847405628560996e-10,SLC2A9-AS1
ENSG00000250038,6.2773627171152375,3.2807023918843514,0.4885044623037314,6.715808441980104,1.8702635865851448e-11,1.1384615165492142e-10,
ENSG00000134339,7290.694954634615,-3.397665754322865,0.506423350891179,-6.709141172783244,1.957731988888589e-11,1.1870716541231403e-10,SAA2
ENSG00000161031,3506.035463842732,-2.0000023908220137,0.2981185007527312,-6.708749660863477,1.9629909385927545e-11,1.1899519830655687e-10,PGLYRP2
ENSG00000148082,60.55343902831592,2.040272219823298,0.3042285370458406,6.706380143148353,1.995115726565376e-11,1.2084863332869971e-10,SHC3
ENSG00000258017,2154.7333107395075,2.269158092987244,0.3384118721849214,6.705314675683976,2.0097280559010213e-11,1.216707257031382e-10,TUBA1B-AS1
ENSG00000118156,25.915722625007383,2.1303976249658096,0.3179809000626283,6.699766006531256,2.0875353834292543e-11,1.2612013229483612e-10,ZNF541
ENSG00000167653,3.9543159226439,2.5255941668572994,0.3771151065817174,6.697143982774995,2.1253219638760664e-11,1.2823744312858607e-10,PSCA
ENSG00000169385,11.653078720556868,2.918441318528801,0.4361764602802649,6.690964745446277,2.217040757861108e-11,1.3346174587916854e-10,RNASE2
ENSG00000261319,5.134734419246141,2.7744273980176786,0.4147174876690832,6.689921405560514,2.2329048687007363e-11,1.3431304601058449e-10,LINC02152
ENSG00000180447,86.29639954380227,-2.207149047961896,0.3304726830578892,-6.678763967838356,2.409658878177469e-11,1.4435121674060314e-10,GAS1
ENSG00000175356,96.18669936679544,2.027801360777563,0.3042300115738297,6.665356091226594,2.640244078390822e-11,1.5747891312033784e-10,SCUBE2
ENSG00000162383,298.8239917402704,2.606953777820907,0.3915664720428765,6.657755359441106,2.780410615946625e-11,1.6554376568806158e-10,SLC1A7
ENSG00000231487,31.16128177685856,-2.3064196664588232,0.3466293154371168,-6.653850565265414,2.8552257892453013e-11,1.6973900098555359e-10,LOC124902609
ENSG00000204583,222.9985074713269,-2.255469810922059,0.3389785659075138,-6.653723974799741,2.8576839271131714e-11,1.6984197181645938e-10,LRCOL1
ENSG00000138316,76.50695371489637,2.0978024376307998,0.3157566404200413,6.643731814603036,3.058388471920231e-11,1.8098882247313422e-10,ADAMTS14
ENSG00000263873,76.45561170085725,2.8193015533574344,0.4245352697588382,6.640912438109014,3.117472054532215e-11,1.8415915093856596e-10,THY1-AS1
ENSG00000259129,22.787890133149983,2.292016849488322,0.3451736946915446,6.640184013838374,3.1329178007720426e-11,1.8497815778258555e-10,LINC00648
ENSG00000115297,4.263438613965984,3.0281498227305663,0.4562578078889274,6.636927128418035,3.2028988875579237e-11,1.8868147488451907e-10,TLX2
ENSG00000263680,4.567518448340578,3.73594028767414,0.5629185382313406,6.636733441773406,3.207108509995176e-11,1.888818967127824e-10,
ENSG00000106483,77.37949340548222,2.301174583065793,0.3473426859843199,6.6250843213945645,3.470500134003921e-11,2.0367639145698372e-10,SFRP4
ENSG00000180432,5310.19531233795,-2.2512363700532534,0.3398210486757385,-6.62477023958987,3.477887064637555e-11,2.0405872110124484e-10,CYP8B1
ENSG00000131050,4.440988921956927,5.146537558844475,0.7771822662864495,6.6220470822575255,3.54258173105164e-11,2.0775034954748308e-10,BPIFA2
ENSG00000278041,7.611894487238111,2.460812362145443,0.3717522549348295,6.619495455587321,3.604269227434347e-11,2.1131496249967838e-10,
ENSG00000185519,9.024120052764635,2.740455166910414,0.414013863270997,6.619235272120878,3.6106181023865005e-11,2.1163415001034175e-10,FAM131C
ENSG00000006606,15.919131431028342,3.666169117058907,0.5540878143588547,6.616584992581183,3.675915687656175e-11,2.1513809277293194e-10,CCL26
ENSG00000132698,37.7238385521093,-2.470636776171453,0.3737853251931978,-6.609774674525971,3.849054268815605e-11,2.2465301025549762e-10,RAB25
ENSG00000103742,34.86930363515656,2.333689786320067,0.3532211743951777,6.606879642241309,3.925048840919312e-11,2.2868908477117167e-10,IGDCC4
ENSG00000230731,19.509300441156643,-2.0764174847349786,0.3142830044978523,-6.606839870493755,3.926103005170179e-11,2.2869354482058268e-10,LINC02938
ENSG00000179593,22.086511306921626,2.406207532845921,0.3642656040337105,6.605640242176808,3.958030104541135e-11,2.3038118496026567e-10,ALOX15B
ENSG00000278385,7.03648776006829,2.055684546843062,0.3112229676579468,6.6051826518870085,3.9702753016939375e-11,2.3103644311573702e-10,
ENSG00000134640,10.591300342834169,5.993069508445565,0.907945883285346,6.600690215985137,4.0924791805918535e-11,2.3779276073419083e-10,MTNR1B
ENSG00000225255,3.93329977544055,4.106976701417093,0.6224517854569209,6.598063974388473,4.1656152484933125e-11,2.41862093591472e-10,PSLNR
ENSG00000259037,3.468432942739225,-3.157477785436751,0.4786977322663733,-6.595973978167416,4.2247302651077656e-11,2.450511160219836e-10,
ENSG00000164638,724.48835114872,2.4040421223945136,0.3645753537736687,6.594088430582616,4.278766289719229e-11,2.4781673635900446e-10,SLC29A4
ENSG00000278621,27.326118383074657,-2.1884940829022907,0.3322030167652799,-6.587821219120911,4.4632761467966855e-11,2.5792840637849524e-10,THBS1-AS1
ENSG00000283599,10.360261645688048,4.036113072141477,0.6133199752286761,6.580762465198714,4.680418165375863e-11,2.6941196393365544e-10,CXorf49C
ENSG00000198759,4.143762432509144,2.887779074023084,0.439003975452019,6.578024882461921,4.767384634847613e-11,2.7421546290383626e-10,EGFL6
ENSG00000181656,448.7693587769317,2.5842169456866224,0.3928635567223882,6.577899378721771,4.7714092612344585e-11,2.743794907769364e-10,GPR88
ENSG00000234068,17.2791283292902,4.796588904768181,0.7301751993449714,6.569093156096132,5.062260828350921e-11,2.898934334335694e-10,PAGE2
ENSG00000197757,8.86370982084755,3.994454485080947,0.6083438304489531,6.56611324903726,5.1645543616525767e-11,2.9531757561021437e-10,HOXC6
ENSG00000205639,19.90965803462646,2.0554489441762214,0.3130921212406649,6.564997343373764,5.203378998316832e-11,2.9739224262796397e-10,MFSD2B
ENSG00000250579,19.408513412648425,3.48123746284176,0.530524766111668,6.561875496136609,5.313517406304391e-11,3.035387367171639e-10,ADAMTS16-DT
ENSG00000275385,87.92098943784757,2.4378948178884565,0.371667077863182,6.559350997415741,5.4042462450398623e-11,3.0842042549455354e-10,CCL18
ENSG00000166292,59.62115920788375,-2.009329287513559,0.3064033526288388,-6.557791454545724,5.461050623665976e-11,3.1135841393960075e-10,TMEM100
ENSG00000205866,3745.17739815266,-2.3723439314508155,0.3617924681847665,-6.5571954644430726,5.4829127082291326e-11,3.124525626884388e-10,FAM99A
ENSG00000166741,6705.411500884075,-2.099788737585486,0.3204129391049996,-6.553383091989875,5.624797161049032e-11,3.2014812649250607e-10,NNMT
ENSG00000180066,6.501019005901277,3.7794353238080554,0.5774352214870435,6.5452109313232425,5.941147069610555e-11,3.3741503617237117e-10,LINC02870
ENSG00000175003,7986.072025658903,-2.4177924228162384,0.3694097692612358,-6.545014842600023,5.948947706111887e-11,3.377760526433869e-10,SLC22A1
ENSG00000133800,317.5423690398395,-2.072885899276921,0.3167182666324341,-6.54488899966922,5.953959160361331e-11,3.37978565004447e-10,LYVE1
ENSG00000264080,3.763171109864573,3.980595642458412,0.6082370901067281,6.544480281134995,5.970264096622623e-11,3.3882190201914845e-10,
ENSG00000232903,3.2445782090240054,-2.691728585142888,0.4113134328173194,-6.544227273847364,5.980379148643748e-11,3.393136294548222e-10,LINC01166
ENSG00000049089,217.42450034988053,2.026237459229744,0.3098647433781983,6.539102955500381,6.188891164754916e-11,3.50125105240899e-10,COL9A2
ENSG00000196754,9.023951064858334,2.1086271964308323,0.3229239561848013,6.529794882186186,6.585982367588146e-11,3.720499529702717e-10,S100A2
ENSG00000151365,1675.197776169548,-2.638900454202144,0.4042414449049992,-6.528030431966994,6.664015926729168e-11,3.761856287982032e-10,THRSP
ENSG00000166148,452.121704796135,-2.404992680799988,0.3687816406942779,-6.521454474448039,6.962885638343196e-11,3.92677877863458e-10,AVPR1A
ENSG00000140807,786.1777974174386,2.484140865636534,0.3809389667969318,6.521099394278458,6.979391354850939e-11,3.935138634948856e-10,NKD1
ENSG00000021826,48519.90735499069,-2.1557055320943554,0.3308663725057005,-6.5153358311056975,7.252720726902425e-11,4.084325853741658e-10,CPS1
ENSG00000004948,6.2356675276443925,2.98826862516012,0.4591974538299879,6.507589709472754,7.636614832950669e-11,4.2850403163160237e-10,CALCR
ENSG00000274253,17.30193762334639,2.0891379371542422,0.3211772004124879,6.504627148101303,7.788631560300539e-11,4.3630138431539875e-10,LOC283683
ENSG00000240204,6.045143854491683,2.558772006539487,0.3934265951306057,6.503810464795987,7.831055413801962e-11,4.3857284964105645e-10,SMKR1
ENSG00000108813,6.9742254492848055,2.4813395194074035,0.3815799258436361,6.502804134471704,7.883641621162914e-11,4.4120102498532065e-10,DLX4
ENSG00000235621,39.13232266376886,2.7105789327304963,0.4171431943739871,6.4979579417525954,8.141755688993423e-11,4.5521054214298074e-10,LINC00494
ENSG00000258484,27.143761959559534,2.5160325850108958,0.3880634999053395,6.483558968118961,8.958384142236093e-11,4.990794956878517e-10,SPESP1
ENSG00000180745,365.8919829259458,-2.4743958528178203,0.3817547454929044,-6.481637444016558,9.073245969670224e-11,5.049974850547123e-10,CLRN3
ENSG00000069482,5.320928519339836,4.612181220051125,0.7115699951010549,6.481697165148339,9.069654470190384e-11,5.049974850547123e-10,GAL
ENSG00000165695,17.650332550274086,2.51615888885945,0.3886812375679985,6.4735794930653325,9.570802433180031e-11,5.312999082092561e-10,AK8
ENSG00000183305,11.775281085752034,6.741437912953,1.0416276319515674,6.472022924663021,9.669944586313129e-11,5.364216592545008e-10,MAGEA2B
ENSG00000095777,10.371325548985467,-3.0380115680696806,0.4703529998811749,-6.459003278042601,1.0539482992880624e-10,5.821726697814791e-10,MYO3A
ENSG00000215817,30.73991604081473,-2.1307806698394915,0.3301544227003005,-6.453891038054394,1.0901420543399389e-10,6.008881497920404e-10,ZC3H11B
ENSG00000273777,31.819081353325508,2.7269241184254382,0.4233026238874741,6.442020352678779,1.1789346642346908e-10,6.483032111058326e-10,CEACAM20
ENSG00000117122,127.32694516542276,2.5662903749397867,0.3985379218870305,6.439262699992767,1.2005525412235884e-10,6.59725759850679e-10,MFAP2
ENSG00000266401,4.072450661198916,4.718573999478697,0.7335376276873439,6.432627068300711,1.2541710503796358e-10,6.87413856174574e-10,DLGAP1-AS6
ENSG00000223764,107.26593357015771,-2.046438001555723,0.3182967509985584,-6.429339901006376,1.2815926126066227e-10,7.017859547450075e-10,LINC02593
ENSG00000170373,7.969218758420121,5.211430972586504,0.8109934405614506,6.425984122607245,1.3101907840390818e-10,7.166072717097557e-10,CST1
ENSG00000114270,927.6969588767648,2.075943943549796,0.3231279600130119,6.4245258858633,1.322811507828497e-10,7.228341416171928e-10,COL7A1
ENSG00000040731,5.93756048894986,3.116188110020599,0.4852336134590273,6.422036774836348,1.3446292625517875e-10,7.338990279718611e-10,CDH10
ENSG00000136872,127681.85024231757,-2.037769745007806,0.3176046514897873,-6.416057622107373,1.3984853192120111e-10,7.615169244023877e-10,ALDOB
ENSG00000130720,2.7089598397515573,4.111744644131837,0.6416072359194213,6.408507282870211,1.469512613926845e-10,7.981497231852955e-10,FIBCD1
ENSG00000262412,4.273555803480992,2.0317703050781226,0.3171870401251528,6.405590544545719,1.4978845889351544e-10,8.124974010142521e-10,
ENSG00000130427,108.68363338460053,2.603420839701546,0.406526732645828,6.404058160597482,1.5130043211254878e-10,8.200581576480197e-10,EPO
ENSG00000078098,86.49969820250007,2.1823743596799834,0.3409356670333319,6.401132444340655,1.5422871079333702e-10,8.351556091640123e-10,FAP
ENSG00000105550,529.8341454219608,2.2658561058800144,0.3543216007098524,6.394913833479443,1.6063791641056002e-10,8.67452164956655e-10,FGF21
ENSG00000171004,30.70768847211048,3.706321297822444,0.5798361776061927,6.392014574053823,1.637142900759233e-10,8.824351123838878e-10,HS6ST2
ENSG00000185567,153.8091014514114,2.577004741340255,0.4041340047825156,6.376609517744166,1.8105129506659428e-10,9.72075498162231e-10,AHNAK2
ENSG00000007001,192.06697658730312,-2.6183461118684708,0.411197742303609,-6.367608190648107,1.9199861398938207e-10,1.0275505781408408e-09,UPP2
ENSG00000205869,18.289731747672523,2.613548935470538,0.410620523533771,6.364876536074042,1.9544688640513679e-10,1.044332803489119e-09,KRTAP5-1
ENSG00000254560,9.3778837710903,2.216886205599164,0.3485809732969904,6.359745297143284,2.0208856566556512e-10,1.0776060671562718e-09,BBOX1-AS1
ENSG00000101951,9.055440247645633,4.282214489973173,0.6747835579420857,6.346056360698553,2.2090433379934598e-10,1.1728586201924875e-09,PAGE4
ENSG00000189064,67.07812940660858,8.417447940377723,1.3268642552175909,6.34386517481199,2.240709439541206e-10,1.1894013142543095e-09,GAGE2A
ENSG00000152785,5.891936384391372,-2.3647652482829846,0.3729954596490079,-6.339930385501878,2.298690040533271e-10,1.219071777787232e-09,BMP3
ENSG00000126733,5.161939833691887,2.72467484628372,0.4301963125590045,6.333561601391019,2.3956559463852616e-10,1.2681959618418291e-09,DACH2
ENSG00000184999,1352.126161433832,-2.112639536855961,0.3336223116669762,-6.3324288063947325,2.413316535773477e-10,1.276678284064879e-09,SLC22A10
ENSG00000196611,38.04877732435596,3.1384937042656027,0.496131957154554,6.32592530879422,2.5171956043900873e-10,1.3273360708352354e-09,MMP1
ENSG00000166963,91.74571442435256,2.1075376854949117,0.3337422470785435,6.314866349536262,2.7039505324054513e-10,1.4198319821450216e-09,MAP1A
ENSG00000226985,45.142014570046776,-2.0550595061209096,0.3258989867462079,-6.305817414895113,2.8667683214815086e-10,1.5009102712475432e-09,LINC01203
ENSG00000249628,14.04559749223272,2.243493214827029,0.3557832474015472,6.305786546197209,2.8673398034477276e-10,1.5009102712475432e-09,LINC00942
ENSG00000275465,13.57924371967712,-2.0162617928453965,0.3199714292747329,-6.301380712070389,2.9500578025916785e-10,1.5404174592863204e-09,LOC158434
ENSG00000100253,33.71577888147918,2.019507325543553,0.3205649936790717,6.299837366413593,2.9795810750604144e-10,1.5540989986374194e-09,MIOX
ENSG00000145040,7.425055906984133,2.9729944738892544,0.4727355024887622,6.288917287230671,3.196877342497472e-10,1.6578264613842462e-09,UCN2
ENSG00000257883,7.686657029602824,2.547086007779876,0.4051820531704816,6.286275484931661,3.25172711279633e-10,1.6847763532590152e-09,LINC03088
ENSG00000138722,137.9161086168499,-2.042066880528739,0.3248487167493779,-6.286208857350056,3.2531222637477834e-10,1.685125976878917e-09,MMRN1
ENSG00000275719,5.725680853583363,2.3905743539105617,0.3808173772365267,6.277482323044753,3.4409937053763345e-10,1.777327572308867e-09,
ENSG00000145850,39.12171507918905,-2.007944738690812,0.3204837128775075,-6.265356578224214,3.7197322689537534e-10,1.9124329003875853e-09,TIMD4
ENSG00000178531,14.02351354219182,2.473809929199197,0.3950851685787945,6.261459872305553,3.8138996667900455e-10,1.9591250528155372e-09,CTXN1
ENSG00000258474,2.1812732838698325,3.4606035536248383,0.5529969281442532,6.2579073725380905,3.901774341198874e-10,2.001627350080379e-09,LINC02313
ENSG00000143184,53.03346458102176,2.0232537453978745,0.3233447710090272,6.257264464441854,3.9178871732476016e-10,2.008131784482496e-09,XCL1
ENSG00000171243,9.399555197386912,3.180737256840408,0.508368020768611,6.256761100022367,3.9305480240997855e-10,2.0141798450770273e-09,SOSTDC1
ENSG00000159307,400.7717238803457,2.032257376311128,0.3248875892914802,6.255263184238909,3.9684610159308144e-10,2.0313831191612594e-09,SCUBE1
ENSG00000279479,3.8415633788200023,4.87826500030768,0.7799115149827246,6.254895467745127,3.9778225396692975e-10,2.0357296580722793e-09,
ENSG00000122420,132.5182728725686,2.1359231433436943,0.3415231616355258,6.254109188714866,3.997912442117841e-10,2.0455635555219302e-09,PTGFR
ENSG00000177508,82.60463667313687,2.3796177151092635,0.3814364632444382,6.238569052545768,4.415916852137945e-10,2.2535240602544277e-09,IRX3
ENSG00000236449,15.062532434580852,2.2445237735990977,0.3598706978786093,6.237028429461669,4.459609668116536e-10,2.275324950190842e-09,
ENSG00000262576,37.45066822017583,2.4106849904867844,0.3868497474746066,6.2315795892952615,4.617552943575931e-10,2.3512933393354754e-09,PCDHGA4
ENSG00000137203,29.791709742353277,2.1874989510019995,0.3513454374531992,6.226063349103214,4.783007331644658e-10,2.4323671849818154e-09,TFAP2A
ENSG00000141934,559.0805942554834,2.146312481417668,0.344959134622924,6.221932588518953,4.910680369053472e-10,2.495124801765158e-09,PLPP2
ENSG00000224940,19.763268347184543,2.2587941773881623,0.3633173563780912,6.217138096308058,5.063041495452022e-10,2.569191533690004e-09,PRRT4
ENSG00000236267,14.163302044582665,-2.0519475616956373,0.3304595014309972,-6.209376800515756,5.319513420029976e-10,2.6865150568817184e-09,LNC-RHL1
ENSG00000184735,10.589656900472198,2.649748717616021,0.4268235184667024,6.208066338834454,5.364050851969334e-10,2.708423086123865e-09,DDX53
ENSG00000114923,89.11084159603178,2.086414608777779,0.3365973889079202,6.198546624342769,5.698692518827046e-10,2.868722059240824e-09,SLC4A3
ENSG00000186297,4.461818217507693,-3.815643887240612,0.6162050518081928,-6.1921658643400965,5.934305537669154e-10,2.977717920263718e-09,GABRA5
ENSG00000244411,7.091144295060501,2.10806930216534,0.3408385561258537,6.184949631657696,6.212230186920161e-10,3.1091720317206532e-09,KRTAP5-7
ENSG00000283061,2.841275292540162,4.367155817476956,0.7068466025358563,6.178364303951539,6.476912286958335e-10,3.2312733872641574e-09,
ENSG00000267978,7.561524347236562,5.381674392484586,0.8715688439129117,6.17469799439312,6.629006089371155e-10,3.3050370726483262e-09,MAGEA9B
ENSG00000228933,4.907141797310219,2.489480867348752,0.4033477449342957,6.172046078388964,6.741184628451901e-10,3.354531631852273e-09,
ENSG00000258793,29.11835313855826,2.16423894597255,0.350941486339909,6.166950988166579,6.961932448630597e-10,3.455558789960016e-09,BDKRB1-AS1
ENSG00000027644,6.7082161301390455,2.4467213297460706,0.3969052521105709,6.164497236394484,7.07074319898811e-10,3.506590961499446e-09,INSRR
ENSG00000229404,3.165156151983461,4.479844285996903,0.7267745998032784,6.164007777940363,7.092645676653444e-10,3.516707509833701e-09,LINC00858
ENSG00000233985,4.877149918660254,4.3941639740592775,0.7131208559670679,6.161878365063833,7.188706273549861e-10,3.5605633253684512e-09,LINC01681
ENSG00000253616,4.518446950592188,2.32788364405464,0.3781286901564254,6.156326416521408,7.445169384669906e-10,3.685248569944628e-09,CHILL1
ENSG00000225953,4.320318330644348,2.204170946061672,0.358757798409107,6.143896957323172,8.052108887815373e-10,3.974741152409054e-09,SATB2-AS1
ENSG00000156009,12.341559981393695,2.9395315186072177,0.4786200135436349,6.141681157132027,8.165263144322107e-10,4.028047252955021e-09,MAGEA8
ENSG00000225546,15.14650237146019,2.246888387665543,0.3658717364404575,6.141191471976969,8.19047835236342e-10,4.0387828856837586e-09,LINC02476
ENSG00000181449,11.299794806267151,2.81212362471314,0.4581488766387206,6.138012703086201,8.35601822871931e-10,4.114340863490441e-09,SOX2
ENSG00000248724,8.252971182791752,-2.1581190748057977,0.3517927348488449,-6.134632301980536,8.535638402317582e-10,4.196599183384094e-09,NPHP3-AS1
ENSG00000129354,119.70889489005496,2.3684543836442757,0.3868472533869589,6.122453663320021,9.214521837558908e-10,4.5142473161469214e-09,AP1M2
ENSG00000135423,2827.719226541263,-2.2601952504333496,0.369182356081783,-6.122164868390028,9.231243180153391e-10,4.52149228880503e-09,GLS2
ENSG00000273331,6.534849890944222,3.172899452527523,0.518291298913064,6.121845879299108,9.249747171527123e-10,4.5296071924541346e-09,TM4SF19-DYNLT2B
ENSG00000129654,27.84864986585857,2.7942014146035987,0.4565336863267824,6.120471497044222,9.329887160344283e-10,4.565029289728798e-09,FOXJ1
ENSG00000118094,224.50502037465063,-2.007669344441351,0.328645000078644,-6.108930134220572,1.0030122061545643e-09,4.881103502927756e-09,TREH
ENSG00000171864,19.68520633204788,2.094223301671248,0.3429825199716008,6.105918464429766,1.0221118003751875e-09,4.967849853766209e-09,PRND
ENSG00000272797,2.2648371415592936,3.7065507307368497,0.6070696308403878,6.105643475536309,1.0238733068637771e-09,4.975377704084824e-09,
ENSG00000172016,89.42279630829344,4.26633902572693,0.700169438613314,6.093295123215342,1.106098707095846e-09,5.354918678620266e-09,REG3A
ENSG00000105664,33.59094236858631,2.2977429807943963,0.3771184089885763,6.09289529767824,1.108865926854393e-09,5.3672047645157915e-09,COMP
ENSG00000169862,118.70449692691746,2.0435924817430977,0.3360193651054044,6.081769963174749,1.1886302272791615e-09,5.728638938615133e-09,CTNND2
ENSG00000261713,26.346388421447035,2.404006354943183,0.3952814879417095,6.081758008605987,1.1887188742110803e-09,5.728638938615133e-09,SSTR5-AS1
ENSG00000204936,8.77521837636159,3.440608505968923,0.5657285752865965,6.081730102153529,1.188925834522142e-09,5.728638938615133e-09,CD177
ENSG00000249196,27.149510588121128,4.407384030020964,0.7247253731351188,6.081454014718546,1.19097525271797e-09,5.737331978342561e-09,TMEM132D-AS1
ENSG00000145794,15.14130999108857,-2.032800993978909,0.3343744965290938,-6.079413995624621,1.206225581218727e-09,5.807210335758321e-09,MEGF10
ENSG00000256811,48.918543693728445,-2.195543168240984,0.3612792385104013,-6.077136281878467,1.223477788959271e-09,5.8866342898239895e-09,TIALD
ENSG00000104901,4.692925460561763,2.0137599162258044,0.3314839537701188,6.074984605807886,1.2399961616966987e-09,5.963657526844341e-09,DKKL1
ENSG00000230921,10.239075028841022,-2.464792006250411,0.4059801571841537,-6.071212995595681,1.2694767862528983e-09,6.096668129914608e-09,HAO2-IT1
ENSG00000269106,7.037199818067858,-2.1721737325410118,0.3579719074076419,-6.068000554209523,1.295124588836729e-09,6.2134638036623485e-09,
ENSG00000167880,77.07013832597768,2.022322394284385,0.3333167116994459,6.067269726661435,1.3010295886808939e-09,6.240513669881515e-09,EVPL
ENSG00000263585,30.61193024104544,3.827975103870715,0.6323165047496602,6.053890852313345,1.41388428852254e-09,6.743118279593841e-09,PYCR1-AS1
ENSG00000150893,252.30714864538768,-2.4590129521169173,0.4062528184151441,-6.052912966142394,1.422497321872364e-09,6.782812851724463e-09,FREM2
ENSG00000272573,65.57633074929853,2.2166474143561885,0.3665270484261549,6.047704866187472,1.469237812786595e-09,6.992854558396097e-09,MUSTN1
ENSG00000269405,17.25924762835409,4.7971892632543405,0.7955097972141262,6.030333353598018,1.6362181688087123e-09,7.726292212947558e-09,NXF2
ENSG00000254290,17.41595178789813,3.179884553513798,0.5278231343232498,6.02452667708644,1.6960522968883282e-09,7.994308156580429e-09,
ENSG00000278500,14.172333403777923,3.672244187430216,0.6107908870685549,6.012277303374444,1.829350430613727e-09,8.589721923594323e-09,
ENSG00000252316,9.169472546961664,2.575170462729607,0.4284833560165912,6.009966143538828,1.8556207459793551e-09,8.709577871327257e-09,RNY4
ENSG00000134028,22.61187977408944,2.434990775697516,0.4052663556617323,6.008371387557159,1.8739618435989366e-09,8.792135861875236e-09,ADAMDEC1
ENSG00000168955,17.45249186530251,2.1570253786444686,0.3598025162989351,5.995025829258917,2.034531023846913e-09,9.495966528501766e-09,TM4SF20
ENSG00000266524,20.076724450404694,2.7359654742824064,0.4565143517834524,5.993164209611117,2.057968560422917e-09,9.59961286819009e-09,GDF10
ENSG00000111700,2510.80672307787,-2.407250779376147,0.4019305292389518,-5.989221032635249,2.108484519950973e-09,9.813724308637709e-09,SLCO1B3
ENSG00000279780,8.540368860279148,2.3510931614614927,0.3925693515582938,5.988988065749121,2.111506550453966e-09,9.825835037750076e-09,
ENSG00000254584,36.95422854138029,-2.06072403913897,0.3441519055244256,-5.987832715901418,2.126556130927368e-09,9.889965719837757e-09,LINC03031
ENSG00000165449,137.96403634415717,2.1836891880380427,0.3649861482846521,5.982937156110886,2.1914933844515862e-09,1.0179084860351745e-08,SLC16A9
ENSG00000120057,259.205865609785,-2.4404407407364106,0.4079188144139655,-5.9826628596243046,2.195188385863504e-09,1.0192942022728257e-08,SFRP5
ENSG00000268649,5.98013239814261,2.480659138572352,0.414856250572705,5.979563126137853,2.2373684723183868e-09,1.0374382690375425e-08,
ENSG00000248771,33.6816670721026,2.1545276015393373,0.3606512491187305,5.973991790695399,2.3151745679562913e-09,1.0720284772011384e-08,SMIM31
ENSG00000267795,37.22946486311561,2.4077701051443827,0.4044191518954727,5.95365005306846,2.622272040815866e-09,1.205873989597121e-08,SMIM22
ENSG00000160868,30494.502070562765,-2.539396355561162,0.4267388223053157,-5.950703856384359,2.669917949505575e-09,1.2268196934351584e-08,CYP3A4
ENSG00000196109,24.007584491288053,2.346413856340713,0.3943436525102065,5.950175288494045,2.6785546904727912e-09,1.2305465411278476e-08,ZNF676
ENSG00000007350,16.174595144135957,2.828682513361302,0.4758547827338985,5.944423836847557,2.774309235596075e-09,1.2720387288964913e-08,TKTL1
ENSG00000132938,17.53321422168822,-2.1823597199164784,0.3672597929262904,-5.94227781518812,2.8108850527018333e-09,1.2877993348580884e-08,MTUS2
ENSG00000162009,5.620274067888479,3.899900586702676,0.6563190769216927,5.942080192144078,2.814276765362678e-09,1.2891007709443731e-08,SSTR5
ENSG00000104899,46.41335292281045,2.1564973616459158,0.3629236389851495,5.942014049225812,2.815412835488069e-09,1.2893686856024356e-08,AMH
ENSG00000255571,40.115509570740464,2.0518059675601563,0.3453179245214244,5.9417881953384,2.819295466730517e-09,1.2908940859899589e-08,MIR9-3HG
ENSG00000269994,6.871171924717846,2.53386652735726,0.4264878943695489,5.941239038221518,2.828757735624537e-09,1.2945094994979088e-08,LINC02893
ENSG00000122133,4.788759703788953,2.3125597878092576,0.3912914269504001,5.9100701638995945,3.419620433111704e-09,1.5490933538300176e-08,PAEP
ENSG00000271387,5.673261691791786,2.16009115430165,0.3655844930980042,5.908596220799176,3.4503525836852142e-09,1.5621075670630582e-08,C1orf21-DT
ENSG00000117600,9.29834379720745,2.556784442369344,0.4343953025271264,5.885847354920885,3.9601969835761506e-09,1.7771127572759813e-08,PLPPR4
ENSG00000186973,9.110875762630464,2.1583037864127084,0.3667562983169125,5.884844503877417,3.984284037786201e-09,1.786550824150519e-08,CFAP144
ENSG00000155966,16.648761362214252,2.292535846770049,0.3896060967406321,5.884240174753303,3.9988679556066e-09,1.7927466095344042e-08,AFF2
ENSG00000183729,29.735098041821445,-2.293944767401216,0.3909736140355793,-5.867262354928286,4.430493491130759e-09,1.9756487654979385e-08,
ENSG00000119888,808.5323612463858,2.317490894643353,0.3951532490962628,5.86479017936353,4.4970099532221286e-09,2.0037819778233383e-08,EPCAM
ENSG00000255794,26.78590315818916,2.7634173805193285,0.4712135963965318,5.864468686073057,4.505731153121522e-09,2.007285638258841e-08,RMST
ENSG00000229108,5.605846856658934,2.703436651037104,0.4610830497237974,5.8632314778358126,4.539446904950933e-09,2.021920819640464e-08,LINC02587
ENSG00000255974,26418.173662601028,-2.2332019521507225,0.3814088353252354,-5.855139538774512,4.766096773020237e-09,2.1180338489981465e-08,CYP2A6
ENSG00000235263,13.110252407276878,2.2230650449739597,0.3805839210615592,5.841195389372164,5.182757434405174e-09,2.294044364485151e-08,
ENSG00000147381,13.836554363243769,6.129692517882151,1.0497951558788274,5.838941514976537,5.253350535227931e-09,2.3226541120882057e-08,MAGEA4
ENSG00000259868,4.6611513506675815,3.0063731185704645,0.5151869359081218,5.835499522656025,5.362965026392402e-09,2.3675380423173707e-08,LOC102723670
ENSG00000212232,11.73949485171133,2.4502103018038457,0.4205516558225218,5.82618155910404,5.670991968976579e-09,2.4955138286356123e-08,SNORD17
ENSG00000183690,8.425589240819471,2.6573865854769654,0.4568488023813057,5.816774765798764,5.999389174059907e-09,2.6311156908283352e-08,EFHC2
ENSG00000250060,4.099907132193143,4.850894848882158,0.8361915421007171,5.80117664990431,6.585118128744541e-09,2.87291436750692e-08,
ENSG00000273983,4.1366377935016825,2.850292528602063,0.4913830914606549,5.800550686694287,6.609749027179171e-09,2.8820476979087116e-08,H3C8
ENSG00000211895,4156.888607075568,-2.158487151302961,0.372556048027849,-5.7937246294324325,6.884230156831203e-09,2.992248161626762e-08,IGHA1
ENSG00000129151,453.2378312773398,-2.1112197930334933,0.3646413713019595,-5.789852603656408,7.044821829969211e-09,3.058072315243454e-08,BBOX1
ENSG00000253363,2.763360218308252,3.3905464137542825,0.5864258628808756,5.7817136459464535,7.394349615907605e-09,3.20088861149013e-08,LOC124906685
ENSG00000157766,52.49890533326945,2.262989451689039,0.3916737820168639,5.777740445214696,7.571048212681925e-09,3.2701168914192817e-08,ACAN
ENSG00000133169,132.30460805929047,2.6526150322922915,0.4595108602999171,5.772692794596763,7.801460034632892e-09,3.3628073445765106e-08,BEX1
ENSG00000256969,17.408566301756014,-2.134728174645044,0.3699167791131991,-5.770833590632531,7.888034280746629e-09,3.3982465180387834e-08,LINC03141
ENSG00000139572,14.51005967115119,2.093320823945796,0.3627899170834706,5.770063404116507,7.924171190985717e-09,3.411929627659284e-08,GPR84
ENSG00000124731,28.37524144382316,2.321839531485907,0.4026967713552184,5.765726712116633,8.130672120826454e-09,3.4905636432830466e-08,TREM1
ENSG00000226702,2.8055143991257534,4.223964160374655,0.733057730111776,5.762116661303863,8.306554808304071e-09,3.5608436252640114e-08,MIR217HG
ENSG00000257842,4.617503388489989,5.083365784287583,0.8829111430109493,5.757505525360147,8.536597592405855e-09,3.6554389068121936e-08,NOVA1-DT
ENSG00000234602,2.6800682301489065,3.834135927086078,0.666112107692461,5.755991946112876,8.613449228362665e-09,3.684974722002337e-08,MCIDAS
ENSG00000154654,58.75529813064298,-2.0643498940925444,0.3587912798013757,-5.753623374668844,8.735064602687694e-09,3.7363204653624654e-08,NCAM2
ENSG00000163914,2.891378588625605,2.778594605666552,0.4830702531035786,5.751947232964422,8.822133820821603e-09,3.770116486490313e-08,RHO
ENSG00000123560,14.80119266569463,-2.852631043526147,0.4968728187924067,-5.741169441425965,9.40249508979259e-09,4.0049629940917353e-08,PLP1
ENSG00000187642,32.626320261527724,2.0508906757258663,0.3573405158860476,5.739317498438591,9.505885979868342e-09,4.047528043812525e-08,PERM1
ENSG00000140279,179.53495082305992,2.281118514873455,0.3977351382646859,5.7352702726391,9.73569700960663e-09,4.142363771293705e-08,DUOX2
ENSG00000166670,7.682993088710873,2.809833769686276,0.4904738436570247,5.728814708519131,1.0113478762698469e-08,4.293731555277773e-08,MMP10
ENSG00000196711,5.15316009946607,-2.166907470954864,0.378787263495825,-5.720645015770831,1.0612040857672365e-08,4.4939803002087186e-08,ALKAL1
ENSG00000203930,7.317010732797419,2.7561537401122616,0.4822544182210105,5.715144612421475,1.0961076942260592e-08,4.6295710761361553e-08,LINC00632
ENSG00000119147,15.562048922151844,-2.002765959275386,0.351009424984926,-5.7057327146169765,1.1584366317657332e-08,4.881878603295946e-08,ECRG4
ENSG00000183844,296.0057417624571,2.3906218322987374,0.4200768947813349,5.690914834873604,1.263605245973012e-08,5.3002541723232336e-08,FAM3B
ENSG00000278196,91.01122679063285,-2.2392487867359705,0.3936263732728491,-5.688767162925323,1.2795979811130631e-08,5.3629052711287904e-08,IGLV2-8
ENSG00000249835,12.740370248971892,2.8953008133436726,0.5093252199785914,5.684581677430722,1.3113324041141646e-08,5.488638205303749e-08,VCAN-AS1
ENSG00000257453,39.09530927072565,-2.391090781926058,0.4214472283907959,-5.673523565585933,1.3988984692024069e-08,5.832192459463893e-08,PHLDA1-AS1
ENSG00000248363,2.2452645724413056,3.709635696964344,0.6542820284910009,5.669780821460185,1.4298031404831316e-08,5.9525511417195046e-08,
ENSG00000224652,59.18500931915039,-2.4398604743869203,0.431425592184878,-5.655344788496857,1.5553372771782447e-08,6.459081293277238e-08,LINC00885
ENSG00000078399,8.987129237422677,2.495274980536501,0.4420184953128687,5.645182287610614,1.6500632287474917e-08,6.843959062072708e-08,HOXA9
ENSG00000144130,14.089710162882124,2.159893524380984,0.3827924933021664,5.642465727968233,1.6763191203284007e-08,6.949164129335863e-08,NT5DC4
ENSG00000118402,11.39788301447227,2.135188824636026,0.3793901049032759,5.627950747899406,1.823631394005632e-08,7.51456917385481e-08,ELOVL4
ENSG00000197472,19.249769669299315,2.0081392214554485,0.3574986428249045,5.617193971947451,1.940835028079974e-08,7.972248254938515e-08,ZNF695
ENSG00000215262,6.194892816837374,4.0665107929208855,0.7241435610428342,5.615614101525298,1.9586535459857684e-08,8.042615833113056e-08,KCNU1
ENSG00000065618,9.013682409160602,2.5540440322583904,0.4556754835022136,5.604962576938776,2.0829996529910718e-08,8.51732404866634e-08,COL17A1
ENSG00000131668,14.089784493682624,2.511873574525876,0.4483613594743045,5.602341775105245,2.11475050472192e-08,8.636584943603329e-08,BARX1
ENSG00000279778,9.598595291702852,2.1114286110657643,0.3778188276684147,5.588468483944421,2.2908094134247383e-08,9.313330658367205e-08,
ENSG00000152669,23.885953306871173,2.3053628225714964,0.4129629596534185,5.582492978320103,2.3709518522467025e-08,9.629110534654013e-08,CCNO
ENSG00000112852,27.6222699560484,2.04087703602073,0.3663339942047622,5.571082859648517,2.5316088247978773e-08,1.0249554385340384e-07,PCDHB2
ENSG00000273071,3.330950665752612,3.691666145932135,0.6627183814760744,5.570490043915301,2.5402383313095417e-08,1.0282712456190364e-07,
ENSG00000203877,6.185664212794145,4.442768724566826,0.7982807772263303,5.565421154200237,2.6152001227574614e-08,1.056604084139297e-07,RIPPLY2
ENSG00000159409,3.835640038548029,2.5116342688999844,0.4523249937346523,5.552720507797953,2.8125758194612313e-08,1.131268675114453e-07,CELF3
ENSG00000260932,6.419049528591679,-2.0529574835761,0.3697277991735537,-5.552618678295333,2.8142152749902273e-08,1.1317335040028603e-07,
ENSG00000237949,348.078825622547,-2.171419098995281,0.3913381431352299,-5.548702923765167,2.8779671637358893e-08,1.155583348116609e-07,LOC102724768
ENSG00000261787,2.7731424360720944,2.7419722045332597,0.4943155864448559,5.547007376914149,2.906004859683436e-08,1.165440968328041e-07,TCF24
ENSG00000255774,8.119337324190008,-2.207847200358714,0.398231741117536,-5.544126628788938,2.9542498991697013e-08,1.183774715506626e-07,LINC02747
ENSG00000231748,9.778361650920328,2.128403072712155,0.3844326982978873,5.536477729745321,3.0861506010872704e-08,1.2338800377924205e-07,
ENSG00000130675,22.94690345771366,3.4272497694008046,0.620405657961833,5.524207791173379,3.309755733661157e-08,1.3167020345887553e-07,MNX1
ENSG00000237378,2.7854984539777323,4.343730517830108,0.7865697120119453,5.522371954444314,3.3445352424723045e-08,1.329459862823358e-07,LOC112267897
ENSG00000241294,32.1946016807248,-2.118988017337309,0.3838177043628308,-5.520818850331578,3.3742350344851774e-08,1.3396721005042725e-07,IGKV2-24
ENSG00000205642,10.35871299355574,3.2293476983154776,0.5849841582192483,5.52040196805661,3.382250465402236e-08,1.3423987977121566e-07,VCX3B
ENSG00000257764,562.1603282715118,3.024289229950906,0.5478556123087497,5.52023044394138,3.385553734162568e-08,1.3434819084523317e-07,
ENSG00000199240,6.994793404054421,-2.02374895319663,0.3666274299789326,-5.519906007340804,3.3918104021626015e-08,1.345736443992363e-07,RNA5SP46
ENSG00000100146,12.672702473278044,-2.0490878156734578,0.3717881552829263,-5.511439206862645,3.5591136144671435e-08,1.408055890127345e-07,SOX10
ENSG00000160180,146.68923360155267,2.109781957799507,0.384184352878678,5.491587416278136,3.983370765883419e-08,1.5639978571049149e-07,TFF3
ENSG00000230061,7.041880810929364,2.2357898424727303,0.4074022633139194,5.487917087858607,4.0670086851766155e-08,1.5954978060093337e-07,TRPM2-AS
ENSG00000260220,196.73847829740745,2.7453649260394024,0.5005392942928677,5.484813994309661,4.139046931323682e-08,1.622126400811776e-07,CCDC187
ENSG00000134757,8.255391916842107,-2.260137274661205,0.4123122392193362,-5.481615774832452,4.2145877598448116e-08,1.6489689156388976e-07,DSG3
ENSG00000134827,8.469757610103034,-3.399190997387067,0.6203733916378837,-5.479266266421688,4.270932297440457e-08,1.669896694534926e-07,TCN1
ENSG00000275113,12.315894432135314,5.930757263752102,1.0835852500475298,5.473272419952153,4.4180014910662784e-08,1.7239417661470134e-07,GAGE12B
ENSG00000268104,8.712209561011711,2.2082733697528063,0.4035115158223856,5.472640267161114,4.433795649433597e-08,1.72952779101551e-07,SLC6A14
ENSG00000197273,8.536730605198214,2.9523198933906154,0.5396904670294246,5.47039474245457,4.4903432507437984e-08,1.7486698795513516e-07,GUCA2A
ENSG00000175294,5.813816400132546,2.334109718510085,0.4268870536694614,5.467745387091044,4.557959647637537e-08,1.7735254497203076e-07,CATSPER1
ENSG00000130540,18.943188797022096,2.453658847458248,0.449402042949812,5.4598302031579005,4.76590162897828e-08,1.848901107905289e-07,SULT4A1
ENSG00000275830,26.065081590883164,3.023793642986216,0.5540338732017768,5.4577775642338064,4.82131111306885e-08,1.8685376220679197e-07,LINC03082
ENSG00000130600,47300.68350148952,2.355037335344708,0.4315439062375099,5.457236914495,4.836009142982468e-08,1.8739235030940678e-07,H19
ENSG00000279579,7.227128373962994,3.094880756696943,0.5679883754110102,5.448845241696033,5.0697902145894e-08,1.961587867844688e-07,LINC01666
ENSG00000106541,114.71001997244268,3.139947367690952,0.5778135729109757,5.434187625382636,5.5046636463569564e-08,2.121426633924683e-07,AGR2
ENSG00000266602,3.321776098330127,3.558862112367912,0.6555362241703354,5.428932805158258,5.66920218020079e-08,2.1812441875236363e-07,
ENSG00000196604,8.094457165342945,2.0110608069343083,0.3704913236158804,5.428091506454129,5.6959836336712215e-08,2.191188047072371e-07,POTEF
ENSG00000171517,19.141453524093468,2.0310671993185654,0.3742075475926777,5.427648940767404,5.710121201799803e-08,2.1958396385088866e-07,LPAR3
ENSG00000172020,7.470211640307517,2.655752992318947,0.4893569714333698,5.427025969488106,5.730079381386207e-08,2.2021315421187374e-07,GAP43
ENSG00000128652,7.545588058607228,2.118830760614463,0.390631643913676,5.424114491560991,5.8242543201052466e-08,2.23538607563941e-07,HOXD3
ENSG00000021300,196.40973691404324,2.109643452531639,0.3889464395451652,5.423994766473915,5.828158891399847e-08,2.236517732062281e-07,PLEKHB1
ENSG00000163661,27.82704568132509,2.1340741179700915,0.3940604525132664,5.415600840833542,6.108323376969405e-08,2.336375786750295e-07,PTX3
ENSG00000120498,7.124450124499861,2.392633752319626,0.4428568190325596,5.402725326769136,6.563592771467246e-08,2.5051741834382973e-07,TEX11
ENSG00000103375,13.24338232155268,2.248793183301656,0.4166180293272701,5.3977337153000144,6.74879307961404e-08,2.5708274957077224e-07,AQP8
ENSG00000162670,4.737412915584804,4.026283356133763,0.7460073271674437,5.3971096656937405,6.772299744162133e-08,2.579361900279792e-07,BRINP3
ENSG00000231226,3.108417238526343,2.066225947736234,0.3831887273531291,5.39218875776608,6.9604593816902e-08,2.647577663672827e-07,TRIM31-AS1
ENSG00000163735,87.43230918741524,2.839891893876265,0.5272510645949536,5.386223157383164,7.195361814897557e-08,2.731155264252776e-07,CXCL5
ENSG00000187664,392.0282722081691,-2.1452469940610706,0.3984357308890823,-5.384173224811182,7.277838975691613e-08,2.76022190593959e-07,HAPLN4
ENSG00000101443,107.15110995935166,2.3552623698524005,0.4379471935504478,5.377959727880056,7.53346614189452e-08,2.8530091218607495e-07,WFDC2
ENSG00000106128,22.01854429965196,2.5193742412612723,0.469078134860577,5.370905301331302,7.834234406186422e-08,2.9597261864328e-07,GHRHR
ENSG00000103534,123.68798320246977,2.2610935635448497,0.4210138415907565,5.37059198576832,7.847858973744974e-08,2.9643947194060416e-07,TMC5
ENSG00000265185,12.228098666835168,2.281239496476018,0.4287221028163744,5.32102142970943,1.0318624558602744e-07,3.83818706152638e-07,SNORD3B-1
ENSG00000249345,6.140499922474801,2.1246711892901127,0.3997316031067833,5.315244460975315,1.0651423131698187e-07,3.9525498305808324e-07,LINC02405
ENSG00000124939,2.482553694229483,3.393301492990242,0.6395418801594803,5.305831562030099,1.1216049266004549e-07,4.149366348627276e-07,SCGB2A1
ENSG00000269985,19.238409412045684,-2.114906924613286,0.3986598727854656,-5.3050408856960605,1.1264774485734837e-07,4.164957634657737e-07,FARS2-AS1
ENSG00000241599,3.749303869329866,2.1461495833859296,0.4047100442263187,5.302931355431785,1.1395778155696053e-07,4.212062543785712e-07,
ENSG00000253199,6.267945633061149,-4.2134001025498975,0.7945585830477812,-5.302818687563686,1.1402816244455056e-07,4.21399811068779e-07,LINC02153
ENSG00000162949,25.57027539497267,2.4179290115817005,0.4560886506959357,5.301445251690073,1.1488950341322569e-07,4.243818337826604e-07,CAPN13
ENSG00000225746,52.24706152270857,2.0511238735589417,0.387078302726631,5.298989530310928,1.1644531040351897e-07,4.297893888086965e-07,MEG8
ENSG00000139515,72.08922417973132,2.3500998834334794,0.4441281244008822,5.29149079807478,1.2132329591559e-07,4.461744790682906e-07,PDX1
ENSG00000255082,7.6094853079530544,3.741301831361093,0.7074452642721722,5.288468267873964,1.233448812904356e-07,4.5303922248817094e-07,GRM5-AS1
ENSG00000110680,20.41381732354936,2.250310667998828,0.4262625559205762,5.2791657084187325,1.2977340459788076e-07,4.757544669735503e-07,CALCA
ENSG00000211685,19.95167149659053,-2.1103792997967186,0.399908542406625,-5.277154839195446,1.3120501915829937e-07,4.807767877772708e-07,IGLC7
ENSG00000205628,12.350493690864091,2.3770870548033023,0.4527506889520671,5.250322335909169,1.5183328451620129e-07,5.515273330260088e-07,LINC01446
ENSG00000181617,9.731340125325875,3.613058656065833,0.6901836880750583,5.234923279834033,1.6505340745932353e-07,5.968610852830352e-07,FDCSP
ENSG00000254054,7.7006927554694276,2.464441253454568,0.4708467136618509,5.234062768089025,1.6582409935369748e-07,5.994627037831935e-07,FGL1-AS1
ENSG00000226372,5.525224165036726,5.468509685734361,1.045132771372218,5.232358830882726,1.6736045990094705e-07,6.048297912039015e-07,DCAF8L1
ENSG00000223403,107.61800499636006,2.264321341835919,0.4351654931869873,5.20335683156513,1.957205456172604e-07,6.996471154683027e-07,MEG9
ENSG00000184478,4.417768923738169,4.706141326483764,0.904659667109405,5.202112460170755,1.9703592810412e-07,7.038114927683126e-07,OR56A3
ENSG00000267650,4.191883517138847,2.180947135117163,0.4194462437831253,5.199586758595034,1.9973208308058414e-07,7.127891105269419e-07,
ENSG00000149043,71.11273406594145,2.0300426420255824,0.3926230569599238,5.170462116372332,2.3351581107646165e-07,8.25629524802547e-07,SYT8
ENSG00000243063,7.0186010419740406,-2.3950346310185107,0.4671804610091378,-5.126572771997125,2.950640378832104e-07,1.031753817369498e-06,IGKV3-7
ENSG00000277559,9.513063562207687,2.3059330968185603,0.4500892999878558,5.123279084574502,3.0026740258565576e-07,1.048851030115909e-06,
ENSG00000106633,40.16646768564901,-2.0376432917922336,0.3978694304242383,-5.121386907306613,3.0329661746239765e-07,1.058483928434711e-06,GCK
ENSG00000285006,3.794771865255143,-2.3696420938638507,0.4628124604052024,-5.12009139034238,3.053876250929122e-07,1.0653046098715322e-06,
ENSG00000174899,4.578503977718577,3.75435713788328,0.7333826082477123,5.119233938276299,3.067792291481311e-07,1.0695210890405708e-06,SLC66A1LP
ENSG00000171033,34.26758128640125,2.0493026487921973,0.4009786520155565,5.110752501389254,3.208781278092315e-07,1.1168430358341542e-06,PKIA
ENSG00000104371,7.58248981137781,2.236239711530359,0.438698096959089,5.09744566258946,3.442671881986573e-07,1.1941640470835097e-06,DKK4
ENSG00000189229,7.250748707335795,2.0165543719958707,0.3959831709562684,5.092525440225275,3.5332528672086665e-07,1.224131876815941e-06,LOC105376944
ENSG00000279444,7.900085484984417,-2.0606359532299137,0.4048145863002584,-5.090320415731024,3.574589712866368e-07,1.2369878277083277e-06,
ENSG00000177414,6.901084215532149,3.287836554124128,0.6466468808224002,5.084438898000535,3.687144389734058e-07,1.2734883908024337e-06,UBE2U
ENSG00000168079,58.68239122447217,-2.0540361026285803,0.4049207660933109,-5.072686497276959,3.922384083694791e-07,1.3511460884976037e-06,SCARA5
ENSG00000171873,10.077729085229493,2.465016751521322,0.4860040190732134,5.07200898507381,3.936377979956034e-07,1.3553678258038193e-06,ADRA1D
ENSG00000240801,9443.265773520565,2.4321772883389072,0.4816640401183714,5.0495305560722095,4.428970935878405e-07,1.5162727513976808e-06,
ENSG00000267284,6.38723428064925,2.01257539229993,0.3991581645289143,5.042049921927984,4.605710865694672e-07,1.5735562185073093e-06,LOC105372126
ENSG00000084628,2.828598841126589,3.172635481781691,0.6297881666438291,5.037623203828703,4.7134816284784244e-07,1.6075590572240236e-06,NKAIN1
ENSG00000107317,2635.602536321185,2.2757467321711675,0.4535864412921234,5.017228305344157,5.242225906455162e-07,1.7754653341494948e-06,PTGDS
ENSG00000268009,4.724031772534241,4.633569365730294,0.9251233513598702,5.00859626872379,5.482844933475017e-07,1.8524002242747125e-06,SSX4
ENSG00000261728,2.3690579120136075,2.2399811432975256,0.448491880255539,4.994474241141763,5.899626478890426e-07,1.985754852096169e-06,
ENSG00000255501,2.9029205984517863,4.719946562844736,0.9458173744927024,4.990336073469069,6.027433290551567e-07,2.025858433417713e-06,CARD18
ENSG00000198739,8.334814849067184,-2.7290038461426467,0.5486686372259839,-4.97386520931874,6.563095180794923e-07,2.1939194850576687e-06,LRRTM3
ENSG00000265408,8.361902043254343,-2.0947119258836966,0.4217048475961797,-4.967246494376492,6.791024611095339e-07,2.266225944755396e-06,
ENSG00000129951,6.359214215165885,2.10211888851324,0.4233010489701114,4.966013889234813,6.834306228148793e-07,2.278719007911697e-06,PLPPR3
ENSG00000188219,4.425166671327299,3.389324100877124,0.6826088796842176,4.965250528890077,6.861243965237617e-07,2.2873746626593077e-06,POTEE
ENSG00000149452,2.9092744424941275,4.01290710329905,0.8090830288132711,4.959821131318271,7.055811741972743e-07,2.347889104978213e-06,SLC22A8
ENSG00000156920,48.85432121445904,2.963297642736299,0.5980823074303254,4.954665279212449,7.245490655172355e-07,2.4068980814604788e-06,ADGRG4
ENSG00000171951,6.1086709185349966,2.2333546202697327,0.4524614598425244,4.936010729061949,7.973672266751876e-07,2.6342058372564134e-06,SCG2
ENSG00000228842,3.8285344029258295,-2.648060273544786,0.5371860506432636,-4.929503047172979,8.243904988124225e-07,2.716575142797436e-06,PCDH9-AS2
ENSG00000172818,17.105893001855183,2.4604918862700207,0.5018889687608368,4.902462575228486,9.464264995649832e-07,3.0964692453599518e-06,OVOL1
ENSG00000224271,3.5175531135538183,4.74984682416577,0.9717675079005936,4.887842807614897,1.0194687696429796e-06,3.322434233527197e-06,EPIC1
ENSG00000197888,53.42828252733556,-2.145920263373215,0.4397807935662852,-4.879522468390323,1.0634300866339393e-06,3.4565541220824984e-06,UGT2B17
ENSG00000257869,3.300646203796039,2.3311238815718966,0.4778453672725178,4.878406365803363,1.069464123683362e-06,3.4747186451840125e-06,
ENSG00000171551,9.541101109155786,2.352215580404347,0.4829762851953558,4.870250677945637,1.1145675669643984e-06,3.6142333093981386e-06,ECEL1
ENSG00000236882,808.4320854501442,-2.062660914746546,0.4269712779514455,-4.830912572487154,1.3590867720344888e-06,4.361195728148532e-06,LINC01554
ENSG00000110244,1250.5521440711173,2.4317527710691995,0.5034359738949735,4.830311891014191,1.3631934802808876e-06,4.372574397944714e-06,APOA4
ENSG00000279322,104.52245507979217,2.386272883014376,0.4947936268345483,4.822763984008044,1.4158246332024597e-06,4.529512794152196e-06,
ENSG00000066032,18.8932789317344,2.0895676957029945,0.4350284058813509,4.803290239104295,1.560793870622585e-06,4.966220214291911e-06,CTNNA2
ENSG00000279750,2.357458889490795,3.673513774742336,0.7653371593853499,4.799863340873939,1.587739354473642e-06,5.049209722566871e-06,
ENSG00000249803,1.91570752661794,3.3772013197859496,0.7052579567518132,4.788604350300748,1.6794522696108566e-06,5.324942659664782e-06,CTB-1I21.1
ENSG00000185105,2.906819783022789,2.02746720927986,0.4246080056157459,4.774915174620237,1.7978301796258782e-06,5.6802595072917565e-06,MYADML2
ENSG00000257046,53.12573283172343,-2.1202486313081037,0.4444854391202861,-4.770119434068399,1.8411672112255596e-06,5.804639430215568e-06,SLCO1B3-SLCO1B7
ENSG00000251258,8.843311177793776,4.537880942024525,0.9521955111118682,4.765702935026119,1.8819636848425364e-06,5.9268681313302985e-06,RFPL4B
ENSG00000275793,6.45504579925783,2.0405393948407022,0.4336402278907386,4.70560447024496,2.531148441120528e-06,7.81982081919597e-06,RIMBP3
ENSG00000162344,150.79170399150428,2.8749301813019064,0.6155545269449997,4.670471997940133,3.0050844733968923e-06,9.182071719719632e-06,FGF19
ENSG00000123610,7.356091414581009,2.2204813788371958,0.4760344556043444,4.664539200252232,3.0930936701362967e-06,9.432504266131976e-06,TNFAIP6
ENSG00000261761,3.9194203940341943,4.903947898185297,1.0513870554296727,4.664265051447861,3.097219682602989e-06,9.443855583307054e-06,LINC02616
ENSG00000138798,16.693703778673918,3.1582468493625258,0.6787906738995604,4.652755217184741,3.2752897232521027e-06,9.958260007283136e-06,EGF
ENSG00000267396,30.158501663711785,3.146217289080908,0.6766875505022929,4.649438705862887,3.328395760220019e-06,1.0113152619668386e-05,NEDD4L-AS1
ENSG00000267286,3.504868935018816,-2.3654123659737274,0.5109455195162511,-4.629480591616174,3.665840814169456e-06,1.1083755223712822e-05,
ENSG00000124143,17.953876732084815,2.542684094378437,0.5523858565214752,4.603094131320476,4.162599727621758e-06,1.2458507603410414e-05,ARHGAP40
ENSG00000269978,4.25688506033215,2.15854912040853,0.4707761811860846,4.585085666335605,4.53800335727359e-06,1.3514641952476269e-05,
ENSG00000273079,941.7228220111704,-2.635309135766394,0.5753443391969997,-4.580403344968093,4.640800533123629e-06,1.3794440517326691e-05,GRIN2B
ENSG00000122592,7.69948913661433,2.784771719804506,0.6084576393554139,4.576771725234036,4.722062412965101e-06,1.4018173353615812e-05,HOXA7
ENSG00000254101,9.661393136845955,2.36949328112258,0.5181523814268123,4.572966112010942,4.8086793661861255e-06,1.4255409506170576e-05,LINC02055
ENSG00000109205,3.360386961288756,2.517241615258088,0.5517890418199975,4.561963765998914,5.067739424712514e-06,1.4962719722617677e-05,ODAM
ENSG00000189377,7.913598304074919,2.235657225060024,0.4900772640026866,4.56184644600809,5.070572548757151e-06,1.496919530957547e-05,CXCL17
ENSG00000237327,9.413631661829683,-2.1599728871549875,0.4741984379927015,-4.554997895603005,5.238610276740767e-06,1.5453570013089127e-05,
ENSG00000234965,4.8486357573263215,2.2859361547358232,0.5038356541610559,4.53706706910643,5.704196992217577e-06,1.674677211834159e-05,SHISA8
ENSG00000124664,5.780918720434653,2.1006893223511023,0.4635021956641573,4.532210077971694,5.8369757245419535e-06,1.7093687171283164e-05,SPDEF
ENSG00000158525,4.265583487059797,2.565723952359618,0.5661849881861237,4.531600105787651,5.853858530490433e-06,1.71324049297839e-05,CPA5
ENSG00000282740,13.189901831098396,2.1425850852145865,0.4741349283730904,4.518935343081526,6.215136960116174e-06,1.8137562239021663e-05,LOC124903859
ENSG00000250421,3.786587910288107,2.083399709638689,0.4612802894791,4.516559144530899,6.285256791502992e-06,1.8324301982477777e-05,
ENSG00000068985,4.247995309055196,5.267792270496226,1.1665515933910997,4.515695919786156,6.310916850670088e-06,1.8391837285128363e-05,PAGE1
ENSG00000165164,11.730018733839293,2.1772041731279685,0.4850206736213012,4.488889425830754,7.159544587072229e-06,2.0685327623304435e-05,CFAP47
ENSG00000117983,998.9125348727504,2.2850210225872907,0.5100761525531666,4.4797644648739325,7.472545167636271e-06,2.154100420289776e-05,MUC5B
ENSG00000167157,3.969275488946443,2.8495155414973783,0.6362671344582338,4.478489280958496,7.517314445430333e-06,2.166472056448833e-05,PRRX2
ENSG00000185897,5.749346959830741,2.363147702307393,0.5278853864138258,4.476630274540027,7.583040362782656e-06,2.184606689736141e-05,FFAR3
ENSG00000282815,8.287401618705784,3.168904980499101,0.7154397470154267,4.42931077525215,9.453471590718564e-06,2.691966657598045e-05,TEX13C
ENSG00000239819,5.898954773498629,-2.0136190083448757,0.4622951088708687,-4.355700438326144,1.3264207586165133e-05,3.6882159522543785e-05,IGKV1D-8
ENSG00000261026,3.513484961642439,-2.07292858159062,0.4763659910736564,-4.351546123010491,1.3518087635832347e-05,3.7561304675736566e-05,
ENSG00000279082,10.698384515762848,-2.0447739648006533,0.4713040004734543,-4.338545742761679,1.4342863472977912e-05,3.970681718619791e-05,LINC01727
ENSG00000253147,3.694440852379223,-3.764419714401042,0.8686270929422796,-4.333758116673421,1.4658522978885952e-05,4.05327219911441e-05,LINC03023
ENSG00000109061,3.7006431135113655,3.1752914917244244,0.732786295143659,4.333175323785121,1.469739711475805e-05,4.0635410791340864e-05,MYH1
ENSG00000223343,14.744192524320932,2.10797312953866,0.4911632748108279,4.291797122556748,1.7723284488480797e-05,4.838380138161177e-05,LOC124909376
ENSG00000283932,327.36713947716873,-2.636465334262158,0.618135068652631,-4.2651929456274775,1.997295229548713e-05,5.415244240244906e-05,
ENSG00000196427,3.846803870546904,3.255604096354729,0.787070652866692,4.1363555920895685,3.5286524332894425e-05,9.199349868710567e-05,NBPF4
ENSG00000169059,12.014702908753122,2.9869870469498423,0.7270265905063953,4.108497661508252,3.982412364825541e-05,0.0001028830176149,VCX3A
ENSG00000152467,5.363482308823312,2.0008644608846247,0.4882338297061617,4.098168416737577,4.164322476267261e-05,0.0001073099754211,ZSCAN1
ENSG00000229131,3.9441233570226233,4.9772880976633695,1.2151224637192612,4.096120552679791,4.201312111091599e-05,0.0001082273914929,
ENSG00000281655,31.00500415599081,-2.0228347262429667,0.4975867872617633,-4.065290273028939,4.797271710817543e-05,0.0001224869866089,
ENSG00000227751,28.05657938241397,2.2601578525498702,0.5575951401690121,4.053403069231909,5.047792035642075e-05,0.0001284767697636,RCC2-AS1
ENSG00000134121,57.9647685785457,2.312764886809645,0.5748456024686922,4.023280124049666,5.739316510848421e-05,0.0001447545349199,CHL1
ENSG00000204382,2.590475573451228,4.035102820424914,1.003963003989716,4.019174814599291,5.840232735035281e-05,0.00014709363089,XAGE1B
ENSG00000146352,13.154102386801702,3.057016666188642,0.7692117074541961,3.974220148450714,7.061023015742071e-05,0.0001758153394435,CLVS2
ENSG00000165556,3.0810528420865206,2.216211562021428,0.5590139440365003,3.964501396903835,7.3549516158112e-05,0.0001826479651259,CDX2
ENSG00000224659,4.775863250370764,5.01155893790997,1.2653209719650067,3.960701710434124,7.47298363957338e-05,0.0001854216231231,GAGE12J
ENSG00000253161,3.048209786607855,2.755974792762286,0.7043709652944543,3.912675179065881,9.127927718762224e-05,0.0002237786765091,LINC01605
ENSG00000176884,15.088492347097173,2.0922836346978397,0.5368951224073293,3.8970062259393647,9.738911643692356e-05,0.0002375128858224,GRIN1
ENSG00000163873,6.038197643730529,-2.1570571486824006,0.5586573118854983,-3.861145469307861,0.0001128566823296,0.000272198821501,GRIK3
ENSG00000243073,14.367276200659886,2.346714194958861,0.6103178911002879,3.845068658774166,0.0001205186889273,0.0002892976212726,PRAMEF4
ENSG00000200336,4.388292667794079,-2.2776233634915304,0.5941466758787911,-3.8334361799175936,0.000126365596543,0.0003021948885638,RNA5SP333
ENSG00000196350,3.670996046015581,2.0178575656866817,0.5352374653778386,3.770023020085527,0.0001632324904858,0.0003835758563471,ZNF729
ENSG00000283689,2.768580952782948,2.0971843235228373,0.5567884937022308,3.766572670311694,0.0001655039254137,0.000388406232665,
ENSG00000141744,13.10973627553765,2.102367317368228,0.5595761146403362,3.7570712229550938,0.0001719135798303,0.0004020770218928,PNMT
ENSG00000221857,14.255550881641858,-2.340888472977904,0.6277856534478146,-3.728802116011548,0.0001923921541314,0.0004463581931565,
ENSG00000152910,37.626584447945774,2.0352935419774405,0.5484429306392636,3.71103979698509,0.0002064096467882,0.0004768458292827,CNTNAP4
ENSG00000281371,3.780189142490887,3.47628367381734,0.9386999834616314,3.7032957654882392,0.0002128165222585,0.0004907261611822,INE2
ENSG00000260877,6.986505156959262,-2.070412875949148,0.5592517323403029,-3.7021125840506257,0.0002138116964491,0.0004927780310378,
ENSG00000164651,18.80769480128736,2.519916417402466,0.6819445074058725,3.6951927760049967,0.0002197200158829,0.0005051508925356,SP8
ENSG00000258399,5.682407648197953,2.4806674494288323,0.6861832651888282,3.615167514681645,0.0003001534738912,0.0006753380989456,MIR493HG
ENSG00000274274,14.78433989011979,4.960947899868109,1.375584132601299,3.606430012017299,0.0003104385382036,0.000696559194748,GAGE13
ENSG00000176194,3.703001130883631,-2.2861499554716613,0.6431017796337646,-3.5548804681796784,0.0003781509608442,0.0008378561685006,CIDEA
ENSG00000255120,3.207256384829267,2.0125969658592857,0.5752003587815522,3.498949427157126,0.0004670951664879,0.0010186219101008,OVOL1-AS1
ENSG00000270299,26.838101214068647,2.384611684324968,0.6872940120756362,3.469565633379246,0.0005213006819505,0.0011279980439245,
ENSG00000254369,2.574519820297157,2.158551662844946,0.6398294309926937,3.3736360946947355,0.000741823658589,0.0015649274817722,HOXA-AS3
ENSG00000242515,106.27550251750148,2.446277305684681,0.7467993519680478,3.2756821484083805,0.0010540711813225,0.0021707797468684,UGT1A10
ENSG00000157703,3.712631832996897,2.2992208467014854,0.718237296446553,3.201199461621915,0.0013685675945908,0.0027565784174498,SVOPL
ENSG00000120251,5.3938830723797055,2.1912789212230623,0.6963410891603884,3.1468470772925263,0.0016504125473886,0.0032777061483202,GRIA2
ENSG00000261065,9.924148774455851,-2.394933233414864,0.7730286871026908,-3.0981168918724946,0.0019475459479565,0.0038207767830046,
ENSG00000272410,4.415319099819828,2.0449651701988114,0.6604035695559821,3.096538638599016,0.0019579434323116,0.0038392431443475,
ENSG00000285304,8.298891218507334,2.2500925882272287,0.72935084055642,3.08506203476867,0.0020350970151593,0.0039808532883705,
ENSG00000257767,442.4137053236836,-2.3708597087297094,0.772542422538885,-3.068905524874752,0.0021484452143649,0.0041802028528353,
ENSG00000196353,5.343370023869813,2.061663042823316,0.6896923446725184,2.989250292175188,0.0027966293669736,0.0053331336742165,CPNE4
ENSG00000228843,5.783794871847138,2.872818831034552,1.0116286192489947,2.839795925472387,0.0045142402843455,0.0082772866414559,
ENSG00000278050,41.29792055512536,-2.0746139835826947,0.7327872947620555,-2.831127120259837,0.0046384282064835,0.0084737798542967,
ENSG00000267601,27.56944674646141,2.8766063919702667,1.0893968058271046,2.6405496845442427,0.00827716551295,0.0143929036530469,
ENSG00000228170,7.864598563749296,2.8297502062055444,1.1305228428867578,2.5030455810869405,0.0123129685272841,0.0206849028911136,
ENSG00000227198,20.424324609089084,2.156014572296215,0.9161476267576856,2.353348422597034,0.0186051915799597,0.0301573757365575,C6orf47-AS1
ENSG00000256500,5.779309843104117,3.006297329741189,1.3393760407512876,2.244550625270917,0.0247969954835071,0.0391361567498099,
ENSG00000262526,108.2735862593694,-2.612246665456021,1.1804777964644892,-2.212872341419428,0.0269064480518252,0.0421469491948806,
